
/Users/andreykislitsyn/Documents/GitHub/open-lcc-rp2040-bianca/build/bootloader.elf:     file format elf32-littlearm

Sections:
Idx Name          Size      VMA       LMA       File off  Algn
  0 .boot2        00000100  10000000  10000000  00001000  2**0
                  CONTENTS, ALLOC, LOAD, READONLY, CODE
  1 .flashtext    000001d8  10000100  10000100  00001100  2**3
                  CONTENTS, ALLOC, LOAD, READONLY, CODE
  2 .rodata       00000000  100002d8  100002d8  00006fe0  2**0
                  CONTENTS, ALLOC, LOAD, DATA
  3 .binary_info  0000001c  100002d8  100002d8  000012d8  2**2
                  CONTENTS, ALLOC, LOAD, READONLY, DATA
  4 .ram_vector_table 000000c0  20000000  20000000  00006fe0  2**2
                  CONTENTS
  5 .text         00003ba4  200000c0  100002f4  000020c0  2**2
                  CONTENTS, ALLOC, LOAD, READONLY, CODE
  6 .data         00001370  20003c70  10003e98  00005c70  2**4
                  CONTENTS, ALLOC, LOAD, CODE
  7 .uninitialized_data 00000000  20004fe0  20004fe0  000070a0  2**0
                  CONTENTS
  8 .scratch_x    00000000  20040000  20040000  000070a0  2**0
                  CONTENTS
  9 .scratch_y    00000000  20041000  20041000  000070a0  2**0
                  CONTENTS
 10 .bss          000004d8  20004fe0  20004fe0  00006fe0  2**3
                  ALLOC
 11 .heap         00000800  200054b8  200054b8  000070a0  2**2
                  CONTENTS, READONLY
 12 .stack_dummy  00000800  20041000  20041000  000078a0  2**5
                  CONTENTS, READONLY
 13 .ARM.attributes 00000028  00000000  00000000  000080a0  2**0
                  CONTENTS, READONLY
 14 .comment      00000076  00000000  00000000  000080c8  2**0
                  CONTENTS, READONLY
 15 .debug_frame  00000054  00000000  00000000  00008140  2**2
                  CONTENTS, READONLY, DEBUGGING

/Users/andreykislitsyn/Documents/GitHub/open-lcc-rp2040-bianca/build/bootloader.elf:     file format elf32-littlearm


Disassembly of section .boot2:

10000000 <__boot2_start__>:
10000000:	4b32b500 	.word	0x4b32b500
10000004:	60582021 	.word	0x60582021
10000008:	21026898 	.word	0x21026898
1000000c:	60984388 	.word	0x60984388
10000010:	611860d8 	.word	0x611860d8
10000014:	4b2e6158 	.word	0x4b2e6158
10000018:	60992100 	.word	0x60992100
1000001c:	61592102 	.word	0x61592102
10000020:	22f02101 	.word	0x22f02101
10000024:	492b5099 	.word	0x492b5099
10000028:	21016019 	.word	0x21016019
1000002c:	20356099 	.word	0x20356099
10000030:	f844f000 	.word	0xf844f000
10000034:	42902202 	.word	0x42902202
10000038:	2106d014 	.word	0x2106d014
1000003c:	f0006619 	.word	0xf0006619
10000040:	6e19f834 	.word	0x6e19f834
10000044:	66192101 	.word	0x66192101
10000048:	66182000 	.word	0x66182000
1000004c:	f000661a 	.word	0xf000661a
10000050:	6e19f82c 	.word	0x6e19f82c
10000054:	6e196e19 	.word	0x6e196e19
10000058:	f0002005 	.word	0xf0002005
1000005c:	2101f82f 	.word	0x2101f82f
10000060:	d1f94208 	.word	0xd1f94208
10000064:	60992100 	.word	0x60992100
10000068:	6019491b 	.word	0x6019491b
1000006c:	60592100 	.word	0x60592100
10000070:	481b491a 	.word	0x481b491a
10000074:	21016001 	.word	0x21016001
10000078:	21eb6099 	.word	0x21eb6099
1000007c:	21a06619 	.word	0x21a06619
10000080:	f0006619 	.word	0xf0006619
10000084:	2100f812 	.word	0x2100f812
10000088:	49166099 	.word	0x49166099
1000008c:	60014814 	.word	0x60014814
10000090:	60992101 	.word	0x60992101
10000094:	2800bc01 	.word	0x2800bc01
10000098:	4700d000 	.word	0x4700d000
1000009c:	49134812 	.word	0x49134812
100000a0:	c8036008 	.word	0xc8036008
100000a4:	8808f380 	.word	0x8808f380
100000a8:	b5034708 	.word	0xb5034708
100000ac:	20046a99 	.word	0x20046a99
100000b0:	d0fb4201 	.word	0xd0fb4201
100000b4:	42012001 	.word	0x42012001
100000b8:	bd03d1f8 	.word	0xbd03d1f8
100000bc:	6618b502 	.word	0x6618b502
100000c0:	f7ff6618 	.word	0xf7ff6618
100000c4:	6e18fff2 	.word	0x6e18fff2
100000c8:	bd026e18 	.word	0xbd026e18
100000cc:	40020000 	.word	0x40020000
100000d0:	18000000 	.word	0x18000000
100000d4:	00070000 	.word	0x00070000
100000d8:	005f0300 	.word	0x005f0300
100000dc:	00002221 	.word	0x00002221
100000e0:	180000f4 	.word	0x180000f4
100000e4:	a0002022 	.word	0xa0002022
100000e8:	10000100 	.word	0x10000100
100000ec:	e000ed08 	.word	0xe000ed08
	...
100000fc:	7a4eb274 	.word	0x7a4eb274

Disassembly of section .flashtext:

10000100 <__VECTOR_TABLE>:
10000100:	20042000 	.word	0x20042000
10000104:	100001f7 	.word	0x100001f7
10000108:	100001c3 	.word	0x100001c3
1000010c:	100001c5 	.word	0x100001c5
10000110:	100001c1 	.word	0x100001c1
10000114:	100001c1 	.word	0x100001c1
10000118:	100001c1 	.word	0x100001c1
1000011c:	100001c1 	.word	0x100001c1
10000120:	100001c1 	.word	0x100001c1
10000124:	100001c1 	.word	0x100001c1
10000128:	100001c1 	.word	0x100001c1
1000012c:	100001c7 	.word	0x100001c7
10000130:	100001c1 	.word	0x100001c1
10000134:	100001c1 	.word	0x100001c1
10000138:	100001c9 	.word	0x100001c9
1000013c:	100001cb 	.word	0x100001cb
10000140:	100001cd 	.word	0x100001cd
10000144:	100001cd 	.word	0x100001cd
10000148:	100001cd 	.word	0x100001cd
1000014c:	100001cd 	.word	0x100001cd
10000150:	100001cd 	.word	0x100001cd
10000154:	100001cd 	.word	0x100001cd
10000158:	100001cd 	.word	0x100001cd
1000015c:	100001cd 	.word	0x100001cd
10000160:	100001cd 	.word	0x100001cd
10000164:	100001cd 	.word	0x100001cd
10000168:	100001cd 	.word	0x100001cd
1000016c:	100001cd 	.word	0x100001cd
10000170:	100001cd 	.word	0x100001cd
10000174:	100001cd 	.word	0x100001cd
10000178:	100001cd 	.word	0x100001cd
1000017c:	100001cd 	.word	0x100001cd
10000180:	100001cd 	.word	0x100001cd
10000184:	100001cd 	.word	0x100001cd
10000188:	100001cd 	.word	0x100001cd
1000018c:	100001cd 	.word	0x100001cd
10000190:	100001cd 	.word	0x100001cd
10000194:	100001cd 	.word	0x100001cd
10000198:	100001cd 	.word	0x100001cd
1000019c:	100001cd 	.word	0x100001cd
100001a0:	100001cd 	.word	0x100001cd
100001a4:	100001cd 	.word	0x100001cd
100001a8:	100001cd 	.word	0x100001cd
100001ac:	100001cd 	.word	0x100001cd
100001b0:	100001cd 	.word	0x100001cd
100001b4:	100001cd 	.word	0x100001cd
100001b8:	100001cd 	.word	0x100001cd
100001bc:	100001cd 	.word	0x100001cd

100001c0 <isr_invalid>:
100001c0:	be00      	bkpt	0x0000

100001c2 <NMI_Handler>:
100001c2:	be00      	bkpt	0x0000

100001c4 <HardFault_Handler>:
100001c4:	be00      	bkpt	0x0000

100001c6 <SVC_Handler>:
100001c6:	be00      	bkpt	0x0000

100001c8 <PendSV_Handler>:
100001c8:	be00      	bkpt	0x0000

100001ca <SysTick_Handler>:
100001ca:	be00      	bkpt	0x0000

100001cc <__unhandled_user_irq>:
100001cc:	f3ef 8005 	mrs	r0, IPSR
100001d0:	3810      	subs	r0, #16

100001d2 <unhandled_user_irq_num_in_r0>:
100001d2:	be00      	bkpt	0x0000

100001d4 <binary_info_header>:
100001d4:	7188ebf2 	.word	0x7188ebf2
100001d8:	100002d8 	.word	0x100002d8
100001dc:	100002f4 	.word	0x100002f4
100001e0:	10000234 	.word	0x10000234
100001e4:	e71aa390 	.word	0xe71aa390

100001e8 <_entry_point>:
100001e8:	2000      	movs	r0, #0
100001ea:	4922      	ldr	r1, [pc, #136]	; (10000274 <hold_non_core0_in_bootrom+0xa>)
100001ec:	6008      	str	r0, [r1, #0]
100001ee:	c806      	ldmia	r0!, {r1, r2}
100001f0:	f381 8808 	msr	MSP, r1
100001f4:	4710      	bx	r2

100001f6 <_reset_handler>:
100001f6:	4820      	ldr	r0, [pc, #128]	; (10000278 <hold_non_core0_in_bootrom+0xe>)
100001f8:	6800      	ldr	r0, [r0, #0]
100001fa:	2800      	cmp	r0, #0
100001fc:	d135      	bne.n	1000026a <hold_non_core0_in_bootrom>
100001fe:	a40d      	add	r4, pc, #52	; (adr r4, 10000234 <data_cpy_table>)
10000200:	cc0e      	ldmia	r4!, {r1, r2, r3}
10000202:	2900      	cmp	r1, #0
10000204:	d002      	beq.n	1000020c <_reset_handler+0x16>
10000206:	f000 f812 	bl	1000022e <data_cpy>
1000020a:	e7f9      	b.n	10000200 <_reset_handler+0xa>
1000020c:	491b      	ldr	r1, [pc, #108]	; (1000027c <hold_non_core0_in_bootrom+0x12>)
1000020e:	4a1c      	ldr	r2, [pc, #112]	; (10000280 <hold_non_core0_in_bootrom+0x16>)
10000210:	2000      	movs	r0, #0
10000212:	e000      	b.n	10000216 <bss_fill_test>

10000214 <bss_fill_loop>:
10000214:	c101      	stmia	r1!, {r0}

10000216 <bss_fill_test>:
10000216:	4291      	cmp	r1, r2
10000218:	d1fc      	bne.n	10000214 <bss_fill_loop>

1000021a <platform_entry>:
1000021a:	491a      	ldr	r1, [pc, #104]	; (10000284 <hold_non_core0_in_bootrom+0x1a>)
1000021c:	4788      	blx	r1
1000021e:	491a      	ldr	r1, [pc, #104]	; (10000288 <hold_non_core0_in_bootrom+0x1e>)
10000220:	4788      	blx	r1
10000222:	491a      	ldr	r1, [pc, #104]	; (1000028c <hold_non_core0_in_bootrom+0x22>)
10000224:	4788      	blx	r1
10000226:	be00      	bkpt	0x0000
10000228:	e7fd      	b.n	10000226 <platform_entry+0xc>

1000022a <data_cpy_loop>:
1000022a:	c901      	ldmia	r1!, {r0}
1000022c:	c201      	stmia	r2!, {r0}

1000022e <data_cpy>:
1000022e:	429a      	cmp	r2, r3
10000230:	d3fb      	bcc.n	1000022a <data_cpy_loop>
10000232:	4770      	bx	lr

10000234 <data_cpy_table>:
10000234:	100002f4 	.word	0x100002f4
10000238:	200000c0 	.word	0x200000c0
1000023c:	20003c64 	.word	0x20003c64
10000240:	10003e98 	.word	0x10003e98
10000244:	20003c70 	.word	0x20003c70
10000248:	20004fe0 	.word	0x20004fe0
1000024c:	10005208 	.word	0x10005208
10000250:	20040000 	.word	0x20040000
10000254:	20040000 	.word	0x20040000
10000258:	10005208 	.word	0x10005208
1000025c:	20041000 	.word	0x20041000
10000260:	20041000 	.word	0x20041000
10000264:	00000000 	.word	0x00000000
10000268:	4770      	bx	lr

1000026a <hold_non_core0_in_bootrom>:
1000026a:	4809      	ldr	r0, [pc, #36]	; (10000290 <hold_non_core0_in_bootrom+0x26>)
1000026c:	f000 f814 	bl	10000298 <__rom_func_lookup_veneer>
10000270:	4700      	bx	r0
10000272:	0000      	.short	0x0000
10000274:	e000ed08 	.word	0xe000ed08
10000278:	d0000000 	.word	0xd0000000
1000027c:	20004fe0 	.word	0x20004fe0
10000280:	200054b8 	.word	0x200054b8
10000284:	20002095 	.word	0x20002095
10000288:	20000569 	.word	0x20000569
1000028c:	2000205d 	.word	0x2000205d
10000290:	00005657 	.word	0x00005657
10000294:	00000000 	.word	0x00000000

10000298 <__rom_func_lookup_veneer>:
10000298:	b401      	push	{r0}
1000029a:	4802      	ldr	r0, [pc, #8]	; (100002a4 <__rom_func_lookup_veneer+0xc>)
1000029c:	4684      	mov	ip, r0
1000029e:	bc01      	pop	{r0}
100002a0:	4760      	bx	ip
100002a2:	bf00      	nop
100002a4:	2000304d 	.word	0x2000304d

100002a8 <__bi_50>:
100002a8:	50520006 5360b3ab 20004d35              ..RP..`S5M. 

100002b4 <__bi_38>:
100002b4:	50520006 02031c86 20004d57              ..RP....WM. 

100002c0 <__bi_30>:
100002c0:	50520006 9da22254 20004d62              ..RPT"..bM. 

100002cc <__bi_22>:
100002cc:	50520005 68f465de 10005208              ..RP.e.h.R..

Disassembly of section .text:

200000c0 <_init>:
200000c0:	b5f8      	push	{r3, r4, r5, r6, r7, lr}
200000c2:	46c0      	nop			; (mov r8, r8)

200000c4 <__do_global_dtors_aux>:
200000c4:	b510      	push	{r4, lr}
200000c6:	4c06      	ldr	r4, [pc, #24]	; (200000e0 <__do_global_dtors_aux+0x1c>)
200000c8:	7823      	ldrb	r3, [r4, #0]
200000ca:	2b00      	cmp	r3, #0
200000cc:	d107      	bne.n	200000de <__do_global_dtors_aux+0x1a>
200000ce:	4b05      	ldr	r3, [pc, #20]	; (200000e4 <__do_global_dtors_aux+0x20>)
200000d0:	2b00      	cmp	r3, #0
200000d2:	d002      	beq.n	200000da <__do_global_dtors_aux+0x16>
200000d4:	4804      	ldr	r0, [pc, #16]	; (200000e8 <__do_global_dtors_aux+0x24>)
200000d6:	e000      	b.n	200000da <__do_global_dtors_aux+0x16>
200000d8:	bf00      	nop
200000da:	2301      	movs	r3, #1
200000dc:	7023      	strb	r3, [r4, #0]
200000de:	bd10      	pop	{r4, pc}
200000e0:	200050e0 	.word	0x200050e0
200000e4:	00000000 	.word	0x00000000
200000e8:	20003c64 	.word	0x20003c64

200000ec <frame_dummy>:
200000ec:	4b04      	ldr	r3, [pc, #16]	; (20000100 <frame_dummy+0x14>)
200000ee:	b510      	push	{r4, lr}
200000f0:	2b00      	cmp	r3, #0
200000f2:	d003      	beq.n	200000fc <frame_dummy+0x10>
200000f4:	4903      	ldr	r1, [pc, #12]	; (20000104 <frame_dummy+0x18>)
200000f6:	4804      	ldr	r0, [pc, #16]	; (20000108 <frame_dummy+0x1c>)
200000f8:	e000      	b.n	200000fc <frame_dummy+0x10>
200000fa:	bf00      	nop
200000fc:	bd10      	pop	{r4, pc}
200000fe:	46c0      	nop			; (mov r8, r8)
20000100:	00000000 	.word	0x00000000
20000104:	200050e4 	.word	0x200050e4
20000108:	20003c64 	.word	0x20003c64

2000010c <handle_sync>:
2000010c:	4800      	ldr	r0, [pc, #0]	; (20000110 <handle_sync+0x4>)
2000010e:	4770      	bx	lr
20000110:	4f434950 	.word	0x4f434950

20000114 <size_read>:
20000114:	6843      	ldr	r3, [r0, #4]
20000116:	2080      	movs	r0, #128	; 0x80
20000118:	00c0      	lsls	r0, r0, #3
2000011a:	4283      	cmp	r3, r0
2000011c:	d804      	bhi.n	20000128 <size_read+0x14>
2000011e:	2000      	movs	r0, #0
20000120:	6008      	str	r0, [r1, #0]
20000122:	4802      	ldr	r0, [pc, #8]	; (2000012c <size_read+0x18>)
20000124:	6013      	str	r3, [r2, #0]
20000126:	4770      	bx	lr
20000128:	4801      	ldr	r0, [pc, #4]	; (20000130 <size_read+0x1c>)
2000012a:	e7fc      	b.n	20000126 <size_read+0x12>
2000012c:	4b4f4b4f 	.word	0x4b4f4b4f
20000130:	21525245 	.word	0x21525245

20000134 <size_csum>:
20000134:	6803      	ldr	r3, [r0, #0]
20000136:	6840      	ldr	r0, [r0, #4]
20000138:	4303      	orrs	r3, r0
2000013a:	2003      	movs	r0, #3
2000013c:	4003      	ands	r3, r0
2000013e:	d103      	bne.n	20000148 <size_csum+0x14>
20000140:	4802      	ldr	r0, [pc, #8]	; (2000014c <size_csum+0x18>)
20000142:	600b      	str	r3, [r1, #0]
20000144:	6013      	str	r3, [r2, #0]
20000146:	4770      	bx	lr
20000148:	4801      	ldr	r0, [pc, #4]	; (20000150 <size_csum+0x1c>)
2000014a:	e7fc      	b.n	20000146 <size_csum+0x12>
2000014c:	4b4f4b4f 	.word	0x4b4f4b4f
20000150:	21525245 	.word	0x21525245

20000154 <size_crc>:
20000154:	b510      	push	{r4, lr}
20000156:	f7ff ffed 	bl	20000134 <size_csum>
2000015a:	bd10      	pop	{r4, pc}

2000015c <size_write>:
2000015c:	b530      	push	{r4, r5, lr}
2000015e:	6803      	ldr	r3, [r0, #0]
20000160:	4c0a      	ldr	r4, [pc, #40]	; (2000018c <size_write+0x30>)
20000162:	42a3      	cmp	r3, r4
20000164:	d910      	bls.n	20000188 <size_write+0x2c>
20000166:	6840      	ldr	r0, [r0, #4]
20000168:	4c09      	ldr	r4, [pc, #36]	; (20000190 <size_write+0x34>)
2000016a:	181d      	adds	r5, r3, r0
2000016c:	42a5      	cmp	r5, r4
2000016e:	d80b      	bhi.n	20000188 <size_write+0x2c>
20000170:	4303      	orrs	r3, r0
20000172:	b2db      	uxtb	r3, r3
20000174:	2b00      	cmp	r3, #0
20000176:	d107      	bne.n	20000188 <size_write+0x2c>
20000178:	2480      	movs	r4, #128	; 0x80
2000017a:	00e4      	lsls	r4, r4, #3
2000017c:	42a0      	cmp	r0, r4
2000017e:	d803      	bhi.n	20000188 <size_write+0x2c>
20000180:	6008      	str	r0, [r1, #0]
20000182:	4804      	ldr	r0, [pc, #16]	; (20000194 <size_write+0x38>)
20000184:	6013      	str	r3, [r2, #0]
20000186:	bd30      	pop	{r4, r5, pc}
20000188:	4803      	ldr	r0, [pc, #12]	; (20000198 <size_write+0x3c>)
2000018a:	e7fc      	b.n	20000186 <size_write+0x2a>
2000018c:	10006fff 	.word	0x10006fff
20000190:	10ffffff 	.word	0x10ffffff
20000194:	4b4f4b4f 	.word	0x4b4f4b4f
20000198:	21525245 	.word	0x21525245

2000019c <handle_info>:
2000019c:	4b07      	ldr	r3, [pc, #28]	; (200001bc <handle_info+0x20>)
2000019e:	4808      	ldr	r0, [pc, #32]	; (200001c0 <handle_info+0x24>)
200001a0:	6013      	str	r3, [r2, #0]
200001a2:	4b08      	ldr	r3, [pc, #32]	; (200001c4 <handle_info+0x28>)
200001a4:	6053      	str	r3, [r2, #4]
200001a6:	2380      	movs	r3, #128	; 0x80
200001a8:	015b      	lsls	r3, r3, #5
200001aa:	6093      	str	r3, [r2, #8]
200001ac:	2380      	movs	r3, #128	; 0x80
200001ae:	005b      	lsls	r3, r3, #1
200001b0:	60d3      	str	r3, [r2, #12]
200001b2:	2380      	movs	r3, #128	; 0x80
200001b4:	00db      	lsls	r3, r3, #3
200001b6:	6113      	str	r3, [r2, #16]
200001b8:	4770      	bx	lr
200001ba:	46c0      	nop			; (mov r8, r8)
200001bc:	10007000 	.word	0x10007000
200001c0:	4b4f4b4f 	.word	0x4b4f4b4f
200001c4:	00ff9000 	.word	0x00ff9000

200001c8 <size_reboot>:
200001c8:	2300      	movs	r3, #0
200001ca:	4802      	ldr	r0, [pc, #8]	; (200001d4 <size_reboot+0xc>)
200001cc:	600b      	str	r3, [r1, #0]
200001ce:	6013      	str	r3, [r2, #0]
200001d0:	4770      	bx	lr
200001d2:	46c0      	nop			; (mov r8, r8)
200001d4:	4b4f4b4f 	.word	0x4b4f4b4f

200001d8 <handle_reboot>:
200001d8:	2180      	movs	r1, #128	; 0x80
200001da:	4b0a      	ldr	r3, [pc, #40]	; (20000204 <handle_reboot+0x2c>)
200001dc:	6802      	ldr	r2, [r0, #0]
200001de:	05c9      	lsls	r1, r1, #23
200001e0:	b510      	push	{r4, lr}
200001e2:	6019      	str	r1, [r3, #0]
200001e4:	4b08      	ldr	r3, [pc, #32]	; (20000208 <handle_reboot+0x30>)
200001e6:	2a00      	cmp	r2, #0
200001e8:	d009      	beq.n	200001fe <handle_reboot+0x26>
200001ea:	4a08      	ldr	r2, [pc, #32]	; (2000020c <handle_reboot+0x34>)
200001ec:	621a      	str	r2, [r3, #32]
200001ee:	4a08      	ldr	r2, [pc, #32]	; (20000210 <handle_reboot+0x38>)
200001f0:	625a      	str	r2, [r3, #36]	; 0x24
200001f2:	2200      	movs	r2, #0
200001f4:	0011      	movs	r1, r2
200001f6:	0010      	movs	r0, r2
200001f8:	f001 fefa 	bl	20001ff0 <watchdog_reboot>
200001fc:	e7fe      	b.n	200001fc <handle_reboot+0x24>
200001fe:	621a      	str	r2, [r3, #32]
20000200:	e7f6      	b.n	200001f0 <handle_reboot+0x18>
20000202:	46c0      	nop			; (mov r8, r8)
20000204:	4005b000 	.word	0x4005b000
20000208:	40058000 	.word	0x40058000
2000020c:	b105f00d 	.word	0xb105f00d
20000210:	4efa0ff2 	.word	0x4efa0ff2

20000214 <handle_erase>:
20000214:	6803      	ldr	r3, [r0, #0]
20000216:	4a0b      	ldr	r2, [pc, #44]	; (20000244 <handle_erase+0x30>)
20000218:	b510      	push	{r4, lr}
2000021a:	4293      	cmp	r3, r2
2000021c:	d90f      	bls.n	2000023e <handle_erase+0x2a>
2000021e:	6841      	ldr	r1, [r0, #4]
20000220:	4a09      	ldr	r2, [pc, #36]	; (20000248 <handle_erase+0x34>)
20000222:	1858      	adds	r0, r3, r1
20000224:	4290      	cmp	r0, r2
20000226:	d80a      	bhi.n	2000023e <handle_erase+0x2a>
20000228:	001a      	movs	r2, r3
2000022a:	430a      	orrs	r2, r1
2000022c:	0512      	lsls	r2, r2, #20
2000022e:	d106      	bne.n	2000023e <handle_erase+0x2a>
20000230:	22f0      	movs	r2, #240	; 0xf0
20000232:	0612      	lsls	r2, r2, #24
20000234:	1898      	adds	r0, r3, r2
20000236:	f003 fdd5 	bl	20003de4 <flash_range_erase>
2000023a:	4804      	ldr	r0, [pc, #16]	; (2000024c <handle_erase+0x38>)
2000023c:	bd10      	pop	{r4, pc}
2000023e:	4804      	ldr	r0, [pc, #16]	; (20000250 <handle_erase+0x3c>)
20000240:	e7fc      	b.n	2000023c <handle_erase+0x28>
20000242:	46c0      	nop			; (mov r8, r8)
20000244:	10005fff 	.word	0x10005fff
20000248:	10ffffff 	.word	0x10ffffff
2000024c:	4b4f4b4f 	.word	0x4b4f4b4f
20000250:	21525245 	.word	0x21525245

20000254 <handle_read>:
20000254:	b510      	push	{r4, lr}
20000256:	c806      	ldmia	r0!, {r1, r2}
20000258:	0018      	movs	r0, r3
2000025a:	f003 fb3d 	bl	200038d8 <__wrap___aeabi_memcpy>
2000025e:	4801      	ldr	r0, [pc, #4]	; (20000264 <handle_read+0x10>)
20000260:	bd10      	pop	{r4, pc}
20000262:	46c0      	nop			; (mov r8, r8)
20000264:	4b4f4b4f 	.word	0x4b4f4b4f

20000268 <uart_read_blocking.constprop.14>:
20000268:	2210      	movs	r2, #16
2000026a:	b510      	push	{r4, lr}
2000026c:	4b05      	ldr	r3, [pc, #20]	; (20000284 <uart_read_blocking.constprop.14+0x1c>)
2000026e:	1841      	adds	r1, r0, r1
20000270:	4288      	cmp	r0, r1
20000272:	d100      	bne.n	20000276 <uart_read_blocking.constprop.14+0xe>
20000274:	bd10      	pop	{r4, pc}
20000276:	699c      	ldr	r4, [r3, #24]
20000278:	4214      	tst	r4, r2
2000027a:	d1fc      	bne.n	20000276 <uart_read_blocking.constprop.14+0xe>
2000027c:	681c      	ldr	r4, [r3, #0]
2000027e:	7004      	strb	r4, [r0, #0]
20000280:	3001      	adds	r0, #1
20000282:	e7f5      	b.n	20000270 <uart_read_blocking.constprop.14+0x8>
20000284:	40034000 	.word	0x40034000

20000288 <uart_write_blocking.constprop.15>:
20000288:	2220      	movs	r2, #32
2000028a:	b510      	push	{r4, lr}
2000028c:	4b05      	ldr	r3, [pc, #20]	; (200002a4 <uart_write_blocking.constprop.15+0x1c>)
2000028e:	1841      	adds	r1, r0, r1
20000290:	4288      	cmp	r0, r1
20000292:	d100      	bne.n	20000296 <uart_write_blocking.constprop.15+0xe>
20000294:	bd10      	pop	{r4, pc}
20000296:	699c      	ldr	r4, [r3, #24]
20000298:	4214      	tst	r4, r2
2000029a:	d1fc      	bne.n	20000296 <uart_write_blocking.constprop.15+0xe>
2000029c:	7804      	ldrb	r4, [r0, #0]
2000029e:	3001      	adds	r0, #1
200002a0:	601c      	str	r4, [r3, #0]
200002a2:	e7f5      	b.n	20000290 <uart_write_blocking.constprop.15+0x8>
200002a4:	40034000 	.word	0x40034000

200002a8 <dma_channel_get_default_config>:
200002a8:	b510      	push	{r4, lr}
200002aa:	280c      	cmp	r0, #12
200002ac:	d905      	bls.n	200002ba <dma_channel_get_default_config+0x12>
200002ae:	4b05      	ldr	r3, [pc, #20]	; (200002c4 <dma_channel_get_default_config+0x1c>)
200002b0:	4a05      	ldr	r2, [pc, #20]	; (200002c8 <dma_channel_get_default_config+0x20>)
200002b2:	21c3      	movs	r1, #195	; 0xc3
200002b4:	4805      	ldr	r0, [pc, #20]	; (200002cc <dma_channel_get_default_config+0x24>)
200002b6:	f001 fed5 	bl	20002064 <__assert_func>
200002ba:	4b05      	ldr	r3, [pc, #20]	; (200002d0 <dma_channel_get_default_config+0x28>)
200002bc:	02c0      	lsls	r0, r0, #11
200002be:	4318      	orrs	r0, r3
200002c0:	bd10      	pop	{r4, pc}
200002c2:	46c0      	nop			; (mov r8, r8)
200002c4:	2000402c 	.word	0x2000402c
200002c8:	20003f34 	.word	0x20003f34
200002cc:	20004049 	.word	0x20004049
200002d0:	001f8019 	.word	0x001f8019

200002d4 <calc_crc32>:
200002d4:	b5f0      	push	{r4, r5, r6, r7, lr}
200002d6:	0006      	movs	r6, r0
200002d8:	b085      	sub	sp, #20
200002da:	2001      	movs	r0, #1
200002dc:	9101      	str	r1, [sp, #4]
200002de:	f003 fc3b 	bl	20003b58 <dma_claim_unused_channel>
200002e2:	0004      	movs	r4, r0
200002e4:	f7ff ffe0 	bl	200002a8 <dma_channel_get_default_config>
200002e8:	232c      	movs	r3, #44	; 0x2c
200002ea:	4398      	bics	r0, r3
200002ec:	4b20      	ldr	r3, [pc, #128]	; (20000370 <calc_crc32+0x9c>)
200002ee:	22a0      	movs	r2, #160	; 0xa0
200002f0:	4303      	orrs	r3, r0
200002f2:	9300      	str	r3, [sp, #0]
200002f4:	2101      	movs	r1, #1
200002f6:	2387      	movs	r3, #135	; 0x87
200002f8:	05d2      	lsls	r2, r2, #23
200002fa:	00db      	lsls	r3, r3, #3
200002fc:	4249      	negs	r1, r1
200002fe:	50d1      	str	r1, [r2, r3]
20000300:	4b1c      	ldr	r3, [pc, #112]	; (20000374 <calc_crc32+0xa0>)
20000302:	01a1      	lsls	r1, r4, #6
20000304:	18c8      	adds	r0, r1, r3
20000306:	2380      	movs	r3, #128	; 0x80
20000308:	2780      	movs	r7, #128	; 0x80
2000030a:	019b      	lsls	r3, r3, #6
2000030c:	4303      	orrs	r3, r0
2000030e:	043f      	lsls	r7, r7, #16
20000310:	601f      	str	r7, [r3, #0]
20000312:	271e      	movs	r7, #30
20000314:	4b18      	ldr	r3, [pc, #96]	; (20000378 <calc_crc32+0xa4>)
20000316:	1889      	adds	r1, r1, r2
20000318:	681b      	ldr	r3, [r3, #0]
2000031a:	469c      	mov	ip, r3
2000031c:	0063      	lsls	r3, r4, #1
2000031e:	401f      	ands	r7, r3
20000320:	2321      	movs	r3, #33	; 0x21
20000322:	433b      	orrs	r3, r7
20000324:	4667      	mov	r7, ip
20000326:	407b      	eors	r3, r7
20000328:	05db      	lsls	r3, r3, #23
2000032a:	4f14      	ldr	r7, [pc, #80]	; (2000037c <calc_crc32+0xa8>)
2000032c:	0ddb      	lsrs	r3, r3, #23
2000032e:	603b      	str	r3, [r7, #0]
20000330:	4b13      	ldr	r3, [pc, #76]	; (20000380 <calc_crc32+0xac>)
20000332:	58d7      	ldr	r7, [r2, r3]
20000334:	46bc      	mov	ip, r7
20000336:	2780      	movs	r7, #128	; 0x80
20000338:	4665      	mov	r5, ip
2000033a:	00ff      	lsls	r7, r7, #3
2000033c:	432f      	orrs	r7, r5
2000033e:	9d01      	ldr	r5, [sp, #4]
20000340:	50d7      	str	r7, [r2, r3]
20000342:	08ad      	lsrs	r5, r5, #2
20000344:	600e      	str	r6, [r1, #0]
20000346:	ae03      	add	r6, sp, #12
20000348:	604e      	str	r6, [r1, #4]
2000034a:	608d      	str	r5, [r1, #8]
2000034c:	9d00      	ldr	r5, [sp, #0]
2000034e:	60cd      	str	r5, [r1, #12]
20000350:	2580      	movs	r5, #128	; 0x80
20000352:	046d      	lsls	r5, r5, #17
20000354:	6801      	ldr	r1, [r0, #0]
20000356:	4029      	ands	r1, r5
20000358:	d1fc      	bne.n	20000354 <calc_crc32+0x80>
2000035a:	2087      	movs	r0, #135	; 0x87
2000035c:	00c0      	lsls	r0, r0, #3
2000035e:	5815      	ldr	r5, [r2, r0]
20000360:	0020      	movs	r0, r4
20000362:	50d1      	str	r1, [r2, r3]
20000364:	f003 fbf0 	bl	20003b48 <dma_channel_unclaim>
20000368:	43e8      	mvns	r0, r5
2000036a:	b005      	add	sp, #20
2000036c:	bdf0      	pop	{r4, r5, r6, r7, pc}
2000036e:	46c0      	nop			; (mov r8, r8)
20000370:	00800018 	.word	0x00800018
20000374:	50000010 	.word	0x50000010
20000378:	50000434 	.word	0x50000434
2000037c:	50001434 	.word	0x50001434
20000380:	00000434 	.word	0x00000434

20000384 <image_header_ok>:
20000384:	b570      	push	{r4, r5, r6, lr}
20000386:	6805      	ldr	r5, [r0, #0]
20000388:	0004      	movs	r4, r0
2000038a:	6841      	ldr	r1, [r0, #4]
2000038c:	0028      	movs	r0, r5
2000038e:	f7ff ffa1 	bl	200002d4 <calc_crc32>
20000392:	68a2      	ldr	r2, [r4, #8]
20000394:	0003      	movs	r3, r0
20000396:	2000      	movs	r0, #0
20000398:	429a      	cmp	r2, r3
2000039a:	d10d      	bne.n	200003b8 <image_header_ok+0x34>
2000039c:	4b07      	ldr	r3, [pc, #28]	; (200003bc <image_header_ok+0x38>)
2000039e:	682a      	ldr	r2, [r5, #0]
200003a0:	429a      	cmp	r2, r3
200003a2:	d909      	bls.n	200003b8 <image_header_ok+0x34>
200003a4:	686a      	ldr	r2, [r5, #4]
200003a6:	6823      	ldr	r3, [r4, #0]
200003a8:	429a      	cmp	r2, r3
200003aa:	d305      	bcc.n	200003b8 <image_header_ok+0x34>
200003ac:	6861      	ldr	r1, [r4, #4]
200003ae:	185b      	adds	r3, r3, r1
200003b0:	429a      	cmp	r2, r3
200003b2:	d801      	bhi.n	200003b8 <image_header_ok+0x34>
200003b4:	3001      	adds	r0, #1
200003b6:	4010      	ands	r0, r2
200003b8:	bd70      	pop	{r4, r5, r6, pc}
200003ba:	46c0      	nop			; (mov r8, r8)
200003bc:	1fffffff 	.word	0x1fffffff

200003c0 <handle_seal>:
200003c0:	b510      	push	{r4, lr}
200003c2:	0004      	movs	r4, r0
200003c4:	b0c2      	sub	sp, #264	; 0x108
200003c6:	22f4      	movs	r2, #244	; 0xf4
200003c8:	2100      	movs	r1, #0
200003ca:	a805      	add	r0, sp, #20
200003cc:	f003 fa7e 	bl	200038cc <__wrap_memset>
200003d0:	68a1      	ldr	r1, [r4, #8]
200003d2:	6823      	ldr	r3, [r4, #0]
200003d4:	9101      	str	r1, [sp, #4]
200003d6:	9104      	str	r1, [sp, #16]
200003d8:	2103      	movs	r1, #3
200003da:	6862      	ldr	r2, [r4, #4]
200003dc:	9302      	str	r3, [sp, #8]
200003de:	9203      	str	r2, [sp, #12]
200003e0:	b2db      	uxtb	r3, r3
200003e2:	400a      	ands	r2, r1
200003e4:	4313      	orrs	r3, r2
200003e6:	d119      	bne.n	2000041c <handle_seal+0x5c>
200003e8:	a802      	add	r0, sp, #8
200003ea:	f7ff ffcb 	bl	20000384 <image_header_ok>
200003ee:	2800      	cmp	r0, #0
200003f0:	d014      	beq.n	2000041c <handle_seal+0x5c>
200003f2:	2180      	movs	r1, #128	; 0x80
200003f4:	20c0      	movs	r0, #192	; 0xc0
200003f6:	0149      	lsls	r1, r1, #5
200003f8:	01c0      	lsls	r0, r0, #7
200003fa:	f003 fcf3 	bl	20003de4 <flash_range_erase>
200003fe:	2280      	movs	r2, #128	; 0x80
20000400:	20c0      	movs	r0, #192	; 0xc0
20000402:	0052      	lsls	r2, r2, #1
20000404:	a902      	add	r1, sp, #8
20000406:	01c0      	lsls	r0, r0, #7
20000408:	f003 fd40 	bl	20003e8c <flash_range_program>
2000040c:	2280      	movs	r2, #128	; 0x80
2000040e:	4906      	ldr	r1, [pc, #24]	; (20000428 <handle_seal+0x68>)
20000410:	0052      	lsls	r2, r2, #1
20000412:	a802      	add	r0, sp, #8
20000414:	f003 fbc8 	bl	20003ba8 <memcmp>
20000418:	2800      	cmp	r0, #0
2000041a:	d002      	beq.n	20000422 <handle_seal+0x62>
2000041c:	4803      	ldr	r0, [pc, #12]	; (2000042c <handle_seal+0x6c>)
2000041e:	b042      	add	sp, #264	; 0x108
20000420:	bd10      	pop	{r4, pc}
20000422:	4803      	ldr	r0, [pc, #12]	; (20000430 <handle_seal+0x70>)
20000424:	e7fb      	b.n	2000041e <handle_seal+0x5e>
20000426:	46c0      	nop			; (mov r8, r8)
20000428:	10006000 	.word	0x10006000
2000042c:	21525245 	.word	0x21525245
20000430:	4b4f4b4f 	.word	0x4b4f4b4f

20000434 <handle_write>:
20000434:	23f0      	movs	r3, #240	; 0xf0
20000436:	061b      	lsls	r3, r3, #24
20000438:	b570      	push	{r4, r5, r6, lr}
2000043a:	c830      	ldmia	r0!, {r4, r5}
2000043c:	0016      	movs	r6, r2
2000043e:	18e0      	adds	r0, r4, r3
20000440:	002a      	movs	r2, r5
20000442:	f003 fd23 	bl	20003e8c <flash_range_program>
20000446:	0029      	movs	r1, r5
20000448:	0020      	movs	r0, r4
2000044a:	f7ff ff43 	bl	200002d4 <calc_crc32>
2000044e:	6030      	str	r0, [r6, #0]
20000450:	4800      	ldr	r0, [pc, #0]	; (20000454 <handle_write+0x20>)
20000452:	bd70      	pop	{r4, r5, r6, pc}
20000454:	4b4f4b4f 	.word	0x4b4f4b4f

20000458 <handle_crc>:
20000458:	b510      	push	{r4, lr}
2000045a:	6841      	ldr	r1, [r0, #4]
2000045c:	6800      	ldr	r0, [r0, #0]
2000045e:	0014      	movs	r4, r2
20000460:	f7ff ff38 	bl	200002d4 <calc_crc32>
20000464:	6020      	str	r0, [r4, #0]
20000466:	4801      	ldr	r0, [pc, #4]	; (2000046c <handle_crc+0x14>)
20000468:	bd10      	pop	{r4, pc}
2000046a:	46c0      	nop			; (mov r8, r8)
2000046c:	4b4f4b4f 	.word	0x4b4f4b4f

20000470 <handle_csum>:
20000470:	b5f0      	push	{r4, r5, r6, r7, lr}
20000472:	6803      	ldr	r3, [r0, #0]
20000474:	b085      	sub	sp, #20
20000476:	6845      	ldr	r5, [r0, #4]
20000478:	2001      	movs	r0, #1
2000047a:	0016      	movs	r6, r2
2000047c:	9300      	str	r3, [sp, #0]
2000047e:	f003 fb6b 	bl	20003b58 <dma_claim_unused_channel>
20000482:	0004      	movs	r4, r0
20000484:	f7ff ff10 	bl	200002a8 <dma_channel_get_default_config>
20000488:	232c      	movs	r3, #44	; 0x2c
2000048a:	4398      	bics	r0, r3
2000048c:	4b1d      	ldr	r3, [pc, #116]	; (20000504 <handle_csum+0x94>)
2000048e:	21a0      	movs	r1, #160	; 0xa0
20000490:	4303      	orrs	r3, r0
20000492:	9301      	str	r3, [sp, #4]
20000494:	2387      	movs	r3, #135	; 0x87
20000496:	2200      	movs	r2, #0
20000498:	05c9      	lsls	r1, r1, #23
2000049a:	00db      	lsls	r3, r3, #3
2000049c:	50ca      	str	r2, [r1, r3]
2000049e:	4b1a      	ldr	r3, [pc, #104]	; (20000508 <handle_csum+0x98>)
200004a0:	01a2      	lsls	r2, r4, #6
200004a2:	18d0      	adds	r0, r2, r3
200004a4:	2380      	movs	r3, #128	; 0x80
200004a6:	2780      	movs	r7, #128	; 0x80
200004a8:	019b      	lsls	r3, r3, #6
200004aa:	4303      	orrs	r3, r0
200004ac:	043f      	lsls	r7, r7, #16
200004ae:	601f      	str	r7, [r3, #0]
200004b0:	271e      	movs	r7, #30
200004b2:	4b16      	ldr	r3, [pc, #88]	; (2000050c <handle_csum+0x9c>)
200004b4:	1852      	adds	r2, r2, r1
200004b6:	681b      	ldr	r3, [r3, #0]
200004b8:	08ad      	lsrs	r5, r5, #2
200004ba:	469c      	mov	ip, r3
200004bc:	0063      	lsls	r3, r4, #1
200004be:	401f      	ands	r7, r3
200004c0:	23e2      	movs	r3, #226	; 0xe2
200004c2:	33ff      	adds	r3, #255	; 0xff
200004c4:	433b      	orrs	r3, r7
200004c6:	4667      	mov	r7, ip
200004c8:	407b      	eors	r3, r7
200004ca:	05db      	lsls	r3, r3, #23
200004cc:	4f10      	ldr	r7, [pc, #64]	; (20000510 <handle_csum+0xa0>)
200004ce:	0ddb      	lsrs	r3, r3, #23
200004d0:	603b      	str	r3, [r7, #0]
200004d2:	9b00      	ldr	r3, [sp, #0]
200004d4:	6013      	str	r3, [r2, #0]
200004d6:	ab03      	add	r3, sp, #12
200004d8:	6053      	str	r3, [r2, #4]
200004da:	9b01      	ldr	r3, [sp, #4]
200004dc:	6095      	str	r5, [r2, #8]
200004de:	60d3      	str	r3, [r2, #12]
200004e0:	2280      	movs	r2, #128	; 0x80
200004e2:	000d      	movs	r5, r1
200004e4:	0452      	lsls	r2, r2, #17
200004e6:	6803      	ldr	r3, [r0, #0]
200004e8:	4013      	ands	r3, r2
200004ea:	d1fc      	bne.n	200004e6 <handle_csum+0x76>
200004ec:	4a09      	ldr	r2, [pc, #36]	; (20000514 <handle_csum+0xa4>)
200004ee:	0020      	movs	r0, r4
200004f0:	50ab      	str	r3, [r5, r2]
200004f2:	f003 fb29 	bl	20003b48 <dma_channel_unclaim>
200004f6:	2387      	movs	r3, #135	; 0x87
200004f8:	00db      	lsls	r3, r3, #3
200004fa:	58eb      	ldr	r3, [r5, r3]
200004fc:	4806      	ldr	r0, [pc, #24]	; (20000518 <handle_csum+0xa8>)
200004fe:	6033      	str	r3, [r6, #0]
20000500:	b005      	add	sp, #20
20000502:	bdf0      	pop	{r4, r5, r6, r7, pc}
20000504:	00800018 	.word	0x00800018
20000508:	50000010 	.word	0x50000010
2000050c:	50000434 	.word	0x50000434
20000510:	50001434 	.word	0x50001434
20000514:	00000434 	.word	0x00000434
20000518:	4b4f4b4f 	.word	0x4b4f4b4f

2000051c <handle_go>:
2000051c:	2101      	movs	r1, #1
2000051e:	4a0c      	ldr	r2, [pc, #48]	; (20000550 <handle_go+0x34>)
20000520:	6813      	ldr	r3, [r2, #0]
20000522:	438b      	bics	r3, r1
20000524:	6013      	str	r3, [r2, #0]
20000526:	2301      	movs	r3, #1
20000528:	4a0a      	ldr	r2, [pc, #40]	; (20000554 <handle_go+0x38>)
2000052a:	425b      	negs	r3, r3
2000052c:	67d3      	str	r3, [r2, #124]	; 0x7c
2000052e:	22c0      	movs	r2, #192	; 0xc0
20000530:	4909      	ldr	r1, [pc, #36]	; (20000558 <handle_go+0x3c>)
20000532:	0052      	lsls	r2, r2, #1
20000534:	508b      	str	r3, [r1, r2]
20000536:	4b09      	ldr	r3, [pc, #36]	; (2000055c <handle_go+0x40>)
20000538:	4a09      	ldr	r2, [pc, #36]	; (20000560 <handle_go+0x44>)
2000053a:	490a      	ldr	r1, [pc, #40]	; (20000564 <handle_go+0x48>)
2000053c:	601a      	str	r2, [r3, #0]
2000053e:	6803      	ldr	r3, [r0, #0]
20000540:	685a      	ldr	r2, [r3, #4]
20000542:	608b      	str	r3, [r1, #8]
20000544:	681b      	ldr	r3, [r3, #0]
20000546:	f383 8808 	msr	MSP, r3
2000054a:	4710      	bx	r2
2000054c:	e7fe      	b.n	2000054c <handle_go+0x30>
2000054e:	46c0      	nop			; (mov r8, r8)
20000550:	e000e010 	.word	0xe000e010
20000554:	e000e104 	.word	0xe000e104
20000558:	e000e100 	.word	0xe000e100
2000055c:	4000e000 	.word	0x4000e000
20000560:	fffbedbf 	.word	0xfffbedbf
20000564:	e000ed00 	.word	0xe000ed00

20000568 <main>:
20000568:	b5f0      	push	{r4, r5, r6, r7, lr}
2000056a:	b08d      	sub	sp, #52	; 0x34
2000056c:	af00      	add	r7, sp, #0
2000056e:	2018      	movs	r0, #24
20000570:	f000 f954 	bl	2000081c <gpio_init>
20000574:	2200      	movs	r2, #0
20000576:	2101      	movs	r1, #1
20000578:	2018      	movs	r0, #24
2000057a:	f000 f939 	bl	200007f0 <gpio_set_pulls>
2000057e:	24d0      	movs	r4, #208	; 0xd0
20000580:	2380      	movs	r3, #128	; 0x80
20000582:	0624      	lsls	r4, r4, #24
20000584:	045b      	lsls	r3, r3, #17
20000586:	62a3      	str	r3, [r4, #40]	; 0x28
20000588:	200a      	movs	r0, #10
2000058a:	f000 ffe5 	bl	20001558 <sleep_ms>
2000058e:	4a77      	ldr	r2, [pc, #476]	; (2000076c <main+0x204>)
20000590:	4977      	ldr	r1, [pc, #476]	; (20000770 <main+0x208>)
20000592:	6a10      	ldr	r0, [r2, #32]
20000594:	2300      	movs	r3, #0
20000596:	4288      	cmp	r0, r1
20000598:	d104      	bne.n	200005a4 <main+0x3c>
2000059a:	6a53      	ldr	r3, [r2, #36]	; 0x24
2000059c:	4a75      	ldr	r2, [pc, #468]	; (20000774 <main+0x20c>)
2000059e:	189b      	adds	r3, r3, r2
200005a0:	425a      	negs	r2, r3
200005a2:	4153      	adcs	r3, r2
200005a4:	6862      	ldr	r2, [r4, #4]
200005a6:	01d2      	lsls	r2, r2, #7
200005a8:	d51f      	bpl.n	200005ea <main+0x82>
200005aa:	2b00      	cmp	r3, #0
200005ac:	d11d      	bne.n	200005ea <main+0x82>
200005ae:	4c72      	ldr	r4, [pc, #456]	; (20000778 <main+0x210>)
200005b0:	0020      	movs	r0, r4
200005b2:	f7ff fee7 	bl	20000384 <image_header_ok>
200005b6:	2800      	cmp	r0, #0
200005b8:	d017      	beq.n	200005ea <main+0x82>
200005ba:	2001      	movs	r0, #1
200005bc:	496f      	ldr	r1, [pc, #444]	; (2000077c <main+0x214>)
200005be:	6823      	ldr	r3, [r4, #0]
200005c0:	680a      	ldr	r2, [r1, #0]
200005c2:	4382      	bics	r2, r0
200005c4:	600a      	str	r2, [r1, #0]
200005c6:	2201      	movs	r2, #1
200005c8:	496d      	ldr	r1, [pc, #436]	; (20000780 <main+0x218>)
200005ca:	4252      	negs	r2, r2
200005cc:	67ca      	str	r2, [r1, #124]	; 0x7c
200005ce:	21c0      	movs	r1, #192	; 0xc0
200005d0:	486c      	ldr	r0, [pc, #432]	; (20000784 <main+0x21c>)
200005d2:	0049      	lsls	r1, r1, #1
200005d4:	5042      	str	r2, [r0, r1]
200005d6:	4a6c      	ldr	r2, [pc, #432]	; (20000788 <main+0x220>)
200005d8:	496c      	ldr	r1, [pc, #432]	; (2000078c <main+0x224>)
200005da:	6011      	str	r1, [r2, #0]
200005dc:	496c      	ldr	r1, [pc, #432]	; (20000790 <main+0x228>)
200005de:	685a      	ldr	r2, [r3, #4]
200005e0:	608b      	str	r3, [r1, #8]
200005e2:	681b      	ldr	r3, [r3, #0]
200005e4:	f383 8808 	msr	MSP, r3
200005e8:	4710      	bx	r2
200005ea:	21e1      	movs	r1, #225	; 0xe1
200005ec:	4c69      	ldr	r4, [pc, #420]	; (20000794 <main+0x22c>)
200005ee:	0249      	lsls	r1, r1, #9
200005f0:	0020      	movs	r0, r4
200005f2:	f001 fafd 	bl	20001bf0 <uart_init>
200005f6:	2102      	movs	r1, #2
200005f8:	2000      	movs	r0, #0
200005fa:	f000 f8e3 	bl	200007c4 <gpio_set_function>
200005fe:	2102      	movs	r1, #2
20000600:	2001      	movs	r0, #1
20000602:	f000 f8df 	bl	200007c4 <gpio_set_function>
20000606:	22c0      	movs	r2, #192	; 0xc0
20000608:	6b23      	ldr	r3, [r4, #48]	; 0x30
2000060a:	0212      	lsls	r2, r2, #8
2000060c:	4013      	ands	r3, r2
2000060e:	4a62      	ldr	r2, [pc, #392]	; (20000798 <main+0x230>)
20000610:	4862      	ldr	r0, [pc, #392]	; (2000079c <main+0x234>)
20000612:	6013      	str	r3, [r2, #0]
20000614:	4b62      	ldr	r3, [pc, #392]	; (200007a0 <main+0x238>)
20000616:	2119      	movs	r1, #25
20000618:	449d      	add	sp, r3
2000061a:	466b      	mov	r3, sp
2000061c:	60bb      	str	r3, [r7, #8]
2000061e:	f7ff fe33 	bl	20000288 <uart_write_blocking.constprop.15>
20000622:	2000      	movs	r0, #0
20000624:	2805      	cmp	r0, #5
20000626:	d8fd      	bhi.n	20000624 <main+0xbc>
20000628:	f003 fab2 	bl	20003b90 <__gnu_thumb1_case_uqi>
2000062c:	52302803 	.word	0x52302803
20000630:	926d      	.short	0x926d
20000632:	2400      	movs	r4, #0
20000634:	4b5b      	ldr	r3, [pc, #364]	; (200007a4 <main+0x23c>)
20000636:	617b      	str	r3, [r7, #20]
20000638:	607b      	str	r3, [r7, #4]
2000063a:	0026      	movs	r6, r4
2000063c:	2308      	movs	r3, #8
2000063e:	18f9      	adds	r1, r7, r3
20000640:	18cb      	adds	r3, r1, r3
20000642:	199d      	adds	r5, r3, r6
20000644:	2101      	movs	r1, #1
20000646:	0028      	movs	r0, r5
20000648:	f7ff fe0e 	bl	20000268 <uart_read_blocking.constprop.14>
2000064c:	2208      	movs	r2, #8
2000064e:	230c      	movs	r3, #12
20000650:	18ba      	adds	r2, r7, r2
20000652:	18d3      	adds	r3, r2, r3
20000654:	5d9b      	ldrb	r3, [r3, r6]
20000656:	782a      	ldrb	r2, [r5, #0]
20000658:	2600      	movs	r6, #0
2000065a:	429a      	cmp	r2, r3
2000065c:	d10c      	bne.n	20000678 <main+0x110>
2000065e:	3401      	adds	r4, #1
20000660:	2c04      	cmp	r4, #4
20000662:	d1ea      	bne.n	2000063a <main+0xd2>
20000664:	693b      	ldr	r3, [r7, #16]
20000666:	687a      	ldr	r2, [r7, #4]
20000668:	4293      	cmp	r3, r2
2000066a:	d00d      	beq.n	20000688 <main+0x120>
2000066c:	4b4e      	ldr	r3, [pc, #312]	; (200007a8 <main+0x240>)
2000066e:	4a4f      	ldr	r2, [pc, #316]	; (200007ac <main+0x244>)
20000670:	494f      	ldr	r1, [pc, #316]	; (200007b0 <main+0x248>)
20000672:	4850      	ldr	r0, [pc, #320]	; (200007b4 <main+0x24c>)
20000674:	f001 fcf6 	bl	20002064 <__assert_func>
20000678:	0034      	movs	r4, r6
2000067a:	e7df      	b.n	2000063c <main+0xd4>
2000067c:	2308      	movs	r3, #8
2000067e:	18fa      	adds	r2, r7, r3
20000680:	2104      	movs	r1, #4
20000682:	18d0      	adds	r0, r2, r3
20000684:	f7ff fdf0 	bl	20000268 <uart_read_blocking.constprop.14>
20000688:	2002      	movs	r0, #2
2000068a:	e7cd      	b.n	20000628 <main+0xc0>
2000068c:	2200      	movs	r2, #0
2000068e:	2014      	movs	r0, #20
20000690:	6939      	ldr	r1, [r7, #16]
20000692:	4c49      	ldr	r4, [pc, #292]	; (200007b8 <main+0x250>)
20000694:	0003      	movs	r3, r0
20000696:	4353      	muls	r3, r2
20000698:	191b      	adds	r3, r3, r4
2000069a:	681d      	ldr	r5, [r3, #0]
2000069c:	42a9      	cmp	r1, r5
2000069e:	d111      	bne.n	200006c4 <main+0x15c>
200006a0:	68ba      	ldr	r2, [r7, #8]
200006a2:	60fb      	str	r3, [r7, #12]
200006a4:	1d10      	adds	r0, r2, #4
200006a6:	607a      	str	r2, [r7, #4]
200006a8:	685a      	ldr	r2, [r3, #4]
200006aa:	689b      	ldr	r3, [r3, #8]
200006ac:	0091      	lsls	r1, r2, #2
200006ae:	009b      	lsls	r3, r3, #2
200006b0:	1842      	adds	r2, r0, r1
200006b2:	18c3      	adds	r3, r0, r3
200006b4:	61b8      	str	r0, [r7, #24]
200006b6:	6238      	str	r0, [r7, #32]
200006b8:	61fa      	str	r2, [r7, #28]
200006ba:	627b      	str	r3, [r7, #36]	; 0x24
200006bc:	f7ff fdd4 	bl	20000268 <uart_read_blocking.constprop.14>
200006c0:	2003      	movs	r0, #3
200006c2:	e7b1      	b.n	20000628 <main+0xc0>
200006c4:	3201      	adds	r2, #1
200006c6:	2a0a      	cmp	r2, #10
200006c8:	d1e4      	bne.n	20000694 <main+0x12c>
200006ca:	4b3c      	ldr	r3, [pc, #240]	; (200007bc <main+0x254>)
200006cc:	617b      	str	r3, [r7, #20]
200006ce:	e010      	b.n	200006f2 <main+0x18a>
200006d0:	68fb      	ldr	r3, [r7, #12]
200006d2:	68db      	ldr	r3, [r3, #12]
200006d4:	2b00      	cmp	r3, #0
200006d6:	d00e      	beq.n	200006f6 <main+0x18e>
200006d8:	2008      	movs	r0, #8
200006da:	2224      	movs	r2, #36	; 0x24
200006dc:	1839      	adds	r1, r7, r0
200006de:	188a      	adds	r2, r1, r2
200006e0:	2120      	movs	r1, #32
200006e2:	1838      	adds	r0, r7, r0
200006e4:	1841      	adds	r1, r0, r1
200006e6:	69b8      	ldr	r0, [r7, #24]
200006e8:	4798      	blx	r3
200006ea:	4b34      	ldr	r3, [pc, #208]	; (200007bc <main+0x254>)
200006ec:	6178      	str	r0, [r7, #20]
200006ee:	4298      	cmp	r0, r3
200006f0:	d103      	bne.n	200006fa <main+0x192>
200006f2:	2005      	movs	r0, #5
200006f4:	e798      	b.n	20000628 <main+0xc0>
200006f6:	62bb      	str	r3, [r7, #40]	; 0x28
200006f8:	62fb      	str	r3, [r7, #44]	; 0x2c
200006fa:	69f8      	ldr	r0, [r7, #28]
200006fc:	6ab9      	ldr	r1, [r7, #40]	; 0x28
200006fe:	f7ff fdb3 	bl	20000268 <uart_read_blocking.constprop.14>
20000702:	2004      	movs	r0, #4
20000704:	e790      	b.n	20000628 <main+0xc0>
20000706:	68fc      	ldr	r4, [r7, #12]
20000708:	6925      	ldr	r5, [r4, #16]
2000070a:	2d00      	cmp	r5, #0
2000070c:	d01d      	beq.n	2000074a <main+0x1e2>
2000070e:	6a7b      	ldr	r3, [r7, #36]	; 0x24
20000710:	6a3a      	ldr	r2, [r7, #32]
20000712:	69f9      	ldr	r1, [r7, #28]
20000714:	69b8      	ldr	r0, [r7, #24]
20000716:	47a8      	blx	r5
20000718:	4b28      	ldr	r3, [pc, #160]	; (200007bc <main+0x254>)
2000071a:	6178      	str	r0, [r7, #20]
2000071c:	4298      	cmp	r0, r3
2000071e:	d0e8      	beq.n	200006f2 <main+0x18a>
20000720:	68a4      	ldr	r4, [r4, #8]
20000722:	6afb      	ldr	r3, [r7, #44]	; 0x2c
20000724:	3401      	adds	r4, #1
20000726:	00a4      	lsls	r4, r4, #2
20000728:	18e4      	adds	r4, r4, r3
2000072a:	68bb      	ldr	r3, [r7, #8]
2000072c:	2108      	movs	r1, #8
2000072e:	607b      	str	r3, [r7, #4]
20000730:	230c      	movs	r3, #12
20000732:	1879      	adds	r1, r7, r1
20000734:	18c9      	adds	r1, r1, r3
20000736:	2204      	movs	r2, #4
20000738:	6878      	ldr	r0, [r7, #4]
2000073a:	f003 f8cd 	bl	200038d8 <__wrap___aeabi_memcpy>
2000073e:	68b8      	ldr	r0, [r7, #8]
20000740:	0021      	movs	r1, r4
20000742:	f7ff fda1 	bl	20000288 <uart_write_blocking.constprop.15>
20000746:	2001      	movs	r0, #1
20000748:	e76e      	b.n	20000628 <main+0xc0>
2000074a:	4b1d      	ldr	r3, [pc, #116]	; (200007c0 <main+0x258>)
2000074c:	617b      	str	r3, [r7, #20]
2000074e:	e7e7      	b.n	20000720 <main+0x1b8>
20000750:	2108      	movs	r1, #8
20000752:	230c      	movs	r3, #12
20000754:	1879      	adds	r1, r7, r1
20000756:	18c9      	adds	r1, r1, r3
20000758:	2204      	movs	r2, #4
2000075a:	68b8      	ldr	r0, [r7, #8]
2000075c:	f003 f8bc 	bl	200038d8 <__wrap___aeabi_memcpy>
20000760:	68b8      	ldr	r0, [r7, #8]
20000762:	2104      	movs	r1, #4
20000764:	f7ff fd90 	bl	20000288 <uart_write_blocking.constprop.15>
20000768:	2000      	movs	r0, #0
2000076a:	e75d      	b.n	20000628 <main+0xc0>
2000076c:	40058000 	.word	0x40058000
20000770:	b105f00d 	.word	0xb105f00d
20000774:	b105f00e 	.word	0xb105f00e
20000778:	10006000 	.word	0x10006000
2000077c:	e000e010 	.word	0xe000e010
20000780:	e000e104 	.word	0xe000e104
20000784:	e000e100 	.word	0xe000e100
20000788:	4000e000 	.word	0x4000e000
2000078c:	fffbedbf 	.word	0xfffbedbf
20000790:	e000ed00 	.word	0xe000ed00
20000794:	40034000 	.word	0x40034000
20000798:	40035030 	.word	0x40035030
2000079c:	2000409c 	.word	0x2000409c
200007a0:	fffffbe8 	.word	0xfffffbe8
200007a4:	434e5953 	.word	0x434e5953
200007a8:	200040b6 	.word	0x200040b6
200007ac:	20003f50 	.word	0x20003f50
200007b0:	0000024b 	.word	0x0000024b
200007b4:	200040ce 	.word	0x200040ce
200007b8:	20003f64 	.word	0x20003f64
200007bc:	21525245 	.word	0x21525245
200007c0:	4b4f4b4f 	.word	0x4b4f4b4f

200007c4 <gpio_set_function>:
200007c4:	4b08      	ldr	r3, [pc, #32]	; (200007e8 <gpio_set_function+0x24>)
200007c6:	0082      	lsls	r2, r0, #2
200007c8:	18d2      	adds	r2, r2, r3
200007ca:	2340      	movs	r3, #64	; 0x40
200007cc:	b510      	push	{r4, lr}
200007ce:	6814      	ldr	r4, [r2, #0]
200007d0:	00c0      	lsls	r0, r0, #3
200007d2:	4063      	eors	r3, r4
200007d4:	24c0      	movs	r4, #192	; 0xc0
200007d6:	4023      	ands	r3, r4
200007d8:	2480      	movs	r4, #128	; 0x80
200007da:	0164      	lsls	r4, r4, #5
200007dc:	4322      	orrs	r2, r4
200007de:	6013      	str	r3, [r2, #0]
200007e0:	4b02      	ldr	r3, [pc, #8]	; (200007ec <gpio_set_function+0x28>)
200007e2:	18c0      	adds	r0, r0, r3
200007e4:	6041      	str	r1, [r0, #4]
200007e6:	bd10      	pop	{r4, pc}
200007e8:	4001c004 	.word	0x4001c004
200007ec:	40014000 	.word	0x40014000

200007f0 <gpio_set_pulls>:
200007f0:	4b09      	ldr	r3, [pc, #36]	; (20000818 <gpio_set_pulls+0x28>)
200007f2:	0080      	lsls	r0, r0, #2
200007f4:	18c0      	adds	r0, r0, r3
200007f6:	1e4b      	subs	r3, r1, #1
200007f8:	4199      	sbcs	r1, r3
200007fa:	1e53      	subs	r3, r2, #1
200007fc:	419a      	sbcs	r2, r3
200007fe:	00c9      	lsls	r1, r1, #3
20000800:	6803      	ldr	r3, [r0, #0]
20000802:	0092      	lsls	r2, r2, #2
20000804:	4311      	orrs	r1, r2
20000806:	4059      	eors	r1, r3
20000808:	2380      	movs	r3, #128	; 0x80
2000080a:	220c      	movs	r2, #12
2000080c:	015b      	lsls	r3, r3, #5
2000080e:	4011      	ands	r1, r2
20000810:	4318      	orrs	r0, r3
20000812:	6001      	str	r1, [r0, #0]
20000814:	4770      	bx	lr
20000816:	46c0      	nop			; (mov r8, r8)
20000818:	4001c004 	.word	0x4001c004

2000081c <gpio_init>:
2000081c:	2301      	movs	r3, #1
2000081e:	22d0      	movs	r2, #208	; 0xd0
20000820:	4083      	lsls	r3, r0
20000822:	b510      	push	{r4, lr}
20000824:	0612      	lsls	r2, r2, #24
20000826:	6293      	str	r3, [r2, #40]	; 0x28
20000828:	2105      	movs	r1, #5
2000082a:	6193      	str	r3, [r2, #24]
2000082c:	f7ff ffca 	bl	200007c4 <gpio_set_function>
20000830:	bd10      	pop	{r4, pc}
	...

20000834 <running_on_fpga>:
20000834:	4b02      	ldr	r3, [pc, #8]	; (20000840 <running_on_fpga+0xc>)
20000836:	6818      	ldr	r0, [r3, #0]
20000838:	0780      	lsls	r0, r0, #30
2000083a:	0fc0      	lsrs	r0, r0, #31
2000083c:	4770      	bx	lr
2000083e:	46c0      	nop			; (mov r8, r8)
20000840:	4006c000 	.word	0x4006c000

20000844 <hw_claim_lock>:
20000844:	f3ef 8010 	mrs	r0, PRIMASK
20000848:	b672      	cpsid	i
2000084a:	4a03      	ldr	r2, [pc, #12]	; (20000858 <hw_claim_lock+0x14>)
2000084c:	6813      	ldr	r3, [r2, #0]
2000084e:	2b00      	cmp	r3, #0
20000850:	d0fc      	beq.n	2000084c <hw_claim_lock+0x8>
20000852:	f3bf 8f5f 	dmb	sy
20000856:	4770      	bx	lr
20000858:	d000012c 	.word	0xd000012c

2000085c <hw_claim_unlock>:
2000085c:	f3bf 8f5f 	dmb	sy
20000860:	2200      	movs	r2, #0
20000862:	4b02      	ldr	r3, [pc, #8]	; (2000086c <hw_claim_unlock+0x10>)
20000864:	601a      	str	r2, [r3, #0]
20000866:	f380 8810 	msr	PRIMASK, r0
2000086a:	4770      	bx	lr
2000086c:	d000012c 	.word	0xd000012c

20000870 <hw_is_claimed>:
20000870:	08cb      	lsrs	r3, r1, #3
20000872:	2207      	movs	r2, #7
20000874:	5cc3      	ldrb	r3, [r0, r3]
20000876:	2001      	movs	r0, #1
20000878:	4011      	ands	r1, r2
2000087a:	4088      	lsls	r0, r1
2000087c:	4018      	ands	r0, r3
2000087e:	1e43      	subs	r3, r0, #1
20000880:	4198      	sbcs	r0, r3
20000882:	b2c0      	uxtb	r0, r0
20000884:	4770      	bx	lr

20000886 <hw_claim_or_assert>:
20000886:	b5f8      	push	{r3, r4, r5, r6, r7, lr}
20000888:	0005      	movs	r5, r0
2000088a:	000c      	movs	r4, r1
2000088c:	0017      	movs	r7, r2
2000088e:	f7ff ffd9 	bl	20000844 <hw_claim_lock>
20000892:	0021      	movs	r1, r4
20000894:	0006      	movs	r6, r0
20000896:	0028      	movs	r0, r5
20000898:	f7ff ffea 	bl	20000870 <hw_is_claimed>
2000089c:	2800      	cmp	r0, #0
2000089e:	d003      	beq.n	200008a8 <hw_claim_or_assert+0x22>
200008a0:	0021      	movs	r1, r4
200008a2:	0038      	movs	r0, r7
200008a4:	f001 fc70 	bl	20002188 <panic>
200008a8:	08e3      	lsrs	r3, r4, #3
200008aa:	18ed      	adds	r5, r5, r3
200008ac:	2307      	movs	r3, #7
200008ae:	401c      	ands	r4, r3
200008b0:	3b06      	subs	r3, #6
200008b2:	40a3      	lsls	r3, r4
200008b4:	782a      	ldrb	r2, [r5, #0]
200008b6:	0030      	movs	r0, r6
200008b8:	4313      	orrs	r3, r2
200008ba:	702b      	strb	r3, [r5, #0]
200008bc:	f7ff ffce 	bl	2000085c <hw_claim_unlock>
200008c0:	bdf8      	pop	{r3, r4, r5, r6, r7, pc}

200008c2 <hw_claim_unused_from_range>:
200008c2:	b5f7      	push	{r0, r1, r2, r4, r5, r6, r7, lr}
200008c4:	0005      	movs	r5, r0
200008c6:	9101      	str	r1, [sp, #4]
200008c8:	0014      	movs	r4, r2
200008ca:	001f      	movs	r7, r3
200008cc:	f7ff ffba 	bl	20000844 <hw_claim_lock>
200008d0:	0006      	movs	r6, r0
200008d2:	42bc      	cmp	r4, r7
200008d4:	d902      	bls.n	200008dc <hw_claim_unused_from_range+0x1a>
200008d6:	2401      	movs	r4, #1
200008d8:	4264      	negs	r4, r4
200008da:	e00e      	b.n	200008fa <hw_claim_unused_from_range+0x38>
200008dc:	0021      	movs	r1, r4
200008de:	0028      	movs	r0, r5
200008e0:	f7ff ffc6 	bl	20000870 <hw_is_claimed>
200008e4:	2800      	cmp	r0, #0
200008e6:	d113      	bne.n	20000910 <hw_claim_unused_from_range+0x4e>
200008e8:	08e3      	lsrs	r3, r4, #3
200008ea:	2207      	movs	r2, #7
200008ec:	18ed      	adds	r5, r5, r3
200008ee:	2301      	movs	r3, #1
200008f0:	4022      	ands	r2, r4
200008f2:	4093      	lsls	r3, r2
200008f4:	782a      	ldrb	r2, [r5, #0]
200008f6:	4313      	orrs	r3, r2
200008f8:	702b      	strb	r3, [r5, #0]
200008fa:	0030      	movs	r0, r6
200008fc:	f7ff ffae 	bl	2000085c <hw_claim_unlock>
20000900:	2c00      	cmp	r4, #0
20000902:	da07      	bge.n	20000914 <hw_claim_unused_from_range+0x52>
20000904:	9b01      	ldr	r3, [sp, #4]
20000906:	2b00      	cmp	r3, #0
20000908:	d004      	beq.n	20000914 <hw_claim_unused_from_range+0x52>
2000090a:	9808      	ldr	r0, [sp, #32]
2000090c:	f001 fc3c 	bl	20002188 <panic>
20000910:	3401      	adds	r4, #1
20000912:	e7de      	b.n	200008d2 <hw_claim_unused_from_range+0x10>
20000914:	0020      	movs	r0, r4
20000916:	bdfe      	pop	{r1, r2, r3, r4, r5, r6, r7, pc}

20000918 <hw_claim_clear>:
20000918:	b570      	push	{r4, r5, r6, lr}
2000091a:	0004      	movs	r4, r0
2000091c:	000d      	movs	r5, r1
2000091e:	f7ff ff91 	bl	20000844 <hw_claim_lock>
20000922:	0029      	movs	r1, r5
20000924:	0006      	movs	r6, r0
20000926:	0020      	movs	r0, r4
20000928:	f7ff ffa2 	bl	20000870 <hw_is_claimed>
2000092c:	2800      	cmp	r0, #0
2000092e:	d105      	bne.n	2000093c <hw_claim_clear+0x24>
20000930:	4b09      	ldr	r3, [pc, #36]	; (20000958 <hw_claim_clear+0x40>)
20000932:	4a0a      	ldr	r2, [pc, #40]	; (2000095c <hw_claim_clear+0x44>)
20000934:	2133      	movs	r1, #51	; 0x33
20000936:	480a      	ldr	r0, [pc, #40]	; (20000960 <hw_claim_clear+0x48>)
20000938:	f001 fb94 	bl	20002064 <__assert_func>
2000093c:	08eb      	lsrs	r3, r5, #3
2000093e:	18e4      	adds	r4, r4, r3
20000940:	2307      	movs	r3, #7
20000942:	2201      	movs	r2, #1
20000944:	401d      	ands	r5, r3
20000946:	40aa      	lsls	r2, r5
20000948:	7823      	ldrb	r3, [r4, #0]
2000094a:	0030      	movs	r0, r6
2000094c:	4393      	bics	r3, r2
2000094e:	7023      	strb	r3, [r4, #0]
20000950:	f7ff ff84 	bl	2000085c <hw_claim_unlock>
20000954:	bd70      	pop	{r4, r5, r6, pc}
20000956:	46c0      	nop			; (mov r8, r8)
20000958:	20004140 	.word	0x20004140
2000095c:	20004131 	.word	0x20004131
20000960:	2000415f 	.word	0x2000415f

20000964 <spin_locks_reset>:
20000964:	2100      	movs	r1, #0
20000966:	4b04      	ldr	r3, [pc, #16]	; (20000978 <spin_locks_reset+0x14>)
20000968:	4a04      	ldr	r2, [pc, #16]	; (2000097c <spin_locks_reset+0x18>)
2000096a:	f3bf 8f5f 	dmb	sy
2000096e:	c302      	stmia	r3!, {r1}
20000970:	4293      	cmp	r3, r2
20000972:	d1fa      	bne.n	2000096a <spin_locks_reset+0x6>
20000974:	4770      	bx	lr
20000976:	46c0      	nop			; (mov r8, r8)
20000978:	d0000100 	.word	0xd0000100
2000097c:	d0000180 	.word	0xd0000180

20000980 <next_striped_spin_lock_num>:
20000980:	4a04      	ldr	r2, [pc, #16]	; (20000994 <next_striped_spin_lock_num+0x14>)
20000982:	7810      	ldrb	r0, [r2, #0]
20000984:	1c43      	adds	r3, r0, #1
20000986:	b2db      	uxtb	r3, r3
20000988:	2b17      	cmp	r3, #23
2000098a:	d801      	bhi.n	20000990 <next_striped_spin_lock_num+0x10>
2000098c:	7013      	strb	r3, [r2, #0]
2000098e:	4770      	bx	lr
20000990:	2310      	movs	r3, #16
20000992:	e7fb      	b.n	2000098c <next_striped_spin_lock_num+0xc>
20000994:	20004f24 	.word	0x20004f24

20000998 <set_raw_irq_handler_and_unlock>:
20000998:	4b07      	ldr	r3, [pc, #28]	; (200009b8 <set_raw_irq_handler_and_unlock+0x20>)
2000099a:	3010      	adds	r0, #16
2000099c:	689b      	ldr	r3, [r3, #8]
2000099e:	0080      	lsls	r0, r0, #2
200009a0:	50c1      	str	r1, [r0, r3]
200009a2:	f3bf 8f5f 	dmb	sy
200009a6:	f3bf 8f5f 	dmb	sy
200009aa:	2100      	movs	r1, #0
200009ac:	4b03      	ldr	r3, [pc, #12]	; (200009bc <set_raw_irq_handler_and_unlock+0x24>)
200009ae:	6019      	str	r1, [r3, #0]
200009b0:	f382 8810 	msr	PRIMASK, r2
200009b4:	4770      	bx	lr
200009b6:	46c0      	nop			; (mov r8, r8)
200009b8:	e000ed00 	.word	0xe000ed00
200009bc:	d0000124 	.word	0xd0000124

200009c0 <resolve_branch>:
200009c0:	8803      	ldrh	r3, [r0, #0]
200009c2:	b510      	push	{r4, lr}
200009c4:	0ada      	lsrs	r2, r3, #11
200009c6:	2a1c      	cmp	r2, #28
200009c8:	d005      	beq.n	200009d6 <resolve_branch+0x16>
200009ca:	4b05      	ldr	r3, [pc, #20]	; (200009e0 <resolve_branch+0x20>)
200009cc:	4a05      	ldr	r2, [pc, #20]	; (200009e4 <resolve_branch+0x24>)
200009ce:	21b1      	movs	r1, #177	; 0xb1
200009d0:	4805      	ldr	r0, [pc, #20]	; (200009e8 <resolve_branch+0x28>)
200009d2:	f001 fb47 	bl	20002064 <__assert_func>
200009d6:	055b      	lsls	r3, r3, #21
200009d8:	151b      	asrs	r3, r3, #20
200009da:	3304      	adds	r3, #4
200009dc:	18c0      	adds	r0, r0, r3
200009de:	bd10      	pop	{r4, pc}
200009e0:	20004304 	.word	0x20004304
200009e4:	200041e2 	.word	0x200041e2
200009e8:	20004319 	.word	0x20004319

200009ec <make_branch>:
200009ec:	4b0a      	ldr	r3, [pc, #40]	; (20000a18 <make_branch+0x2c>)
200009ee:	1a09      	subs	r1, r1, r0
200009f0:	4a0a      	ldr	r2, [pc, #40]	; (20000a1c <make_branch+0x30>)
200009f2:	1f08      	subs	r0, r1, #4
200009f4:	18c9      	adds	r1, r1, r3
200009f6:	b510      	push	{r4, lr}
200009f8:	4291      	cmp	r1, r2
200009fa:	d801      	bhi.n	20000a00 <make_branch+0x14>
200009fc:	07c3      	lsls	r3, r0, #31
200009fe:	d505      	bpl.n	20000a0c <make_branch+0x20>
20000a00:	4b07      	ldr	r3, [pc, #28]	; (20000a20 <make_branch+0x34>)
20000a02:	4a08      	ldr	r2, [pc, #32]	; (20000a24 <make_branch+0x38>)
20000a04:	21a3      	movs	r1, #163	; 0xa3
20000a06:	4808      	ldr	r0, [pc, #32]	; (20000a28 <make_branch+0x3c>)
20000a08:	f001 fb2c 	bl	20002064 <__assert_func>
20000a0c:	23e0      	movs	r3, #224	; 0xe0
20000a0e:	0500      	lsls	r0, r0, #20
20000a10:	0d40      	lsrs	r0, r0, #21
20000a12:	021b      	lsls	r3, r3, #8
20000a14:	4318      	orrs	r0, r3
20000a16:	bd10      	pop	{r4, pc}
20000a18:	000007fc 	.word	0x000007fc
20000a1c:	00000ffe 	.word	0x00000ffe
20000a20:	200042d4 	.word	0x200042d4
20000a24:	200041bf 	.word	0x200041bf
20000a28:	20004319 	.word	0x20004319

20000a2c <irq_is_enabled>:
20000a2c:	2201      	movs	r2, #1
20000a2e:	4082      	lsls	r2, r0
20000a30:	4b03      	ldr	r3, [pc, #12]	; (20000a40 <irq_is_enabled+0x14>)
20000a32:	681b      	ldr	r3, [r3, #0]
20000a34:	4013      	ands	r3, r2
20000a36:	1e58      	subs	r0, r3, #1
20000a38:	4183      	sbcs	r3, r0
20000a3a:	b2d8      	uxtb	r0, r3
20000a3c:	4770      	bx	lr
20000a3e:	46c0      	nop			; (mov r8, r8)
20000a40:	e000e100 	.word	0xe000e100

20000a44 <irq_set_mask_enabled>:
20000a44:	2900      	cmp	r1, #0
20000a46:	d004      	beq.n	20000a52 <irq_set_mask_enabled+0xe>
20000a48:	4b03      	ldr	r3, [pc, #12]	; (20000a58 <irq_set_mask_enabled+0x14>)
20000a4a:	6018      	str	r0, [r3, #0]
20000a4c:	4b03      	ldr	r3, [pc, #12]	; (20000a5c <irq_set_mask_enabled+0x18>)
20000a4e:	6018      	str	r0, [r3, #0]
20000a50:	4770      	bx	lr
20000a52:	4b03      	ldr	r3, [pc, #12]	; (20000a60 <irq_set_mask_enabled+0x1c>)
20000a54:	e7fb      	b.n	20000a4e <irq_set_mask_enabled+0xa>
20000a56:	46c0      	nop			; (mov r8, r8)
20000a58:	e000e280 	.word	0xe000e280
20000a5c:	e000e100 	.word	0xe000e100
20000a60:	e000e180 	.word	0xe000e180

20000a64 <irq_set_enabled>:
20000a64:	2301      	movs	r3, #1
20000a66:	4083      	lsls	r3, r0
20000a68:	b510      	push	{r4, lr}
20000a6a:	0018      	movs	r0, r3
20000a6c:	f7ff ffea 	bl	20000a44 <irq_set_mask_enabled>
20000a70:	bd10      	pop	{r4, pc}
	...

20000a74 <irq_get_vtable_handler>:
20000a74:	4b02      	ldr	r3, [pc, #8]	; (20000a80 <irq_get_vtable_handler+0xc>)
20000a76:	3010      	adds	r0, #16
20000a78:	689b      	ldr	r3, [r3, #8]
20000a7a:	0080      	lsls	r0, r0, #2
20000a7c:	58c0      	ldr	r0, [r0, r3]
20000a7e:	4770      	bx	lr
20000a80:	e000ed00 	.word	0xe000ed00

20000a84 <irq_set_exclusive_handler>:
20000a84:	b570      	push	{r4, r5, r6, lr}
20000a86:	0004      	movs	r4, r0
20000a88:	000d      	movs	r5, r1
20000a8a:	f3ef 8610 	mrs	r6, PRIMASK
20000a8e:	b672      	cpsid	i
20000a90:	4a0c      	ldr	r2, [pc, #48]	; (20000ac4 <irq_set_exclusive_handler+0x40>)
20000a92:	6813      	ldr	r3, [r2, #0]
20000a94:	2b00      	cmp	r3, #0
20000a96:	d0fc      	beq.n	20000a92 <irq_set_exclusive_handler+0xe>
20000a98:	f3bf 8f5f 	dmb	sy
20000a9c:	0020      	movs	r0, r4
20000a9e:	f7ff ffe9 	bl	20000a74 <irq_get_vtable_handler>
20000aa2:	4b09      	ldr	r3, [pc, #36]	; (20000ac8 <irq_set_exclusive_handler+0x44>)
20000aa4:	4298      	cmp	r0, r3
20000aa6:	d007      	beq.n	20000ab8 <irq_set_exclusive_handler+0x34>
20000aa8:	42a8      	cmp	r0, r5
20000aaa:	d005      	beq.n	20000ab8 <irq_set_exclusive_handler+0x34>
20000aac:	4b07      	ldr	r3, [pc, #28]	; (20000acc <irq_set_exclusive_handler+0x48>)
20000aae:	4a08      	ldr	r2, [pc, #32]	; (20000ad0 <irq_set_exclusive_handler+0x4c>)
20000ab0:	2186      	movs	r1, #134	; 0x86
20000ab2:	4808      	ldr	r0, [pc, #32]	; (20000ad4 <irq_set_exclusive_handler+0x50>)
20000ab4:	f001 fad6 	bl	20002064 <__assert_func>
20000ab8:	0032      	movs	r2, r6
20000aba:	0029      	movs	r1, r5
20000abc:	0020      	movs	r0, r4
20000abe:	f7ff ff6b 	bl	20000998 <set_raw_irq_handler_and_unlock>
20000ac2:	bd70      	pop	{r4, r5, r6, pc}
20000ac4:	d0000124 	.word	0xd0000124
20000ac8:	100001cd 	.word	0x100001cd
20000acc:	2000429e 	.word	0x2000429e
20000ad0:	200041a5 	.word	0x200041a5
20000ad4:	20004319 	.word	0x20004319

20000ad8 <irq_remove_handler>:
20000ad8:	b5f0      	push	{r4, r5, r6, r7, lr}
20000ada:	b085      	sub	sp, #20
20000adc:	9001      	str	r0, [sp, #4]
20000ade:	000f      	movs	r7, r1
20000ae0:	f3ef 8310 	mrs	r3, PRIMASK
20000ae4:	b672      	cpsid	i
20000ae6:	4a4c      	ldr	r2, [pc, #304]	; (20000c18 <irq_remove_handler+0x140>)
20000ae8:	9302      	str	r3, [sp, #8]
20000aea:	6813      	ldr	r3, [r2, #0]
20000aec:	2b00      	cmp	r3, #0
20000aee:	d0fc      	beq.n	20000aea <irq_remove_handler+0x12>
20000af0:	f3bf 8f5f 	dmb	sy
20000af4:	4b49      	ldr	r3, [pc, #292]	; (20000c1c <irq_remove_handler+0x144>)
20000af6:	9c01      	ldr	r4, [sp, #4]
20000af8:	689b      	ldr	r3, [r3, #8]
20000afa:	3410      	adds	r4, #16
20000afc:	00a2      	lsls	r2, r4, #2
20000afe:	58d6      	ldr	r6, [r2, r3]
20000b00:	4b47      	ldr	r3, [pc, #284]	; (20000c20 <irq_remove_handler+0x148>)
20000b02:	429e      	cmp	r6, r3
20000b04:	d065      	beq.n	20000bd2 <irq_remove_handler+0xfa>
20000b06:	42be      	cmp	r6, r7
20000b08:	d100      	bne.n	20000b0c <irq_remove_handler+0x34>
20000b0a:	e07f      	b.n	20000c0c <irq_remove_handler+0x134>
20000b0c:	4b45      	ldr	r3, [pc, #276]	; (20000c24 <irq_remove_handler+0x14c>)
20000b0e:	1af3      	subs	r3, r6, r3
20000b10:	2b2f      	cmp	r3, #47	; 0x2f
20000b12:	d85e      	bhi.n	20000bd2 <irq_remove_handler+0xfa>
20000b14:	9801      	ldr	r0, [sp, #4]
20000b16:	f7ff ff89 	bl	20000a2c <irq_is_enabled>
20000b1a:	2100      	movs	r1, #0
20000b1c:	9003      	str	r0, [sp, #12]
20000b1e:	9801      	ldr	r0, [sp, #4]
20000b20:	f7ff ffa0 	bl	20000a64 <irq_set_enabled>
20000b24:	f3bf 8f5f 	dmb	sy
20000b28:	f3ef 8205 	mrs	r2, IPSR
20000b2c:	2a00      	cmp	r2, #0
20000b2e:	d006      	beq.n	20000b3e <irq_remove_handler+0x66>
20000b30:	4294      	cmp	r4, r2
20000b32:	d004      	beq.n	20000b3e <irq_remove_handler+0x66>
20000b34:	2136      	movs	r1, #54	; 0x36
20000b36:	4b3c      	ldr	r3, [pc, #240]	; (20000c28 <irq_remove_handler+0x150>)
20000b38:	4a3c      	ldr	r2, [pc, #240]	; (20000c2c <irq_remove_handler+0x154>)
20000b3a:	31ff      	adds	r1, #255	; 0xff
20000b3c:	e05d      	b.n	20000bfa <irq_remove_handler+0x122>
20000b3e:	2301      	movs	r3, #1
20000b40:	0034      	movs	r4, r6
20000b42:	210c      	movs	r1, #12
20000b44:	439c      	bics	r4, r3
20000b46:	468c      	mov	ip, r1
20000b48:	2300      	movs	r3, #0
20000b4a:	4836      	ldr	r0, [pc, #216]	; (20000c24 <irq_remove_handler+0x14c>)
20000b4c:	2506      	movs	r5, #6
20000b4e:	68a1      	ldr	r1, [r4, #8]
20000b50:	5765      	ldrsb	r5, [r4, r5]
20000b52:	42b9      	cmp	r1, r7
20000b54:	d114      	bne.n	20000b80 <irq_remove_handler+0xa8>
20000b56:	2d00      	cmp	r5, #0
20000b58:	da19      	bge.n	20000b8e <irq_remove_handler+0xb6>
20000b5a:	2a00      	cmp	r2, #0
20000b5c:	d144      	bne.n	20000be8 <irq_remove_handler+0x110>
20000b5e:	2b00      	cmp	r3, #0
20000b60:	d040      	beq.n	20000be4 <irq_remove_handler+0x10c>
20000b62:	32ff      	adds	r2, #255	; 0xff
20000b64:	719a      	strb	r2, [r3, #6]
20000b66:	4a32      	ldr	r2, [pc, #200]	; (20000c30 <irq_remove_handler+0x158>)
20000b68:	809a      	strh	r2, [r3, #4]
20000b6a:	4a32      	ldr	r2, [pc, #200]	; (20000c34 <irq_remove_handler+0x15c>)
20000b6c:	492d      	ldr	r1, [pc, #180]	; (20000c24 <irq_remove_handler+0x14c>)
20000b6e:	7813      	ldrb	r3, [r2, #0]
20000b70:	71a3      	strb	r3, [r4, #6]
20000b72:	4b31      	ldr	r3, [pc, #196]	; (20000c38 <irq_remove_handler+0x160>)
20000b74:	1a64      	subs	r4, r4, r1
20000b76:	4164      	adcs	r4, r4
20000b78:	4363      	muls	r3, r4
20000b7a:	0d1b      	lsrs	r3, r3, #20
20000b7c:	7013      	strb	r3, [r2, #0]
20000b7e:	e024      	b.n	20000bca <irq_remove_handler+0xf2>
20000b80:	2d00      	cmp	r5, #0
20000b82:	db45      	blt.n	20000c10 <irq_remove_handler+0x138>
20000b84:	4663      	mov	r3, ip
20000b86:	435d      	muls	r5, r3
20000b88:	0023      	movs	r3, r4
20000b8a:	1944      	adds	r4, r0, r5
20000b8c:	e7de      	b.n	20000b4c <irq_remove_handler+0x74>
20000b8e:	200c      	movs	r0, #12
20000b90:	4368      	muls	r0, r5
20000b92:	4f24      	ldr	r7, [pc, #144]	; (20000c24 <irq_remove_handler+0x14c>)
20000b94:	183b      	adds	r3, r7, r0
20000b96:	689a      	ldr	r2, [r3, #8]
20000b98:	60a2      	str	r2, [r4, #8]
20000b9a:	79da      	ldrb	r2, [r3, #7]
20000b9c:	71e2      	strb	r2, [r4, #7]
20000b9e:	799b      	ldrb	r3, [r3, #6]
20000ba0:	b25b      	sxtb	r3, r3
20000ba2:	71a3      	strb	r3, [r4, #6]
20000ba4:	2b00      	cmp	r3, #0
20000ba6:	db1b      	blt.n	20000be0 <irq_remove_handler+0x108>
20000ba8:	3004      	adds	r0, #4
20000baa:	19c0      	adds	r0, r0, r7
20000bac:	f7ff ff08 	bl	200009c0 <resolve_branch>
20000bb0:	1d23      	adds	r3, r4, #4
20000bb2:	0001      	movs	r1, r0
20000bb4:	0018      	movs	r0, r3
20000bb6:	f7ff ff19 	bl	200009ec <make_branch>
20000bba:	230c      	movs	r3, #12
20000bbc:	436b      	muls	r3, r5
20000bbe:	18ff      	adds	r7, r7, r3
20000bc0:	4b1c      	ldr	r3, [pc, #112]	; (20000c34 <irq_remove_handler+0x15c>)
20000bc2:	80a0      	strh	r0, [r4, #4]
20000bc4:	781a      	ldrb	r2, [r3, #0]
20000bc6:	701d      	strb	r5, [r3, #0]
20000bc8:	71ba      	strb	r2, [r7, #6]
20000bca:	9903      	ldr	r1, [sp, #12]
20000bcc:	9801      	ldr	r0, [sp, #4]
20000bce:	f7ff ff49 	bl	20000a64 <irq_set_enabled>
20000bd2:	9a02      	ldr	r2, [sp, #8]
20000bd4:	0031      	movs	r1, r6
20000bd6:	9801      	ldr	r0, [sp, #4]
20000bd8:	f7ff fede 	bl	20000998 <set_raw_irq_handler_and_unlock>
20000bdc:	b005      	add	sp, #20
20000bde:	bdf0      	pop	{r4, r5, r6, r7, pc}
20000be0:	4816      	ldr	r0, [pc, #88]	; (20000c3c <irq_remove_handler+0x164>)
20000be2:	e7ea      	b.n	20000bba <irq_remove_handler+0xe2>
20000be4:	4e0e      	ldr	r6, [pc, #56]	; (20000c20 <irq_remove_handler+0x148>)
20000be6:	e7c0      	b.n	20000b6a <irq_remove_handler+0x92>
20000be8:	4b15      	ldr	r3, [pc, #84]	; (20000c40 <irq_remove_handler+0x168>)
20000bea:	1b1b      	subs	r3, r3, r4
20000bec:	3b08      	subs	r3, #8
20000bee:	085a      	lsrs	r2, r3, #1
20000bf0:	0b1b      	lsrs	r3, r3, #12
20000bf2:	d005      	beq.n	20000c00 <irq_remove_handler+0x128>
20000bf4:	21ab      	movs	r1, #171	; 0xab
20000bf6:	4b13      	ldr	r3, [pc, #76]	; (20000c44 <irq_remove_handler+0x16c>)
20000bf8:	4a13      	ldr	r2, [pc, #76]	; (20000c48 <irq_remove_handler+0x170>)
20000bfa:	4814      	ldr	r0, [pc, #80]	; (20000c4c <irq_remove_handler+0x174>)
20000bfc:	f001 fa32 	bl	20002064 <__assert_func>
20000c00:	4b13      	ldr	r3, [pc, #76]	; (20000c50 <irq_remove_handler+0x178>)
20000c02:	80a3      	strh	r3, [r4, #4]
20000c04:	4b13      	ldr	r3, [pc, #76]	; (20000c54 <irq_remove_handler+0x17c>)
20000c06:	4313      	orrs	r3, r2
20000c08:	80e3      	strh	r3, [r4, #6]
20000c0a:	e7de      	b.n	20000bca <irq_remove_handler+0xf2>
20000c0c:	001e      	movs	r6, r3
20000c0e:	e7e0      	b.n	20000bd2 <irq_remove_handler+0xfa>
20000c10:	4b11      	ldr	r3, [pc, #68]	; (20000c58 <irq_remove_handler+0x180>)
20000c12:	4a06      	ldr	r2, [pc, #24]	; (20000c2c <irq_remove_handler+0x154>)
20000c14:	216a      	movs	r1, #106	; 0x6a
20000c16:	e790      	b.n	20000b3a <irq_remove_handler+0x62>
20000c18:	d0000124 	.word	0xd0000124
20000c1c:	e000ed00 	.word	0xe000ed00
20000c20:	100001cd 	.word	0x100001cd
20000c24:	20004f28 	.word	0x20004f28
20000c28:	20004256 	.word	0x20004256
20000c2c:	200041f1 	.word	0x200041f1
20000c30:	ffffbd01 	.word	0xffffbd01
20000c34:	200052ac 	.word	0x200052ac
20000c38:	0000aaaa 	.word	0x0000aaaa
20000c3c:	0000bd01 	.word	0x0000bd01
20000c40:	20004f62 	.word	0x20004f62
20000c44:	20004288 	.word	0x20004288
20000c48:	200041cb 	.word	0x200041cb
20000c4c:	20004319 	.word	0x20004319
20000c50:	fffff000 	.word	0xfffff000
20000c54:	fffff800 	.word	0xfffff800
20000c58:	20004298 	.word	0x20004298

20000c5c <irq_add_tail_to_free_list>:
20000c5c:	b5f8      	push	{r3, r4, r5, r6, r7, lr}
20000c5e:	2501      	movs	r5, #1
20000c60:	4a29      	ldr	r2, [pc, #164]	; (20000d08 <irq_add_tail_to_free_list+0xac>)
20000c62:	4305      	orrs	r5, r0
20000c64:	1aab      	subs	r3, r5, r2
20000c66:	2b2f      	cmp	r3, #47	; 0x2f
20000c68:	d904      	bls.n	20000c74 <irq_add_tail_to_free_list+0x18>
20000c6a:	21c7      	movs	r1, #199	; 0xc7
20000c6c:	4b27      	ldr	r3, [pc, #156]	; (20000d0c <irq_add_tail_to_free_list+0xb0>)
20000c6e:	4a28      	ldr	r2, [pc, #160]	; (20000d10 <irq_add_tail_to_free_list+0xb4>)
20000c70:	0049      	lsls	r1, r1, #1
20000c72:	e007      	b.n	20000c84 <irq_add_tail_to_free_list+0x28>
20000c74:	f3ef 8105 	mrs	r1, IPSR
20000c78:	2900      	cmp	r1, #0
20000c7a:	d106      	bne.n	20000c8a <irq_add_tail_to_free_list+0x2e>
20000c7c:	2192      	movs	r1, #146	; 0x92
20000c7e:	4b25      	ldr	r3, [pc, #148]	; (20000d14 <irq_add_tail_to_free_list+0xb8>)
20000c80:	4a23      	ldr	r2, [pc, #140]	; (20000d10 <irq_add_tail_to_free_list+0xb4>)
20000c82:	31ff      	adds	r1, #255	; 0xff
20000c84:	4824      	ldr	r0, [pc, #144]	; (20000d18 <irq_add_tail_to_free_list+0xbc>)
20000c86:	f001 f9ed 	bl	20002064 <__assert_func>
20000c8a:	f3ef 8710 	mrs	r7, PRIMASK
20000c8e:	b672      	cpsid	i
20000c90:	4b22      	ldr	r3, [pc, #136]	; (20000d1c <irq_add_tail_to_free_list+0xc0>)
20000c92:	469c      	mov	ip, r3
20000c94:	681c      	ldr	r4, [r3, #0]
20000c96:	2c00      	cmp	r4, #0
20000c98:	d0fc      	beq.n	20000c94 <irq_add_tail_to_free_list+0x38>
20000c9a:	f3bf 8f5f 	dmb	sy
20000c9e:	4b20      	ldr	r3, [pc, #128]	; (20000d20 <irq_add_tail_to_free_list+0xc4>)
20000ca0:	0004      	movs	r4, r0
20000ca2:	1aa4      	subs	r4, r4, r2
20000ca4:	4164      	adcs	r4, r4
20000ca6:	4363      	muls	r3, r4
20000ca8:	0d1b      	lsrs	r3, r3, #20
20000caa:	4c1e      	ldr	r4, [pc, #120]	; (20000d24 <irq_add_tail_to_free_list+0xc8>)
20000cac:	0089      	lsls	r1, r1, #2
20000cae:	68a4      	ldr	r4, [r4, #8]
20000cb0:	b25b      	sxtb	r3, r3
20000cb2:	5864      	ldr	r4, [r4, r1]
20000cb4:	0026      	movs	r6, r4
20000cb6:	2400      	movs	r4, #0
20000cb8:	42ae      	cmp	r6, r5
20000cba:	d10f      	bne.n	20000cdc <irq_add_tail_to_free_list+0x80>
20000cbc:	4a19      	ldr	r2, [pc, #100]	; (20000d24 <irq_add_tail_to_free_list+0xc8>)
20000cbe:	4c1a      	ldr	r4, [pc, #104]	; (20000d28 <irq_add_tail_to_free_list+0xcc>)
20000cc0:	6892      	ldr	r2, [r2, #8]
20000cc2:	5054      	str	r4, [r2, r1]
20000cc4:	4a19      	ldr	r2, [pc, #100]	; (20000d2c <irq_add_tail_to_free_list+0xd0>)
20000cc6:	7811      	ldrb	r1, [r2, #0]
20000cc8:	7013      	strb	r3, [r2, #0]
20000cca:	7181      	strb	r1, [r0, #6]
20000ccc:	f3bf 8f5f 	dmb	sy
20000cd0:	2300      	movs	r3, #0
20000cd2:	4662      	mov	r2, ip
20000cd4:	6013      	str	r3, [r2, #0]
20000cd6:	f387 8810 	msr	PRIMASK, r7
20000cda:	bdf8      	pop	{r3, r4, r5, r6, r7, pc}
20000cdc:	2106      	movs	r1, #6
20000cde:	5651      	ldrsb	r1, [r2, r1]
20000ce0:	4299      	cmp	r1, r3
20000ce2:	d108      	bne.n	20000cf6 <irq_add_tail_to_free_list+0x9a>
20000ce4:	220c      	movs	r2, #12
20000ce6:	4354      	muls	r4, r2
20000ce8:	4a07      	ldr	r2, [pc, #28]	; (20000d08 <irq_add_tail_to_free_list+0xac>)
20000cea:	1914      	adds	r4, r2, r4
20000cec:	22ff      	movs	r2, #255	; 0xff
20000cee:	71a2      	strb	r2, [r4, #6]
20000cf0:	4a0f      	ldr	r2, [pc, #60]	; (20000d30 <irq_add_tail_to_free_list+0xd4>)
20000cf2:	80a2      	strh	r2, [r4, #4]
20000cf4:	e7e6      	b.n	20000cc4 <irq_add_tail_to_free_list+0x68>
20000cf6:	3401      	adds	r4, #1
20000cf8:	320c      	adds	r2, #12
20000cfa:	2c04      	cmp	r4, #4
20000cfc:	d1ee      	bne.n	20000cdc <irq_add_tail_to_free_list+0x80>
20000cfe:	4b0d      	ldr	r3, [pc, #52]	; (20000d34 <irq_add_tail_to_free_list+0xd8>)
20000d00:	4a03      	ldr	r2, [pc, #12]	; (20000d10 <irq_add_tail_to_free_list+0xb4>)
20000d02:	21d1      	movs	r1, #209	; 0xd1
20000d04:	e7b4      	b.n	20000c70 <irq_add_tail_to_free_list+0x14>
20000d06:	46c0      	nop			; (mov r8, r8)
20000d08:	20004f28 	.word	0x20004f28
20000d0c:	2000421e 	.word	0x2000421e
20000d10:	20004204 	.word	0x20004204
20000d14:	20004246 	.word	0x20004246
20000d18:	20004319 	.word	0x20004319
20000d1c:	d0000124 	.word	0xd0000124
20000d20:	0000aaaa 	.word	0x0000aaaa
20000d24:	e000ed00 	.word	0xe000ed00
20000d28:	100001cd 	.word	0x100001cd
20000d2c:	200052ac 	.word	0x200052ac
20000d30:	ffffbd01 	.word	0xffffbd01
20000d34:	20004250 	.word	0x20004250

20000d38 <irq_init_priorities>:
20000d38:	4b05      	ldr	r3, [pc, #20]	; (20000d50 <irq_init_priorities+0x18>)
20000d3a:	4a06      	ldr	r2, [pc, #24]	; (20000d54 <irq_init_priorities+0x1c>)
20000d3c:	6013      	str	r3, [r2, #0]
20000d3e:	4a06      	ldr	r2, [pc, #24]	; (20000d58 <irq_init_priorities+0x20>)
20000d40:	6013      	str	r3, [r2, #0]
20000d42:	6053      	str	r3, [r2, #4]
20000d44:	6093      	str	r3, [r2, #8]
20000d46:	60d3      	str	r3, [r2, #12]
20000d48:	6113      	str	r3, [r2, #16]
20000d4a:	6153      	str	r3, [r2, #20]
20000d4c:	6193      	str	r3, [r2, #24]
20000d4e:	4770      	bx	lr
20000d50:	80808080 	.word	0x80808080
20000d54:	e000e400 	.word	0xe000e400
20000d58:	e000e404 	.word	0xe000e404

20000d5c <lock_init>:
20000d5c:	4b02      	ldr	r3, [pc, #8]	; (20000d68 <lock_init+0xc>)
20000d5e:	18c9      	adds	r1, r1, r3
20000d60:	0089      	lsls	r1, r1, #2
20000d62:	6001      	str	r1, [r0, #0]
20000d64:	4770      	bx	lr
20000d66:	46c0      	nop			; (mov r8, r8)
20000d68:	34000040 	.word	0x34000040

20000d6c <mutex_init>:
20000d6c:	b510      	push	{r4, lr}
20000d6e:	0004      	movs	r4, r0
20000d70:	f7ff fe06 	bl	20000980 <next_striped_spin_lock_num>
20000d74:	0001      	movs	r1, r0
20000d76:	0020      	movs	r0, r4
20000d78:	f7ff fff0 	bl	20000d5c <lock_init>
20000d7c:	23ff      	movs	r3, #255	; 0xff
20000d7e:	7123      	strb	r3, [r4, #4]
20000d80:	f3bf 8f5f 	dmb	sy
20000d84:	bd10      	pop	{r4, pc}

20000d86 <recursive_mutex_init>:
20000d86:	b510      	push	{r4, lr}
20000d88:	0004      	movs	r4, r0
20000d8a:	f7ff fdf9 	bl	20000980 <next_striped_spin_lock_num>
20000d8e:	0001      	movs	r1, r0
20000d90:	0020      	movs	r0, r4
20000d92:	f7ff ffe3 	bl	20000d5c <lock_init>
20000d96:	23ff      	movs	r3, #255	; 0xff
20000d98:	80a3      	strh	r3, [r4, #4]
20000d9a:	f3bf 8f5f 	dmb	sy
20000d9e:	bd10      	pop	{r4, pc}

20000da0 <time_reached>:
20000da0:	b530      	push	{r4, r5, lr}
20000da2:	4d08      	ldr	r5, [pc, #32]	; (20000dc4 <time_reached+0x24>)
20000da4:	2201      	movs	r2, #1
20000da6:	6a6c      	ldr	r4, [r5, #36]	; 0x24
20000da8:	2300      	movs	r3, #0
20000daa:	428c      	cmp	r4, r1
20000dac:	d306      	bcc.n	20000dbc <time_reached+0x1c>
20000dae:	6aad      	ldr	r5, [r5, #40]	; 0x28
20000db0:	0013      	movs	r3, r2
20000db2:	4285      	cmp	r5, r0
20000db4:	d202      	bcs.n	20000dbc <time_reached+0x1c>
20000db6:	1b0b      	subs	r3, r1, r4
20000db8:	1e59      	subs	r1, r3, #1
20000dba:	418b      	sbcs	r3, r1
20000dbc:	4013      	ands	r3, r2
20000dbe:	0018      	movs	r0, r3
20000dc0:	bd30      	pop	{r4, r5, pc}
20000dc2:	46c0      	nop			; (mov r8, r8)
20000dc4:	40054000 	.word	0x40054000

20000dc8 <sleep_until_callback>:
20000dc8:	4b0a      	ldr	r3, [pc, #40]	; (20000df4 <sleep_until_callback+0x2c>)
20000dca:	6818      	ldr	r0, [r3, #0]
20000dcc:	f3ef 8210 	mrs	r2, PRIMASK
20000dd0:	b672      	cpsid	i
20000dd2:	6801      	ldr	r1, [r0, #0]
20000dd4:	2900      	cmp	r1, #0
20000dd6:	d0fc      	beq.n	20000dd2 <sleep_until_callback+0xa>
20000dd8:	f3bf 8f5f 	dmb	sy
20000ddc:	681b      	ldr	r3, [r3, #0]
20000dde:	f3bf 8f5f 	dmb	sy
20000de2:	2100      	movs	r1, #0
20000de4:	6019      	str	r1, [r3, #0]
20000de6:	f382 8810 	msr	PRIMASK, r2
20000dea:	bf40      	sev
20000dec:	2000      	movs	r0, #0
20000dee:	2100      	movs	r1, #0
20000df0:	4770      	bx	lr
20000df2:	46c0      	nop			; (mov r8, r8)
20000df4:	20005254 	.word	0x20005254

20000df8 <alarm_pool_post_alloc_init>:
20000df8:	b570      	push	{r4, r5, r6, lr}
20000dfa:	000c      	movs	r4, r1
20000dfc:	0005      	movs	r5, r0
20000dfe:	0008      	movs	r0, r1
20000e00:	f000 fd22 	bl	20001848 <hardware_alarm_cancel>
20000e04:	4909      	ldr	r1, [pc, #36]	; (20000e2c <alarm_pool_post_alloc_init+0x34>)
20000e06:	0020      	movs	r0, r4
20000e08:	f000 fc64 	bl	200016d4 <hardware_alarm_set_callback>
20000e0c:	f7ff fdb8 	bl	20000980 <next_striped_spin_lock_num>
20000e10:	4b07      	ldr	r3, [pc, #28]	; (20000e30 <alarm_pool_post_alloc_init+0x38>)
20000e12:	752c      	strb	r4, [r5, #20]
20000e14:	18c0      	adds	r0, r0, r3
20000e16:	23d0      	movs	r3, #208	; 0xd0
20000e18:	061b      	lsls	r3, r3, #24
20000e1a:	681b      	ldr	r3, [r3, #0]
20000e1c:	0080      	lsls	r0, r0, #2
20000e1e:	756b      	strb	r3, [r5, #21]
20000e20:	4b04      	ldr	r3, [pc, #16]	; (20000e34 <alarm_pool_post_alloc_init+0x3c>)
20000e22:	00a4      	lsls	r4, r4, #2
20000e24:	6068      	str	r0, [r5, #4]
20000e26:	50e5      	str	r5, [r4, r3]
20000e28:	bd70      	pop	{r4, r5, r6, pc}
20000e2a:	46c0      	nop			; (mov r8, r8)
20000e2c:	20001095 	.word	0x20001095
20000e30:	34000040 	.word	0x34000040
20000e34:	20005240 	.word	0x20005240

20000e38 <get_entry>:
20000e38:	b510      	push	{r4, lr}
20000e3a:	2900      	cmp	r1, #0
20000e3c:	d003      	beq.n	20000e46 <get_entry+0xe>
20000e3e:	6803      	ldr	r3, [r0, #0]
20000e40:	7b1b      	ldrb	r3, [r3, #12]
20000e42:	428b      	cmp	r3, r1
20000e44:	d205      	bcs.n	20000e52 <get_entry+0x1a>
20000e46:	4b06      	ldr	r3, [pc, #24]	; (20000e60 <get_entry+0x28>)
20000e48:	4a06      	ldr	r2, [pc, #24]	; (20000e64 <get_entry+0x2c>)
20000e4a:	213c      	movs	r1, #60	; 0x3c
20000e4c:	4806      	ldr	r0, [pc, #24]	; (20000e68 <get_entry+0x30>)
20000e4e:	f001 f909 	bl	20002064 <__assert_func>
20000e52:	4b06      	ldr	r3, [pc, #24]	; (20000e6c <get_entry+0x34>)
20000e54:	6880      	ldr	r0, [r0, #8]
20000e56:	18c9      	adds	r1, r1, r3
20000e58:	0109      	lsls	r1, r1, #4
20000e5a:	1840      	adds	r0, r0, r1
20000e5c:	bd10      	pop	{r4, pc}
20000e5e:	46c0      	nop			; (mov r8, r8)
20000e60:	200045c4 	.word	0x200045c4
20000e64:	20004449 	.word	0x20004449
20000e68:	200045e6 	.word	0x200045e6
20000e6c:	0fffffff 	.word	0x0fffffff

20000e70 <timer_pool_entry_comparator>:
20000e70:	b570      	push	{r4, r5, r6, lr}
20000e72:	0016      	movs	r6, r2
20000e74:	0005      	movs	r5, r0
20000e76:	f7ff ffdf 	bl	20000e38 <get_entry>
20000e7a:	0031      	movs	r1, r6
20000e7c:	0004      	movs	r4, r0
20000e7e:	0028      	movs	r0, r5
20000e80:	f7ff ffda 	bl	20000e38 <get_entry>
20000e84:	6862      	ldr	r2, [r4, #4]
20000e86:	6841      	ldr	r1, [r0, #4]
20000e88:	2301      	movs	r3, #1
20000e8a:	4291      	cmp	r1, r2
20000e8c:	d805      	bhi.n	20000e9a <timer_pool_entry_comparator+0x2a>
20000e8e:	d103      	bne.n	20000e98 <timer_pool_entry_comparator+0x28>
20000e90:	6801      	ldr	r1, [r0, #0]
20000e92:	6822      	ldr	r2, [r4, #0]
20000e94:	4291      	cmp	r1, r2
20000e96:	d800      	bhi.n	20000e9a <timer_pool_entry_comparator+0x2a>
20000e98:	2300      	movs	r3, #0
20000e9a:	b2d8      	uxtb	r0, r3
20000e9c:	bd70      	pop	{r4, r5, r6, pc}
	...

20000ea0 <update_us_since_boot.isra.2.part.3>:
20000ea0:	b510      	push	{r4, lr}
20000ea2:	4b03      	ldr	r3, [pc, #12]	; (20000eb0 <update_us_since_boot.isra.2.part.3+0x10>)
20000ea4:	4a03      	ldr	r2, [pc, #12]	; (20000eb4 <update_us_since_boot.isra.2.part.3+0x14>)
20000ea6:	213f      	movs	r1, #63	; 0x3f
20000ea8:	4803      	ldr	r0, [pc, #12]	; (20000eb8 <update_us_since_boot.isra.2.part.3+0x18>)
20000eaa:	f001 f8db 	bl	20002064 <__assert_func>
20000eae:	46c0      	nop			; (mov r8, r8)
20000eb0:	200046fa 	.word	0x200046fa
20000eb4:	20004409 	.word	0x20004409
20000eb8:	20004715 	.word	0x20004715

20000ebc <get_absolute_time>:
20000ebc:	b510      	push	{r4, lr}
20000ebe:	0004      	movs	r4, r0
20000ec0:	f000 fbcc 	bl	2000165c <time_us_64>
20000ec4:	2900      	cmp	r1, #0
20000ec6:	da01      	bge.n	20000ecc <get_absolute_time+0x10>
20000ec8:	f7ff ffea 	bl	20000ea0 <update_us_since_boot.isra.2.part.3>
20000ecc:	6020      	str	r0, [r4, #0]
20000ece:	6061      	str	r1, [r4, #4]
20000ed0:	0020      	movs	r0, r4
20000ed2:	bd10      	pop	{r4, pc}

20000ed4 <ph_get_node>:
20000ed4:	b510      	push	{r4, lr}
20000ed6:	2900      	cmp	r1, #0
20000ed8:	d002      	beq.n	20000ee0 <ph_get_node+0xc>
20000eda:	7b03      	ldrb	r3, [r0, #12]
20000edc:	428b      	cmp	r3, r1
20000ede:	d205      	bcs.n	20000eec <ph_get_node+0x18>
20000ee0:	4b05      	ldr	r3, [pc, #20]	; (20000ef8 <ph_get_node+0x24>)
20000ee2:	4a06      	ldr	r2, [pc, #24]	; (20000efc <ph_get_node+0x28>)
20000ee4:	2168      	movs	r1, #104	; 0x68
20000ee6:	4806      	ldr	r0, [pc, #24]	; (20000f00 <ph_get_node+0x2c>)
20000ee8:	f001 f8bc 	bl	20002064 <__assert_func>
20000eec:	2303      	movs	r3, #3
20000eee:	434b      	muls	r3, r1
20000ef0:	6800      	ldr	r0, [r0, #0]
20000ef2:	3b03      	subs	r3, #3
20000ef4:	18c0      	adds	r0, r0, r3
20000ef6:	bd10      	pop	{r4, pc}
20000ef8:	20004642 	.word	0x20004642
20000efc:	2000441e 	.word	0x2000441e
20000f00:	2000465e 	.word	0x2000465e

20000f04 <ph_contains_node>:
20000f04:	b510      	push	{r4, lr}
20000f06:	7b42      	ldrb	r2, [r0, #13]
20000f08:	2301      	movs	r3, #1
20000f0a:	428a      	cmp	r2, r1
20000f0c:	d004      	beq.n	20000f18 <ph_contains_node+0x14>
20000f0e:	f7ff ffe1 	bl	20000ed4 <ph_get_node>
20000f12:	7883      	ldrb	r3, [r0, #2]
20000f14:	1e58      	subs	r0, r3, #1
20000f16:	4183      	sbcs	r3, r0
20000f18:	0018      	movs	r0, r3
20000f1a:	bd10      	pop	{r4, pc}

20000f1c <ph_add_child_node>:
20000f1c:	b5f8      	push	{r3, r4, r5, r6, r7, lr}
20000f1e:	0007      	movs	r7, r0
20000f20:	000d      	movs	r5, r1
20000f22:	0014      	movs	r4, r2
20000f24:	f7ff ffd6 	bl	20000ed4 <ph_get_node>
20000f28:	0006      	movs	r6, r0
20000f2a:	2d00      	cmp	r5, #0
20000f2c:	d105      	bne.n	20000f3a <ph_add_child_node+0x1e>
20000f2e:	216f      	movs	r1, #111	; 0x6f
20000f30:	4b0e      	ldr	r3, [pc, #56]	; (20000f6c <ph_add_child_node+0x50>)
20000f32:	4a0f      	ldr	r2, [pc, #60]	; (20000f70 <ph_add_child_node+0x54>)
20000f34:	480f      	ldr	r0, [pc, #60]	; (20000f74 <ph_add_child_node+0x58>)
20000f36:	f001 f895 	bl	20002064 <__assert_func>
20000f3a:	2c00      	cmp	r4, #0
20000f3c:	d103      	bne.n	20000f46 <ph_add_child_node+0x2a>
20000f3e:	4b0e      	ldr	r3, [pc, #56]	; (20000f78 <ph_add_child_node+0x5c>)
20000f40:	4a0b      	ldr	r2, [pc, #44]	; (20000f70 <ph_add_child_node+0x54>)
20000f42:	2170      	movs	r1, #112	; 0x70
20000f44:	e7f6      	b.n	20000f34 <ph_add_child_node+0x18>
20000f46:	42a5      	cmp	r5, r4
20000f48:	d103      	bne.n	20000f52 <ph_add_child_node+0x36>
20000f4a:	4b0c      	ldr	r3, [pc, #48]	; (20000f7c <ph_add_child_node+0x60>)
20000f4c:	4a08      	ldr	r2, [pc, #32]	; (20000f70 <ph_add_child_node+0x54>)
20000f4e:	2171      	movs	r1, #113	; 0x71
20000f50:	e7f0      	b.n	20000f34 <ph_add_child_node+0x18>
20000f52:	0021      	movs	r1, r4
20000f54:	0038      	movs	r0, r7
20000f56:	f7ff ffbd 	bl	20000ed4 <ph_get_node>
20000f5a:	7085      	strb	r5, [r0, #2]
20000f5c:	7833      	ldrb	r3, [r6, #0]
20000f5e:	2b00      	cmp	r3, #0
20000f60:	d101      	bne.n	20000f66 <ph_add_child_node+0x4a>
20000f62:	7034      	strb	r4, [r6, #0]
20000f64:	bdf8      	pop	{r3, r4, r5, r6, r7, pc}
20000f66:	7043      	strb	r3, [r0, #1]
20000f68:	e7fb      	b.n	20000f62 <ph_add_child_node+0x46>
20000f6a:	46c0      	nop			; (mov r8, r8)
20000f6c:	20004622 	.word	0x20004622
20000f70:	2000442a 	.word	0x2000442a
20000f74:	2000465e 	.word	0x2000465e
20000f78:	20004639 	.word	0x20004639
20000f7c:	2000462c 	.word	0x2000462c

20000f80 <add_alarm_under_lock>:
20000f80:	b5f0      	push	{r4, r5, r6, r7, lr}
20000f82:	b085      	sub	sp, #20
20000f84:	9200      	str	r2, [sp, #0]
20000f86:	9301      	str	r3, [sp, #4]
20000f88:	ab0c      	add	r3, sp, #48	; 0x30
20000f8a:	781c      	ldrb	r4, [r3, #0]
20000f8c:	ab0d      	add	r3, sp, #52	; 0x34
20000f8e:	781b      	ldrb	r3, [r3, #0]
20000f90:	0007      	movs	r7, r0
20000f92:	9303      	str	r3, [sp, #12]
20000f94:	6805      	ldr	r5, [r0, #0]
20000f96:	2c00      	cmp	r4, #0
20000f98:	d00b      	beq.n	20000fb2 <add_alarm_under_lock+0x32>
20000f9a:	0021      	movs	r1, r4
20000f9c:	0028      	movs	r0, r5
20000f9e:	f7ff ffb1 	bl	20000f04 <ph_contains_node>
20000fa2:	2800      	cmp	r0, #0
20000fa4:	d015      	beq.n	20000fd2 <add_alarm_under_lock+0x52>
20000fa6:	4b2c      	ldr	r3, [pc, #176]	; (20001058 <add_alarm_under_lock+0xd8>)
20000fa8:	4a2c      	ldr	r2, [pc, #176]	; (2000105c <add_alarm_under_lock+0xdc>)
20000faa:	2167      	movs	r1, #103	; 0x67
20000fac:	482c      	ldr	r0, [pc, #176]	; (20001060 <add_alarm_under_lock+0xe0>)
20000fae:	f001 f859 	bl	20002064 <__assert_func>
20000fb2:	7bac      	ldrb	r4, [r5, #14]
20000fb4:	2c00      	cmp	r4, #0
20000fb6:	d044      	beq.n	20001042 <add_alarm_under_lock+0xc2>
20000fb8:	0021      	movs	r1, r4
20000fba:	0028      	movs	r0, r5
20000fbc:	f7ff ff8a 	bl	20000ed4 <ph_get_node>
20000fc0:	7843      	ldrb	r3, [r0, #1]
20000fc2:	73ab      	strb	r3, [r5, #14]
20000fc4:	2b00      	cmp	r3, #0
20000fc6:	d100      	bne.n	20000fca <add_alarm_under_lock+0x4a>
20000fc8:	73eb      	strb	r3, [r5, #15]
20000fca:	2300      	movs	r3, #0
20000fcc:	7083      	strb	r3, [r0, #2]
20000fce:	7043      	strb	r3, [r0, #1]
20000fd0:	7003      	strb	r3, [r0, #0]
20000fd2:	0021      	movs	r1, r4
20000fd4:	0038      	movs	r0, r7
20000fd6:	f7ff ff2f 	bl	20000e38 <get_entry>
20000fda:	9a00      	ldr	r2, [sp, #0]
20000fdc:	9b01      	ldr	r3, [sp, #4]
20000fde:	6002      	str	r2, [r0, #0]
20000fe0:	6043      	str	r3, [r0, #4]
20000fe2:	9b0a      	ldr	r3, [sp, #40]	; 0x28
20000fe4:	0021      	movs	r1, r4
20000fe6:	6083      	str	r3, [r0, #8]
20000fe8:	9b0b      	ldr	r3, [sp, #44]	; 0x2c
20000fea:	60c3      	str	r3, [r0, #12]
20000fec:	0028      	movs	r0, r5
20000fee:	f7ff ff71 	bl	20000ed4 <ph_get_node>
20000ff2:	2300      	movs	r3, #0
20000ff4:	7083      	strb	r3, [r0, #2]
20000ff6:	7043      	strb	r3, [r0, #1]
20000ff8:	7003      	strb	r3, [r0, #0]
20000ffa:	7b6e      	ldrb	r6, [r5, #13]
20000ffc:	429e      	cmp	r6, r3
20000ffe:	d028      	beq.n	20001052 <add_alarm_under_lock+0xd2>
20001000:	0022      	movs	r2, r4
20001002:	0031      	movs	r1, r6
20001004:	68a8      	ldr	r0, [r5, #8]
20001006:	686b      	ldr	r3, [r5, #4]
20001008:	4798      	blx	r3
2000100a:	2800      	cmp	r0, #0
2000100c:	d01c      	beq.n	20001048 <add_alarm_under_lock+0xc8>
2000100e:	0022      	movs	r2, r4
20001010:	0031      	movs	r1, r6
20001012:	0028      	movs	r0, r5
20001014:	f7ff ff82 	bl	20000f1c <ph_add_child_node>
20001018:	736e      	strb	r6, [r5, #13]
2000101a:	42a6      	cmp	r6, r4
2000101c:	d111      	bne.n	20001042 <add_alarm_under_lock+0xc2>
2000101e:	9a00      	ldr	r2, [sp, #0]
20001020:	9b01      	ldr	r3, [sp, #4]
20001022:	7d38      	ldrb	r0, [r7, #20]
20001024:	f000 fba0 	bl	20001768 <hardware_alarm_set_target>
20001028:	1e05      	subs	r5, r0, #0
2000102a:	d006      	beq.n	2000103a <add_alarm_under_lock+0xba>
2000102c:	9b03      	ldr	r3, [sp, #12]
2000102e:	2b00      	cmp	r3, #0
20001030:	d103      	bne.n	2000103a <add_alarm_under_lock+0xba>
20001032:	0021      	movs	r1, r4
20001034:	6838      	ldr	r0, [r7, #0]
20001036:	f000 fd31 	bl	20001a9c <ph_remove_and_free_node>
2000103a:	9b0e      	ldr	r3, [sp, #56]	; 0x38
2000103c:	2b00      	cmp	r3, #0
2000103e:	d000      	beq.n	20001042 <add_alarm_under_lock+0xc2>
20001040:	701d      	strb	r5, [r3, #0]
20001042:	0020      	movs	r0, r4
20001044:	b005      	add	sp, #20
20001046:	bdf0      	pop	{r4, r5, r6, r7, pc}
20001048:	0032      	movs	r2, r6
2000104a:	0021      	movs	r1, r4
2000104c:	0028      	movs	r0, r5
2000104e:	f7ff ff65 	bl	20000f1c <ph_add_child_node>
20001052:	0026      	movs	r6, r4
20001054:	e7e0      	b.n	20001018 <add_alarm_under_lock+0x98>
20001056:	46c0      	nop			; (mov r8, r8)
20001058:	200044c3 	.word	0x200044c3
2000105c:	2000447c 	.word	0x2000447c
20001060:	200045e6 	.word	0x200045e6

20001064 <get_entry_id_high>:
20001064:	b510      	push	{r4, lr}
20001066:	2900      	cmp	r1, #0
20001068:	d003      	beq.n	20001072 <get_entry_id_high+0xe>
2000106a:	6803      	ldr	r3, [r0, #0]
2000106c:	7b1b      	ldrb	r3, [r3, #12]
2000106e:	428b      	cmp	r3, r1
20001070:	d205      	bcs.n	2000107e <get_entry_id_high+0x1a>
20001072:	4b05      	ldr	r3, [pc, #20]	; (20001088 <get_entry_id_high+0x24>)
20001074:	4a05      	ldr	r2, [pc, #20]	; (2000108c <get_entry_id_high+0x28>)
20001076:	2141      	movs	r1, #65	; 0x41
20001078:	4805      	ldr	r0, [pc, #20]	; (20001090 <get_entry_id_high+0x2c>)
2000107a:	f000 fff3 	bl	20002064 <__assert_func>
2000107e:	68c0      	ldr	r0, [r0, #12]
20001080:	3901      	subs	r1, #1
20001082:	1840      	adds	r0, r0, r1
20001084:	bd10      	pop	{r4, pc}
20001086:	46c0      	nop			; (mov r8, r8)
20001088:	200045c4 	.word	0x200045c4
2000108c:	20004453 	.word	0x20004453
20001090:	200045e6 	.word	0x200045e6

20001094 <alarm_pool_alarm_callback>:
20001094:	2300      	movs	r3, #0
20001096:	b5f0      	push	{r4, r5, r6, r7, lr}
20001098:	b093      	sub	sp, #76	; 0x4c
2000109a:	930a      	str	r3, [sp, #40]	; 0x28
2000109c:	4b77      	ldr	r3, [pc, #476]	; (2000127c <alarm_pool_alarm_callback+0x1e8>)
2000109e:	0082      	lsls	r2, r0, #2
200010a0:	58d6      	ldr	r6, [r2, r3]
200010a2:	900e      	str	r0, [sp, #56]	; 0x38
200010a4:	a810      	add	r0, sp, #64	; 0x40
200010a6:	f7ff ff09 	bl	20000ebc <get_absolute_time>
200010aa:	9b10      	ldr	r3, [sp, #64]	; 0x40
200010ac:	9c11      	ldr	r4, [sp, #68]	; 0x44
200010ae:	6872      	ldr	r2, [r6, #4]
200010b0:	9308      	str	r3, [sp, #32]
200010b2:	9409      	str	r4, [sp, #36]	; 0x24
200010b4:	f3ef 8510 	mrs	r5, PRIMASK
200010b8:	b672      	cpsid	i
200010ba:	6813      	ldr	r3, [r2, #0]
200010bc:	2b00      	cmp	r3, #0
200010be:	d0fc      	beq.n	200010ba <alarm_pool_alarm_callback+0x26>
200010c0:	f3bf 8f5f 	dmb	sy
200010c4:	6833      	ldr	r3, [r6, #0]
200010c6:	7b5f      	ldrb	r7, [r3, #13]
200010c8:	9307      	str	r3, [sp, #28]
200010ca:	2f00      	cmp	r7, #0
200010cc:	d06b      	beq.n	200011a6 <alarm_pool_alarm_callback+0x112>
200010ce:	0039      	movs	r1, r7
200010d0:	0030      	movs	r0, r6
200010d2:	f7ff feb1 	bl	20000e38 <get_entry>
200010d6:	6802      	ldr	r2, [r0, #0]
200010d8:	6843      	ldr	r3, [r0, #4]
200010da:	0004      	movs	r4, r0
200010dc:	9808      	ldr	r0, [sp, #32]
200010de:	9909      	ldr	r1, [sp, #36]	; 0x24
200010e0:	1a12      	subs	r2, r2, r0
200010e2:	418b      	sbcs	r3, r1
200010e4:	2b00      	cmp	r3, #0
200010e6:	dc52      	bgt.n	2000118e <alarm_pool_alarm_callback+0xfa>
200010e8:	d101      	bne.n	200010ee <alarm_pool_alarm_callback+0x5a>
200010ea:	2a00      	cmp	r2, #0
200010ec:	d14f      	bne.n	2000118e <alarm_pool_alarm_callback+0xfa>
200010ee:	2100      	movs	r1, #0
200010f0:	9807      	ldr	r0, [sp, #28]
200010f2:	f000 fcc9 	bl	20001a88 <ph_remove_head>
200010f6:	42b8      	cmp	r0, r7
200010f8:	d005      	beq.n	20001106 <alarm_pool_alarm_callback+0x72>
200010fa:	218e      	movs	r1, #142	; 0x8e
200010fc:	4b60      	ldr	r3, [pc, #384]	; (20001280 <alarm_pool_alarm_callback+0x1ec>)
200010fe:	4a61      	ldr	r2, [pc, #388]	; (20001284 <alarm_pool_alarm_callback+0x1f0>)
20001100:	4861      	ldr	r0, [pc, #388]	; (20001288 <alarm_pool_alarm_callback+0x1f4>)
20001102:	f000 ffaf 	bl	20002064 <__assert_func>
20001106:	6822      	ldr	r2, [r4, #0]
20001108:	6863      	ldr	r3, [r4, #4]
2000110a:	920c      	str	r2, [sp, #48]	; 0x30
2000110c:	930d      	str	r3, [sp, #52]	; 0x34
2000110e:	68a3      	ldr	r3, [r4, #8]
20001110:	9307      	str	r3, [sp, #28]
20001112:	68e3      	ldr	r3, [r4, #12]
20001114:	9308      	str	r3, [sp, #32]
20001116:	9b07      	ldr	r3, [sp, #28]
20001118:	2b00      	cmp	r3, #0
2000111a:	d103      	bne.n	20001124 <alarm_pool_alarm_callback+0x90>
2000111c:	4b5b      	ldr	r3, [pc, #364]	; (2000128c <alarm_pool_alarm_callback+0x1f8>)
2000111e:	4a59      	ldr	r2, [pc, #356]	; (20001284 <alarm_pool_alarm_callback+0x1f0>)
20001120:	2192      	movs	r1, #146	; 0x92
20001122:	e7ed      	b.n	20001100 <alarm_pool_alarm_callback+0x6c>
20001124:	0039      	movs	r1, r7
20001126:	0030      	movs	r0, r6
20001128:	f7ff ff9c 	bl	20001064 <get_entry_id_high>
2000112c:	7803      	ldrb	r3, [r0, #0]
2000112e:	2000      	movs	r0, #0
20001130:	930a      	str	r3, [sp, #40]	; 0x28
20001132:	021b      	lsls	r3, r3, #8
20001134:	433b      	orrs	r3, r7
20001136:	6133      	str	r3, [r6, #16]
20001138:	6873      	ldr	r3, [r6, #4]
2000113a:	f3bf 8f5f 	dmb	sy
2000113e:	2200      	movs	r2, #0
20001140:	601a      	str	r2, [r3, #0]
20001142:	f385 8810 	msr	PRIMASK, r5
20001146:	9b07      	ldr	r3, [sp, #28]
20001148:	4293      	cmp	r3, r2
2000114a:	d100      	bne.n	2000114e <alarm_pool_alarm_callback+0xba>
2000114c:	e090      	b.n	20001270 <alarm_pool_alarm_callback+0x1dc>
2000114e:	9b0a      	ldr	r3, [sp, #40]	; 0x28
20001150:	9908      	ldr	r1, [sp, #32]
20001152:	021b      	lsls	r3, r3, #8
20001154:	433b      	orrs	r3, r7
20001156:	930b      	str	r3, [sp, #44]	; 0x2c
20001158:	0018      	movs	r0, r3
2000115a:	9b07      	ldr	r3, [sp, #28]
2000115c:	4798      	blx	r3
2000115e:	6872      	ldr	r2, [r6, #4]
20001160:	0004      	movs	r4, r0
20001162:	000d      	movs	r5, r1
20001164:	f3ef 8310 	mrs	r3, PRIMASK
20001168:	b672      	cpsid	i
2000116a:	930f      	str	r3, [sp, #60]	; 0x3c
2000116c:	6813      	ldr	r3, [r2, #0]
2000116e:	2b00      	cmp	r3, #0
20001170:	d0fc      	beq.n	2000116c <alarm_pool_alarm_callback+0xd8>
20001172:	f3bf 8f5f 	dmb	sy
20001176:	2d00      	cmp	r5, #0
20001178:	da3c      	bge.n	200011f4 <alarm_pool_alarm_callback+0x160>
2000117a:	6933      	ldr	r3, [r6, #16]
2000117c:	2b00      	cmp	r3, #0
2000117e:	d04e      	beq.n	2000121e <alarm_pool_alarm_callback+0x18a>
20001180:	9a0b      	ldr	r2, [sp, #44]	; 0x2c
20001182:	4293      	cmp	r3, r2
20001184:	d017      	beq.n	200011b6 <alarm_pool_alarm_callback+0x122>
20001186:	4b42      	ldr	r3, [pc, #264]	; (20001290 <alarm_pool_alarm_callback+0x1fc>)
20001188:	4a3e      	ldr	r2, [pc, #248]	; (20001284 <alarm_pool_alarm_callback+0x1f0>)
2000118a:	21a1      	movs	r1, #161	; 0xa1
2000118c:	e7b8      	b.n	20001100 <alarm_pool_alarm_callback+0x6c>
2000118e:	6822      	ldr	r2, [r4, #0]
20001190:	6863      	ldr	r3, [r4, #4]
20001192:	980e      	ldr	r0, [sp, #56]	; 0x38
20001194:	f000 fae8 	bl	20001768 <hardware_alarm_set_target>
20001198:	2400      	movs	r4, #0
2000119a:	2300      	movs	r3, #0
2000119c:	930c      	str	r3, [sp, #48]	; 0x30
2000119e:	940d      	str	r4, [sp, #52]	; 0x34
200011a0:	9308      	str	r3, [sp, #32]
200011a2:	9307      	str	r3, [sp, #28]
200011a4:	e7c8      	b.n	20001138 <alarm_pool_alarm_callback+0xa4>
200011a6:	2300      	movs	r3, #0
200011a8:	2400      	movs	r4, #0
200011aa:	9708      	str	r7, [sp, #32]
200011ac:	930c      	str	r3, [sp, #48]	; 0x30
200011ae:	940d      	str	r4, [sp, #52]	; 0x34
200011b0:	9707      	str	r7, [sp, #28]
200011b2:	0038      	movs	r0, r7
200011b4:	e7c0      	b.n	20001138 <alarm_pool_alarm_callback+0xa4>
200011b6:	9a0c      	ldr	r2, [sp, #48]	; 0x30
200011b8:	9b0d      	ldr	r3, [sp, #52]	; 0x34
200011ba:	1b12      	subs	r2, r2, r4
200011bc:	41ab      	sbcs	r3, r5
200011be:	2b00      	cmp	r3, #0
200011c0:	da02      	bge.n	200011c8 <alarm_pool_alarm_callback+0x134>
200011c2:	2201      	movs	r2, #1
200011c4:	4b33      	ldr	r3, [pc, #204]	; (20001294 <alarm_pool_alarm_callback+0x200>)
200011c6:	4252      	negs	r2, r2
200011c8:	2100      	movs	r1, #0
200011ca:	9104      	str	r1, [sp, #16]
200011cc:	3101      	adds	r1, #1
200011ce:	9103      	str	r1, [sp, #12]
200011d0:	9908      	ldr	r1, [sp, #32]
200011d2:	9702      	str	r7, [sp, #8]
200011d4:	9101      	str	r1, [sp, #4]
200011d6:	9907      	ldr	r1, [sp, #28]
200011d8:	0030      	movs	r0, r6
200011da:	9100      	str	r1, [sp, #0]
200011dc:	f7ff fed0 	bl	20000f80 <add_alarm_under_lock>
200011e0:	2300      	movs	r3, #0
200011e2:	6872      	ldr	r2, [r6, #4]
200011e4:	6133      	str	r3, [r6, #16]
200011e6:	f3bf 8f5f 	dmb	sy
200011ea:	6013      	str	r3, [r2, #0]
200011ec:	9b0f      	ldr	r3, [sp, #60]	; 0x3c
200011ee:	f383 8810 	msr	PRIMASK, r3
200011f2:	e757      	b.n	200010a4 <alarm_pool_alarm_callback+0x10>
200011f4:	0023      	movs	r3, r4
200011f6:	432b      	orrs	r3, r5
200011f8:	d011      	beq.n	2000121e <alarm_pool_alarm_callback+0x18a>
200011fa:	6933      	ldr	r3, [r6, #16]
200011fc:	2b00      	cmp	r3, #0
200011fe:	d00e      	beq.n	2000121e <alarm_pool_alarm_callback+0x18a>
20001200:	9a0b      	ldr	r2, [sp, #44]	; 0x2c
20001202:	4293      	cmp	r3, r2
20001204:	d003      	beq.n	2000120e <alarm_pool_alarm_callback+0x17a>
20001206:	4b22      	ldr	r3, [pc, #136]	; (20001290 <alarm_pool_alarm_callback+0x1fc>)
20001208:	4a1e      	ldr	r2, [pc, #120]	; (20001284 <alarm_pool_alarm_callback+0x1f0>)
2000120a:	21a4      	movs	r1, #164	; 0xa4
2000120c:	e778      	b.n	20001100 <alarm_pool_alarm_callback+0x6c>
2000120e:	a810      	add	r0, sp, #64	; 0x40
20001210:	f7ff fe54 	bl	20000ebc <get_absolute_time>
20001214:	9a10      	ldr	r2, [sp, #64]	; 0x40
20001216:	9b11      	ldr	r3, [sp, #68]	; 0x44
20001218:	1912      	adds	r2, r2, r4
2000121a:	416b      	adcs	r3, r5
2000121c:	e7cf      	b.n	200011be <alarm_pool_alarm_callback+0x12a>
2000121e:	6834      	ldr	r4, [r6, #0]
20001220:	2f00      	cmp	r7, #0
20001222:	d005      	beq.n	20001230 <alarm_pool_alarm_callback+0x19c>
20001224:	0039      	movs	r1, r7
20001226:	0020      	movs	r0, r4
20001228:	f7ff fe6c 	bl	20000f04 <ph_contains_node>
2000122c:	2800      	cmp	r0, #0
2000122e:	d004      	beq.n	2000123a <alarm_pool_alarm_callback+0x1a6>
20001230:	21f6      	movs	r1, #246	; 0xf6
20001232:	4b19      	ldr	r3, [pc, #100]	; (20001298 <alarm_pool_alarm_callback+0x204>)
20001234:	4a19      	ldr	r2, [pc, #100]	; (2000129c <alarm_pool_alarm_callback+0x208>)
20001236:	481a      	ldr	r0, [pc, #104]	; (200012a0 <alarm_pool_alarm_callback+0x20c>)
20001238:	e763      	b.n	20001102 <alarm_pool_alarm_callback+0x6e>
2000123a:	7be5      	ldrb	r5, [r4, #15]
2000123c:	2d00      	cmp	r5, #0
2000123e:	d004      	beq.n	2000124a <alarm_pool_alarm_callback+0x1b6>
20001240:	0029      	movs	r1, r5
20001242:	0020      	movs	r0, r4
20001244:	f7ff fe46 	bl	20000ed4 <ph_get_node>
20001248:	7047      	strb	r7, [r0, #1]
2000124a:	7ba3      	ldrb	r3, [r4, #14]
2000124c:	2b00      	cmp	r3, #0
2000124e:	d106      	bne.n	2000125e <alarm_pool_alarm_callback+0x1ca>
20001250:	2d00      	cmp	r5, #0
20001252:	d003      	beq.n	2000125c <alarm_pool_alarm_callback+0x1c8>
20001254:	4b13      	ldr	r3, [pc, #76]	; (200012a4 <alarm_pool_alarm_callback+0x210>)
20001256:	4a11      	ldr	r2, [pc, #68]	; (2000129c <alarm_pool_alarm_callback+0x208>)
20001258:	21fb      	movs	r1, #251	; 0xfb
2000125a:	e7ec      	b.n	20001236 <alarm_pool_alarm_callback+0x1a2>
2000125c:	73a7      	strb	r7, [r4, #14]
2000125e:	73e7      	strb	r7, [r4, #15]
20001260:	0039      	movs	r1, r7
20001262:	0030      	movs	r0, r6
20001264:	f7ff fefe 	bl	20001064 <get_entry_id_high>
20001268:	7803      	ldrb	r3, [r0, #0]
2000126a:	3301      	adds	r3, #1
2000126c:	7003      	strb	r3, [r0, #0]
2000126e:	e7b7      	b.n	200011e0 <alarm_pool_alarm_callback+0x14c>
20001270:	2800      	cmp	r0, #0
20001272:	d000      	beq.n	20001276 <alarm_pool_alarm_callback+0x1e2>
20001274:	e716      	b.n	200010a4 <alarm_pool_alarm_callback+0x10>
20001276:	b013      	add	sp, #76	; 0x4c
20001278:	bdf0      	pop	{r4, r5, r6, r7, pc}
2000127a:	46c0      	nop			; (mov r8, r8)
2000127c:	20005240 	.word	0x20005240
20001280:	200044eb 	.word	0x200044eb
20001284:	20004491 	.word	0x20004491
20001288:	200045e6 	.word	0x200045e6
2000128c:	20004501 	.word	0x20004501
20001290:	2000450a 	.word	0x2000450a
20001294:	7fffffff 	.word	0x7fffffff
20001298:	20004546 	.word	0x20004546
2000129c:	2000443c 	.word	0x2000443c
200012a0:	2000465e 	.word	0x2000465e
200012a4:	20004568 	.word	0x20004568

200012a8 <alarm_pool_init_default>:
200012a8:	b510      	push	{r4, lr}
200012aa:	4c0b      	ldr	r4, [pc, #44]	; (200012d8 <alarm_pool_init_default+0x30>)
200012ac:	6863      	ldr	r3, [r4, #4]
200012ae:	2b00      	cmp	r3, #0
200012b0:	d10c      	bne.n	200012cc <alarm_pool_init_default+0x24>
200012b2:	2110      	movs	r1, #16
200012b4:	0023      	movs	r3, r4
200012b6:	4a09      	ldr	r2, [pc, #36]	; (200012dc <alarm_pool_init_default+0x34>)
200012b8:	6820      	ldr	r0, [r4, #0]
200012ba:	f000 fb63 	bl	20001984 <ph_post_alloc_init>
200012be:	2003      	movs	r0, #3
200012c0:	f000 f9c0 	bl	20001644 <hardware_alarm_claim>
200012c4:	2103      	movs	r1, #3
200012c6:	0020      	movs	r0, r4
200012c8:	f7ff fd96 	bl	20000df8 <alarm_pool_post_alloc_init>
200012cc:	210a      	movs	r1, #10
200012ce:	4804      	ldr	r0, [pc, #16]	; (200012e0 <alarm_pool_init_default+0x38>)
200012d0:	f7ff fd44 	bl	20000d5c <lock_init>
200012d4:	bd10      	pop	{r4, pc}
200012d6:	46c0      	nop			; (mov r8, r8)
200012d8:	20004f70 	.word	0x20004f70
200012dc:	20000e71 	.word	0x20000e71
200012e0:	20005254 	.word	0x20005254

200012e4 <alarm_pool_get_default>:
200012e4:	4805      	ldr	r0, [pc, #20]	; (200012fc <alarm_pool_get_default+0x18>)
200012e6:	b510      	push	{r4, lr}
200012e8:	6843      	ldr	r3, [r0, #4]
200012ea:	2b00      	cmp	r3, #0
200012ec:	d105      	bne.n	200012fa <alarm_pool_get_default+0x16>
200012ee:	4b04      	ldr	r3, [pc, #16]	; (20001300 <alarm_pool_get_default+0x1c>)
200012f0:	4a04      	ldr	r2, [pc, #16]	; (20001304 <alarm_pool_get_default+0x20>)
200012f2:	215e      	movs	r1, #94	; 0x5e
200012f4:	4804      	ldr	r0, [pc, #16]	; (20001308 <alarm_pool_get_default+0x24>)
200012f6:	f000 feb5 	bl	20002064 <__assert_func>
200012fa:	bd10      	pop	{r4, pc}
200012fc:	20004f70 	.word	0x20004f70
20001300:	200045a3 	.word	0x200045a3
20001304:	20004465 	.word	0x20004465
20001308:	200045e6 	.word	0x200045e6

2000130c <alarm_pool_add_alarm_at>:
2000130c:	b5f0      	push	{r4, r5, r6, r7, lr}
2000130e:	b08f      	sub	sp, #60	; 0x3c
20001310:	9307      	str	r3, [sp, #28]
20001312:	2327      	movs	r3, #39	; 0x27
20001314:	2400      	movs	r4, #0
20001316:	0005      	movs	r5, r0
20001318:	a916      	add	r1, sp, #88	; 0x58
2000131a:	7809      	ldrb	r1, [r1, #0]
2000131c:	9206      	str	r2, [sp, #24]
2000131e:	aa04      	add	r2, sp, #16
20001320:	189b      	adds	r3, r3, r2
20001322:	9109      	str	r1, [sp, #36]	; 0x24
20001324:	701c      	strb	r4, [r3, #0]
20001326:	686a      	ldr	r2, [r5, #4]
20001328:	f3ef 8710 	mrs	r7, PRIMASK
2000132c:	b672      	cpsid	i
2000132e:	6813      	ldr	r3, [r2, #0]
20001330:	2b00      	cmp	r3, #0
20001332:	d0fc      	beq.n	2000132e <alarm_pool_add_alarm_at+0x22>
20001334:	f3bf 8f5f 	dmb	sy
20001338:	2327      	movs	r3, #39	; 0x27
2000133a:	aa04      	add	r2, sp, #16
2000133c:	189b      	adds	r3, r3, r2
2000133e:	9304      	str	r3, [sp, #16]
20001340:	9b15      	ldr	r3, [sp, #84]	; 0x54
20001342:	9403      	str	r4, [sp, #12]
20001344:	9301      	str	r3, [sp, #4]
20001346:	9b14      	ldr	r3, [sp, #80]	; 0x50
20001348:	9402      	str	r4, [sp, #8]
2000134a:	9300      	str	r3, [sp, #0]
2000134c:	0028      	movs	r0, r5
2000134e:	9a06      	ldr	r2, [sp, #24]
20001350:	9b07      	ldr	r3, [sp, #28]
20001352:	f7ff fe15 	bl	20000f80 <add_alarm_under_lock>
20001356:	0006      	movs	r6, r0
20001358:	2000      	movs	r0, #0
2000135a:	4286      	cmp	r6, r0
2000135c:	d004      	beq.n	20001368 <alarm_pool_add_alarm_at+0x5c>
2000135e:	0031      	movs	r1, r6
20001360:	0028      	movs	r0, r5
20001362:	f7ff fe7f 	bl	20001064 <get_entry_id_high>
20001366:	7800      	ldrb	r0, [r0, #0]
20001368:	686b      	ldr	r3, [r5, #4]
2000136a:	f3bf 8f5f 	dmb	sy
2000136e:	601c      	str	r4, [r3, #0]
20001370:	f387 8810 	msr	PRIMASK, r7
20001374:	2e00      	cmp	r6, #0
20001376:	d023      	beq.n	200013c0 <alarm_pool_add_alarm_at+0xb4>
20001378:	2327      	movs	r3, #39	; 0x27
2000137a:	aa04      	add	r2, sp, #16
2000137c:	189b      	adds	r3, r3, r2
2000137e:	781b      	ldrb	r3, [r3, #0]
20001380:	2b00      	cmp	r3, #0
20001382:	d120      	bne.n	200013c6 <alarm_pool_add_alarm_at+0xba>
20001384:	0200      	lsls	r0, r0, #8
20001386:	4330      	orrs	r0, r6
20001388:	b00f      	add	sp, #60	; 0x3c
2000138a:	bdf0      	pop	{r4, r5, r6, r7, pc}
2000138c:	0006      	movs	r6, r0
2000138e:	1e0f      	subs	r7, r1, #0
20001390:	da0e      	bge.n	200013b0 <alarm_pool_add_alarm_at+0xa4>
20001392:	9a06      	ldr	r2, [sp, #24]
20001394:	9b07      	ldr	r3, [sp, #28]
20001396:	1b92      	subs	r2, r2, r6
20001398:	41bb      	sbcs	r3, r7
2000139a:	9206      	str	r2, [sp, #24]
2000139c:	9307      	str	r3, [sp, #28]
2000139e:	9b07      	ldr	r3, [sp, #28]
200013a0:	2b00      	cmp	r3, #0
200013a2:	dac0      	bge.n	20001326 <alarm_pool_add_alarm_at+0x1a>
200013a4:	2201      	movs	r2, #1
200013a6:	4b0e      	ldr	r3, [pc, #56]	; (200013e0 <alarm_pool_add_alarm_at+0xd4>)
200013a8:	4252      	negs	r2, r2
200013aa:	9206      	str	r2, [sp, #24]
200013ac:	9307      	str	r3, [sp, #28]
200013ae:	e7ba      	b.n	20001326 <alarm_pool_add_alarm_at+0x1a>
200013b0:	a80a      	add	r0, sp, #40	; 0x28
200013b2:	f7ff fd83 	bl	20000ebc <get_absolute_time>
200013b6:	9a0a      	ldr	r2, [sp, #40]	; 0x28
200013b8:	9b0b      	ldr	r3, [sp, #44]	; 0x2c
200013ba:	1992      	adds	r2, r2, r6
200013bc:	417b      	adcs	r3, r7
200013be:	e7ec      	b.n	2000139a <alarm_pool_add_alarm_at+0x8e>
200013c0:	2001      	movs	r0, #1
200013c2:	4240      	negs	r0, r0
200013c4:	e7e0      	b.n	20001388 <alarm_pool_add_alarm_at+0x7c>
200013c6:	9b09      	ldr	r3, [sp, #36]	; 0x24
200013c8:	2b00      	cmp	r3, #0
200013ca:	d006      	beq.n	200013da <alarm_pool_add_alarm_at+0xce>
200013cc:	9b14      	ldr	r3, [sp, #80]	; 0x50
200013ce:	9915      	ldr	r1, [sp, #84]	; 0x54
200013d0:	2000      	movs	r0, #0
200013d2:	4798      	blx	r3
200013d4:	0003      	movs	r3, r0
200013d6:	430b      	orrs	r3, r1
200013d8:	d1d8      	bne.n	2000138c <alarm_pool_add_alarm_at+0x80>
200013da:	2000      	movs	r0, #0
200013dc:	e7d4      	b.n	20001388 <alarm_pool_add_alarm_at+0x7c>
200013de:	46c0      	nop			; (mov r8, r8)
200013e0:	7fffffff 	.word	0x7fffffff

200013e4 <alarm_pool_cancel_alarm>:
200013e4:	b5f7      	push	{r0, r1, r2, r4, r5, r6, r7, lr}
200013e6:	0005      	movs	r5, r0
200013e8:	1e0c      	subs	r4, r1, #0
200013ea:	d03b      	beq.n	20001464 <alarm_pool_cancel_alarm+0x80>
200013ec:	6842      	ldr	r2, [r0, #4]
200013ee:	f3ef 8710 	mrs	r7, PRIMASK
200013f2:	b672      	cpsid	i
200013f4:	6813      	ldr	r3, [r2, #0]
200013f6:	2b00      	cmp	r3, #0
200013f8:	d0fc      	beq.n	200013f4 <alarm_pool_cancel_alarm+0x10>
200013fa:	f3bf 8f5f 	dmb	sy
200013fe:	682b      	ldr	r3, [r5, #0]
20001400:	b2e6      	uxtb	r6, r4
20001402:	0018      	movs	r0, r3
20001404:	0031      	movs	r1, r6
20001406:	9301      	str	r3, [sp, #4]
20001408:	f7ff fd7c 	bl	20000f04 <ph_contains_node>
2000140c:	692b      	ldr	r3, [r5, #16]
2000140e:	2800      	cmp	r0, #0
20001410:	d01d      	beq.n	2000144e <alarm_pool_cancel_alarm+0x6a>
20001412:	429c      	cmp	r4, r3
20001414:	d106      	bne.n	20001424 <alarm_pool_cancel_alarm+0x40>
20001416:	212c      	movs	r1, #44	; 0x2c
20001418:	4b13      	ldr	r3, [pc, #76]	; (20001468 <alarm_pool_cancel_alarm+0x84>)
2000141a:	4a14      	ldr	r2, [pc, #80]	; (2000146c <alarm_pool_cancel_alarm+0x88>)
2000141c:	31ff      	adds	r1, #255	; 0xff
2000141e:	4814      	ldr	r0, [pc, #80]	; (20001470 <alarm_pool_cancel_alarm+0x8c>)
20001420:	f000 fe20 	bl	20002064 <__assert_func>
20001424:	0031      	movs	r1, r6
20001426:	0028      	movs	r0, r5
20001428:	f7ff fe1c 	bl	20001064 <get_entry_id_high>
2000142c:	0a24      	lsrs	r4, r4, #8
2000142e:	7803      	ldrb	r3, [r0, #0]
20001430:	b2e4      	uxtb	r4, r4
20001432:	2000      	movs	r0, #0
20001434:	42a3      	cmp	r3, r4
20001436:	d10d      	bne.n	20001454 <alarm_pool_cancel_alarm+0x70>
20001438:	0031      	movs	r1, r6
2000143a:	9801      	ldr	r0, [sp, #4]
2000143c:	f000 fb2e 	bl	20001a9c <ph_remove_and_free_node>
20001440:	2800      	cmp	r0, #0
20001442:	d107      	bne.n	20001454 <alarm_pool_cancel_alarm+0x70>
20001444:	2199      	movs	r1, #153	; 0x99
20001446:	4b0b      	ldr	r3, [pc, #44]	; (20001474 <alarm_pool_cancel_alarm+0x90>)
20001448:	4a08      	ldr	r2, [pc, #32]	; (2000146c <alarm_pool_cancel_alarm+0x88>)
2000144a:	0049      	lsls	r1, r1, #1
2000144c:	e7e7      	b.n	2000141e <alarm_pool_cancel_alarm+0x3a>
2000144e:	429c      	cmp	r4, r3
20001450:	d100      	bne.n	20001454 <alarm_pool_cancel_alarm+0x70>
20001452:	6128      	str	r0, [r5, #16]
20001454:	686b      	ldr	r3, [r5, #4]
20001456:	f3bf 8f5f 	dmb	sy
2000145a:	2200      	movs	r2, #0
2000145c:	601a      	str	r2, [r3, #0]
2000145e:	f387 8810 	msr	PRIMASK, r7
20001462:	bdfe      	pop	{r1, r2, r3, r4, r5, r6, r7, pc}
20001464:	0008      	movs	r0, r1
20001466:	e7fc      	b.n	20001462 <alarm_pool_cancel_alarm+0x7e>
20001468:	2000457c 	.word	0x2000457c
2000146c:	200044ab 	.word	0x200044ab
20001470:	200045e6 	.word	0x200045e6
20001474:	200045a0 	.word	0x200045a0

20001478 <sleep_until>:
20001478:	b5f0      	push	{r4, r5, r6, r7, lr}
2000147a:	f3ef 8305 	mrs	r3, IPSR
2000147e:	b087      	sub	sp, #28
20001480:	0006      	movs	r6, r0
20001482:	000f      	movs	r7, r1
20001484:	2b00      	cmp	r3, #0
20001486:	d002      	beq.n	2000148e <sleep_until+0x16>
20001488:	4826      	ldr	r0, [pc, #152]	; (20001524 <sleep_until+0xac>)
2000148a:	f000 fe7d 	bl	20002188 <panic>
2000148e:	2406      	movs	r4, #6
20001490:	4264      	negs	r4, r4
20001492:	17e5      	asrs	r5, r4, #31
20001494:	19a4      	adds	r4, r4, r6
20001496:	417d      	adcs	r5, r7
20001498:	428d      	cmp	r5, r1
2000149a:	d806      	bhi.n	200014aa <sleep_until+0x32>
2000149c:	d101      	bne.n	200014a2 <sleep_until+0x2a>
2000149e:	4284      	cmp	r4, r0
200014a0:	d803      	bhi.n	200014aa <sleep_until+0x32>
200014a2:	2d00      	cmp	r5, #0
200014a4:	da03      	bge.n	200014ae <sleep_until+0x36>
200014a6:	f7ff fcfb 	bl	20000ea0 <update_us_since_boot.isra.2.part.3>
200014aa:	2400      	movs	r4, #0
200014ac:	2500      	movs	r5, #0
200014ae:	a804      	add	r0, sp, #16
200014b0:	f7ff fd04 	bl	20000ebc <get_absolute_time>
200014b4:	9804      	ldr	r0, [sp, #16]
200014b6:	9905      	ldr	r1, [sp, #20]
200014b8:	0022      	movs	r2, r4
200014ba:	002b      	movs	r3, r5
200014bc:	1a12      	subs	r2, r2, r0
200014be:	418b      	sbcs	r3, r1
200014c0:	2b00      	cmp	r3, #0
200014c2:	dc08      	bgt.n	200014d6 <sleep_until+0x5e>
200014c4:	d101      	bne.n	200014ca <sleep_until+0x52>
200014c6:	2a00      	cmp	r2, #0
200014c8:	d105      	bne.n	200014d6 <sleep_until+0x5e>
200014ca:	0030      	movs	r0, r6
200014cc:	0039      	movs	r1, r7
200014ce:	f000 f8d1 	bl	20001674 <busy_wait_until>
200014d2:	b007      	add	sp, #28
200014d4:	bdf0      	pop	{r4, r5, r6, r7, pc}
200014d6:	f7ff ff05 	bl	200012e4 <alarm_pool_get_default>
200014da:	2300      	movs	r3, #0
200014dc:	9302      	str	r3, [sp, #8]
200014de:	9301      	str	r3, [sp, #4]
200014e0:	4b11      	ldr	r3, [pc, #68]	; (20001528 <sleep_until+0xb0>)
200014e2:	0022      	movs	r2, r4
200014e4:	9300      	str	r3, [sp, #0]
200014e6:	002b      	movs	r3, r5
200014e8:	f7ff ff10 	bl	2000130c <alarm_pool_add_alarm_at>
200014ec:	2800      	cmp	r0, #0
200014ee:	dbec      	blt.n	200014ca <sleep_until+0x52>
200014f0:	0020      	movs	r0, r4
200014f2:	0029      	movs	r1, r5
200014f4:	f7ff fc54 	bl	20000da0 <time_reached>
200014f8:	2800      	cmp	r0, #0
200014fa:	d1e6      	bne.n	200014ca <sleep_until+0x52>
200014fc:	4b0b      	ldr	r3, [pc, #44]	; (2000152c <sleep_until+0xb4>)
200014fe:	6818      	ldr	r0, [r3, #0]
20001500:	f3ef 8210 	mrs	r2, PRIMASK
20001504:	b672      	cpsid	i
20001506:	6801      	ldr	r1, [r0, #0]
20001508:	2900      	cmp	r1, #0
2000150a:	d0fc      	beq.n	20001506 <sleep_until+0x8e>
2000150c:	f3bf 8f5f 	dmb	sy
20001510:	681b      	ldr	r3, [r3, #0]
20001512:	f3bf 8f5f 	dmb	sy
20001516:	2100      	movs	r1, #0
20001518:	6019      	str	r1, [r3, #0]
2000151a:	f382 8810 	msr	PRIMASK, r2
2000151e:	bf20      	wfe
20001520:	e7e6      	b.n	200014f0 <sleep_until+0x78>
20001522:	46c0      	nop			; (mov r8, r8)
20001524:	200046ad 	.word	0x200046ad
20001528:	20000dc9 	.word	0x20000dc9
2000152c:	20005254 	.word	0x20005254

20001530 <sleep_us>:
20001530:	b537      	push	{r0, r1, r2, r4, r5, lr}
20001532:	000d      	movs	r5, r1
20001534:	0004      	movs	r4, r0
20001536:	4668      	mov	r0, sp
20001538:	f7ff fcc0 	bl	20000ebc <get_absolute_time>
2000153c:	9800      	ldr	r0, [sp, #0]
2000153e:	9901      	ldr	r1, [sp, #4]
20001540:	1900      	adds	r0, r0, r4
20001542:	4169      	adcs	r1, r5
20001544:	2900      	cmp	r1, #0
20001546:	da02      	bge.n	2000154e <sleep_us+0x1e>
20001548:	2001      	movs	r0, #1
2000154a:	4902      	ldr	r1, [pc, #8]	; (20001554 <sleep_us+0x24>)
2000154c:	4240      	negs	r0, r0
2000154e:	f7ff ff93 	bl	20001478 <sleep_until>
20001552:	bd37      	pop	{r0, r1, r2, r4, r5, pc}
20001554:	7fffffff 	.word	0x7fffffff

20001558 <sleep_ms>:
20001558:	22fa      	movs	r2, #250	; 0xfa
2000155a:	b510      	push	{r4, lr}
2000155c:	0092      	lsls	r2, r2, #2
2000155e:	2300      	movs	r3, #0
20001560:	2100      	movs	r1, #0
20001562:	f002 f94b 	bl	200037fc <__wrap___aeabi_lmul>
20001566:	f7ff ffe3 	bl	20001530 <sleep_us>
2000156a:	bd10      	pop	{r4, pc}

2000156c <best_effort_wfe_or_timeout>:
2000156c:	b57f      	push	{r0, r1, r2, r3, r4, r5, r6, lr}
2000156e:	f3ef 8605 	mrs	r6, IPSR
20001572:	0004      	movs	r4, r0
20001574:	000d      	movs	r5, r1
20001576:	2e00      	cmp	r6, #0
20001578:	d005      	beq.n	20001586 <best_effort_wfe_or_timeout+0x1a>
2000157a:	0020      	movs	r0, r4
2000157c:	0029      	movs	r1, r5
2000157e:	f7ff fc0f 	bl	20000da0 <time_reached>
20001582:	b004      	add	sp, #16
20001584:	bd70      	pop	{r4, r5, r6, pc}
20001586:	f7ff fead 	bl	200012e4 <alarm_pool_get_default>
2000158a:	4b08      	ldr	r3, [pc, #32]	; (200015ac <best_effort_wfe_or_timeout+0x40>)
2000158c:	9602      	str	r6, [sp, #8]
2000158e:	9601      	str	r6, [sp, #4]
20001590:	9300      	str	r3, [sp, #0]
20001592:	0022      	movs	r2, r4
20001594:	002b      	movs	r3, r5
20001596:	f7ff feb9 	bl	2000130c <alarm_pool_add_alarm_at>
2000159a:	1e06      	subs	r6, r0, #0
2000159c:	dded      	ble.n	2000157a <best_effort_wfe_or_timeout+0xe>
2000159e:	bf20      	wfe
200015a0:	f7ff fea0 	bl	200012e4 <alarm_pool_get_default>
200015a4:	0031      	movs	r1, r6
200015a6:	f7ff ff1d 	bl	200013e4 <alarm_pool_cancel_alarm>
200015aa:	e7e6      	b.n	2000157a <best_effort_wfe_or_timeout+0xe>
200015ac:	20000dc9 	.word	0x20000dc9

200015b0 <hardware_alarm_irq_handler>:
200015b0:	b5f7      	push	{r0, r1, r2, r4, r5, r6, r7, lr}
200015b2:	f3ef 8305 	mrs	r3, IPSR
200015b6:	0018      	movs	r0, r3
200015b8:	9301      	str	r3, [sp, #4]
200015ba:	3810      	subs	r0, #16
200015bc:	f3ef 8710 	mrs	r7, PRIMASK
200015c0:	b672      	cpsid	i
200015c2:	4b19      	ldr	r3, [pc, #100]	; (20001628 <hardware_alarm_irq_handler+0x78>)
200015c4:	681a      	ldr	r2, [r3, #0]
200015c6:	2a00      	cmp	r2, #0
200015c8:	d0fc      	beq.n	200015c4 <hardware_alarm_irq_handler+0x14>
200015ca:	f3bf 8f5f 	dmb	sy
200015ce:	2601      	movs	r6, #1
200015d0:	0031      	movs	r1, r6
200015d2:	4081      	lsls	r1, r0
200015d4:	4b15      	ldr	r3, [pc, #84]	; (2000162c <hardware_alarm_irq_handler+0x7c>)
200015d6:	4d16      	ldr	r5, [pc, #88]	; (20001630 <hardware_alarm_irq_handler+0x80>)
200015d8:	6369      	str	r1, [r5, #52]	; 0x34
200015da:	6019      	str	r1, [r3, #0]
200015dc:	4b15      	ldr	r3, [pc, #84]	; (20001634 <hardware_alarm_irq_handler+0x84>)
200015de:	781b      	ldrb	r3, [r3, #0]
200015e0:	001a      	movs	r2, r3
200015e2:	40c2      	lsrs	r2, r0
200015e4:	4694      	mov	ip, r2
200015e6:	4664      	mov	r4, ip
200015e8:	2200      	movs	r2, #0
200015ea:	4234      	tst	r4, r6
200015ec:	d00a      	beq.n	20001604 <hardware_alarm_irq_handler+0x54>
200015ee:	4e12      	ldr	r6, [pc, #72]	; (20001638 <hardware_alarm_irq_handler+0x88>)
200015f0:	6a6c      	ldr	r4, [r5, #36]	; 0x24
200015f2:	0085      	lsls	r5, r0, #2
200015f4:	59ae      	ldr	r6, [r5, r6]
200015f6:	42b4      	cmp	r4, r6
200015f8:	d30f      	bcc.n	2000161a <hardware_alarm_irq_handler+0x6a>
200015fa:	4a10      	ldr	r2, [pc, #64]	; (2000163c <hardware_alarm_irq_handler+0x8c>)
200015fc:	438b      	bics	r3, r1
200015fe:	490d      	ldr	r1, [pc, #52]	; (20001634 <hardware_alarm_irq_handler+0x84>)
20001600:	58aa      	ldr	r2, [r5, r2]
20001602:	700b      	strb	r3, [r1, #0]
20001604:	f3bf 8f5f 	dmb	sy
20001608:	2300      	movs	r3, #0
2000160a:	4907      	ldr	r1, [pc, #28]	; (20001628 <hardware_alarm_irq_handler+0x78>)
2000160c:	600b      	str	r3, [r1, #0]
2000160e:	f387 8810 	msr	PRIMASK, r7
20001612:	429a      	cmp	r2, r3
20001614:	d000      	beq.n	20001618 <hardware_alarm_irq_handler+0x68>
20001616:	4790      	blx	r2
20001618:	bdf7      	pop	{r0, r1, r2, r4, r5, r6, r7, pc}
2000161a:	9b01      	ldr	r3, [sp, #4]
2000161c:	4908      	ldr	r1, [pc, #32]	; (20001640 <hardware_alarm_irq_handler+0x90>)
2000161e:	009b      	lsls	r3, r3, #2
20001620:	185b      	adds	r3, r3, r1
20001622:	6819      	ldr	r1, [r3, #0]
20001624:	6019      	str	r1, [r3, #0]
20001626:	e7ed      	b.n	20001604 <hardware_alarm_irq_handler+0x54>
20001628:	d0000128 	.word	0xd0000128
2000162c:	4005703c 	.word	0x4005703c
20001630:	40054000 	.word	0x40054000
20001634:	200052ad 	.word	0x200052ad
20001638:	20005258 	.word	0x20005258
2000163c:	200050fc 	.word	0x200050fc
20001640:	40053fd0 	.word	0x40053fd0

20001644 <hardware_alarm_claim>:
20001644:	b510      	push	{r4, lr}
20001646:	0001      	movs	r1, r0
20001648:	4a02      	ldr	r2, [pc, #8]	; (20001654 <hardware_alarm_claim+0x10>)
2000164a:	4803      	ldr	r0, [pc, #12]	; (20001658 <hardware_alarm_claim+0x14>)
2000164c:	f7ff f91b 	bl	20000886 <hw_claim_or_assert>
20001650:	bd10      	pop	{r4, pc}
20001652:	46c0      	nop			; (mov r8, r8)
20001654:	2000478e 	.word	0x2000478e
20001658:	2000526b 	.word	0x2000526b

2000165c <time_us_64>:
2000165c:	4b04      	ldr	r3, [pc, #16]	; (20001670 <time_us_64+0x14>)
2000165e:	6a59      	ldr	r1, [r3, #36]	; 0x24
20001660:	6a98      	ldr	r0, [r3, #40]	; 0x28
20001662:	6a5a      	ldr	r2, [r3, #36]	; 0x24
20001664:	4291      	cmp	r1, r2
20001666:	d100      	bne.n	2000166a <time_us_64+0xe>
20001668:	4770      	bx	lr
2000166a:	0011      	movs	r1, r2
2000166c:	e7f8      	b.n	20001660 <time_us_64+0x4>
2000166e:	46c0      	nop			; (mov r8, r8)
20001670:	40054000 	.word	0x40054000

20001674 <busy_wait_until>:
20001674:	4b05      	ldr	r3, [pc, #20]	; (2000168c <busy_wait_until+0x18>)
20001676:	6a5a      	ldr	r2, [r3, #36]	; 0x24
20001678:	428a      	cmp	r2, r1
2000167a:	d3fc      	bcc.n	20001676 <busy_wait_until+0x2>
2000167c:	428a      	cmp	r2, r1
2000167e:	d102      	bne.n	20001686 <busy_wait_until+0x12>
20001680:	6a9a      	ldr	r2, [r3, #40]	; 0x28
20001682:	4282      	cmp	r2, r0
20001684:	d300      	bcc.n	20001688 <busy_wait_until+0x14>
20001686:	4770      	bx	lr
20001688:	6a5a      	ldr	r2, [r3, #36]	; 0x24
2000168a:	e7f7      	b.n	2000167c <busy_wait_until+0x8>
2000168c:	40054000 	.word	0x40054000

20001690 <busy_wait_us>:
20001690:	b570      	push	{r4, r5, r6, lr}
20001692:	0004      	movs	r4, r0
20001694:	000d      	movs	r5, r1
20001696:	f7ff ffe1 	bl	2000165c <time_us_64>
2000169a:	0002      	movs	r2, r0
2000169c:	000b      	movs	r3, r1
2000169e:	0020      	movs	r0, r4
200016a0:	0029      	movs	r1, r5
200016a2:	1880      	adds	r0, r0, r2
200016a4:	4159      	adcs	r1, r3
200016a6:	428b      	cmp	r3, r1
200016a8:	d804      	bhi.n	200016b4 <busy_wait_us+0x24>
200016aa:	d101      	bne.n	200016b0 <busy_wait_us+0x20>
200016ac:	4282      	cmp	r2, r0
200016ae:	d801      	bhi.n	200016b4 <busy_wait_us+0x24>
200016b0:	2900      	cmp	r1, #0
200016b2:	da05      	bge.n	200016c0 <busy_wait_us+0x30>
200016b4:	4b04      	ldr	r3, [pc, #16]	; (200016c8 <busy_wait_us+0x38>)
200016b6:	4a05      	ldr	r2, [pc, #20]	; (200016cc <busy_wait_us+0x3c>)
200016b8:	213f      	movs	r1, #63	; 0x3f
200016ba:	4805      	ldr	r0, [pc, #20]	; (200016d0 <busy_wait_us+0x40>)
200016bc:	f000 fcd2 	bl	20002064 <__assert_func>
200016c0:	f7ff ffd8 	bl	20001674 <busy_wait_until>
200016c4:	bd70      	pop	{r4, r5, r6, pc}
200016c6:	46c0      	nop			; (mov r8, r8)
200016c8:	200046fa 	.word	0x200046fa
200016cc:	2000475f 	.word	0x2000475f
200016d0:	20004715 	.word	0x20004715

200016d4 <hardware_alarm_set_callback>:
200016d4:	b5f7      	push	{r0, r1, r2, r4, r5, r6, r7, lr}
200016d6:	0004      	movs	r4, r0
200016d8:	000d      	movs	r5, r1
200016da:	f3ef 8710 	mrs	r7, PRIMASK
200016de:	b672      	cpsid	i
200016e0:	4b1c      	ldr	r3, [pc, #112]	; (20001754 <hardware_alarm_set_callback+0x80>)
200016e2:	681a      	ldr	r2, [r3, #0]
200016e4:	2a00      	cmp	r2, #0
200016e6:	d0fc      	beq.n	200016e2 <hardware_alarm_set_callback+0xe>
200016e8:	f3bf 8f5f 	dmb	sy
200016ec:	00a3      	lsls	r3, r4, #2
200016ee:	4e1a      	ldr	r6, [pc, #104]	; (20001758 <hardware_alarm_set_callback+0x84>)
200016f0:	9301      	str	r3, [sp, #4]
200016f2:	2d00      	cmp	r5, #0
200016f4:	d01b      	beq.n	2000172e <hardware_alarm_set_callback+0x5a>
200016f6:	0020      	movs	r0, r4
200016f8:	f7ff f9bc 	bl	20000a74 <irq_get_vtable_handler>
200016fc:	42b0      	cmp	r0, r6
200016fe:	d00b      	beq.n	20001718 <hardware_alarm_set_callback+0x44>
20001700:	0031      	movs	r1, r6
20001702:	0020      	movs	r0, r4
20001704:	f7ff f9be 	bl	20000a84 <irq_set_exclusive_handler>
20001708:	2101      	movs	r1, #1
2000170a:	0020      	movs	r0, r4
2000170c:	f7ff f9aa 	bl	20000a64 <irq_set_enabled>
20001710:	2301      	movs	r3, #1
20001712:	40a3      	lsls	r3, r4
20001714:	4a11      	ldr	r2, [pc, #68]	; (2000175c <hardware_alarm_set_callback+0x88>)
20001716:	6013      	str	r3, [r2, #0]
20001718:	4b11      	ldr	r3, [pc, #68]	; (20001760 <hardware_alarm_set_callback+0x8c>)
2000171a:	9a01      	ldr	r2, [sp, #4]
2000171c:	509d      	str	r5, [r3, r2]
2000171e:	f3bf 8f5f 	dmb	sy
20001722:	2300      	movs	r3, #0
20001724:	4a0b      	ldr	r2, [pc, #44]	; (20001754 <hardware_alarm_set_callback+0x80>)
20001726:	6013      	str	r3, [r2, #0]
20001728:	f387 8810 	msr	PRIMASK, r7
2000172c:	bdf7      	pop	{r0, r1, r2, r4, r5, r6, r7, pc}
2000172e:	4b0c      	ldr	r3, [pc, #48]	; (20001760 <hardware_alarm_set_callback+0x8c>)
20001730:	00a2      	lsls	r2, r4, #2
20001732:	509d      	str	r5, [r3, r2]
20001734:	2201      	movs	r2, #1
20001736:	40a2      	lsls	r2, r4
20001738:	490a      	ldr	r1, [pc, #40]	; (20001764 <hardware_alarm_set_callback+0x90>)
2000173a:	0020      	movs	r0, r4
2000173c:	780b      	ldrb	r3, [r1, #0]
2000173e:	4393      	bics	r3, r2
20001740:	700b      	strb	r3, [r1, #0]
20001742:	0031      	movs	r1, r6
20001744:	f7ff f9c8 	bl	20000ad8 <irq_remove_handler>
20001748:	0029      	movs	r1, r5
2000174a:	0020      	movs	r0, r4
2000174c:	f7ff f98a 	bl	20000a64 <irq_set_enabled>
20001750:	e7e5      	b.n	2000171e <hardware_alarm_set_callback+0x4a>
20001752:	46c0      	nop			; (mov r8, r8)
20001754:	d0000128 	.word	0xd0000128
20001758:	200015b1 	.word	0x200015b1
2000175c:	40056038 	.word	0x40056038
20001760:	200050fc 	.word	0x200050fc
20001764:	200052ad 	.word	0x200052ad

20001768 <hardware_alarm_set_target>:
20001768:	b5f0      	push	{r4, r5, r6, r7, lr}
2000176a:	b087      	sub	sp, #28
2000176c:	0017      	movs	r7, r2
2000176e:	0005      	movs	r5, r0
20001770:	9303      	str	r3, [sp, #12]
20001772:	f7ff ff73 	bl	2000165c <time_us_64>
20001776:	9e03      	ldr	r6, [sp, #12]
20001778:	9705      	str	r7, [sp, #20]
2000177a:	428e      	cmp	r6, r1
2000177c:	d802      	bhi.n	20001784 <hardware_alarm_set_target+0x1c>
2000177e:	d150      	bne.n	20001822 <hardware_alarm_set_target+0xba>
20001780:	4287      	cmp	r7, r0
20001782:	d94e      	bls.n	20001822 <hardware_alarm_set_target+0xba>
20001784:	f3ef 8310 	mrs	r3, PRIMASK
20001788:	b672      	cpsid	i
2000178a:	9304      	str	r3, [sp, #16]
2000178c:	4b26      	ldr	r3, [pc, #152]	; (20001828 <hardware_alarm_set_target+0xc0>)
2000178e:	681a      	ldr	r2, [r3, #0]
20001790:	2a00      	cmp	r2, #0
20001792:	d0fc      	beq.n	2000178e <hardware_alarm_set_target+0x26>
20001794:	f3bf 8f5f 	dmb	sy
20001798:	2401      	movs	r4, #1
2000179a:	40ac      	lsls	r4, r5
2000179c:	4b23      	ldr	r3, [pc, #140]	; (2000182c <hardware_alarm_set_target+0xc4>)
2000179e:	4924      	ldr	r1, [pc, #144]	; (20001830 <hardware_alarm_set_target+0xc8>)
200017a0:	781b      	ldrb	r3, [r3, #0]
200017a2:	9803      	ldr	r0, [sp, #12]
200017a4:	9301      	str	r3, [sp, #4]
200017a6:	4323      	orrs	r3, r4
200017a8:	b2db      	uxtb	r3, r3
200017aa:	9302      	str	r3, [sp, #8]
200017ac:	9a02      	ldr	r2, [sp, #8]
200017ae:	4b1f      	ldr	r3, [pc, #124]	; (2000182c <hardware_alarm_set_target+0xc4>)
200017b0:	701a      	strb	r2, [r3, #0]
200017b2:	4b20      	ldr	r3, [pc, #128]	; (20001834 <hardware_alarm_set_target+0xcc>)
200017b4:	1d2a      	adds	r2, r5, #4
200017b6:	0092      	lsls	r2, r2, #2
200017b8:	635c      	str	r4, [r3, #52]	; 0x34
200017ba:	50d7      	str	r7, [r2, r3]
200017bc:	00aa      	lsls	r2, r5, #2
200017be:	5050      	str	r0, [r2, r1]
200017c0:	6a1a      	ldr	r2, [r3, #32]
200017c2:	001f      	movs	r7, r3
200017c4:	4222      	tst	r2, r4
200017c6:	d113      	bne.n	200017f0 <hardware_alarm_set_target+0x88>
200017c8:	6c1b      	ldr	r3, [r3, #64]	; 0x40
200017ca:	4223      	tst	r3, r4
200017cc:	d00a      	beq.n	200017e4 <hardware_alarm_set_target+0x7c>
200017ce:	2000      	movs	r0, #0
200017d0:	f3bf 8f5f 	dmb	sy
200017d4:	2300      	movs	r3, #0
200017d6:	4a14      	ldr	r2, [pc, #80]	; (20001828 <hardware_alarm_set_target+0xc0>)
200017d8:	6013      	str	r3, [r2, #0]
200017da:	9b04      	ldr	r3, [sp, #16]
200017dc:	f383 8810 	msr	PRIMASK, r3
200017e0:	b007      	add	sp, #28
200017e2:	bdf0      	pop	{r4, r5, r6, r7, pc}
200017e4:	4b14      	ldr	r3, [pc, #80]	; (20001838 <hardware_alarm_set_target+0xd0>)
200017e6:	4a15      	ldr	r2, [pc, #84]	; (2000183c <hardware_alarm_set_target+0xd4>)
200017e8:	21c5      	movs	r1, #197	; 0xc5
200017ea:	4815      	ldr	r0, [pc, #84]	; (20001840 <hardware_alarm_set_target+0xd8>)
200017ec:	f000 fc3a 	bl	20002064 <__assert_func>
200017f0:	f7ff ff34 	bl	2000165c <time_us_64>
200017f4:	428e      	cmp	r6, r1
200017f6:	d8ea      	bhi.n	200017ce <hardware_alarm_set_target+0x66>
200017f8:	d102      	bne.n	20001800 <hardware_alarm_set_target+0x98>
200017fa:	9b05      	ldr	r3, [sp, #20]
200017fc:	4283      	cmp	r3, r0
200017fe:	d8e6      	bhi.n	200017ce <hardware_alarm_set_target+0x66>
20001800:	9b02      	ldr	r3, [sp, #8]
20001802:	9a01      	ldr	r2, [sp, #4]
20001804:	2001      	movs	r0, #1
20001806:	4293      	cmp	r3, r2
20001808:	d0e2      	beq.n	200017d0 <hardware_alarm_set_target+0x68>
2000180a:	231f      	movs	r3, #31
2000180c:	0002      	movs	r2, r0
2000180e:	401d      	ands	r5, r3
20001810:	40aa      	lsls	r2, r5
20001812:	4b0c      	ldr	r3, [pc, #48]	; (20001844 <hardware_alarm_set_target+0xdc>)
20001814:	623c      	str	r4, [r7, #32]
20001816:	637c      	str	r4, [r7, #52]	; 0x34
20001818:	601a      	str	r2, [r3, #0]
2000181a:	4b04      	ldr	r3, [pc, #16]	; (2000182c <hardware_alarm_set_target+0xc4>)
2000181c:	9a01      	ldr	r2, [sp, #4]
2000181e:	701a      	strb	r2, [r3, #0]
20001820:	e7d6      	b.n	200017d0 <hardware_alarm_set_target+0x68>
20001822:	2001      	movs	r0, #1
20001824:	e7dc      	b.n	200017e0 <hardware_alarm_set_target+0x78>
20001826:	46c0      	nop			; (mov r8, r8)
20001828:	d0000128 	.word	0xd0000128
2000182c:	200052ad 	.word	0x200052ad
20001830:	20005258 	.word	0x20005258
20001834:	40054000 	.word	0x40054000
20001838:	200047b0 	.word	0x200047b0
2000183c:	20004774 	.word	0x20004774
20001840:	200047d1 	.word	0x200047d1
20001844:	e000e280 	.word	0xe000e280

20001848 <hardware_alarm_cancel>:
20001848:	b510      	push	{r4, lr}
2000184a:	f3ef 8410 	mrs	r4, PRIMASK
2000184e:	b672      	cpsid	i
20001850:	490a      	ldr	r1, [pc, #40]	; (2000187c <hardware_alarm_cancel+0x34>)
20001852:	680b      	ldr	r3, [r1, #0]
20001854:	2b00      	cmp	r3, #0
20001856:	d0fc      	beq.n	20001852 <hardware_alarm_cancel+0xa>
20001858:	f3bf 8f5f 	dmb	sy
2000185c:	2301      	movs	r3, #1
2000185e:	4083      	lsls	r3, r0
20001860:	4a07      	ldr	r2, [pc, #28]	; (20001880 <hardware_alarm_cancel+0x38>)
20001862:	4808      	ldr	r0, [pc, #32]	; (20001884 <hardware_alarm_cancel+0x3c>)
20001864:	6213      	str	r3, [r2, #32]
20001866:	7802      	ldrb	r2, [r0, #0]
20001868:	439a      	bics	r2, r3
2000186a:	7002      	strb	r2, [r0, #0]
2000186c:	f3bf 8f5f 	dmb	sy
20001870:	2300      	movs	r3, #0
20001872:	600b      	str	r3, [r1, #0]
20001874:	f384 8810 	msr	PRIMASK, r4
20001878:	bd10      	pop	{r4, pc}
2000187a:	46c0      	nop			; (mov r8, r8)
2000187c:	d0000128 	.word	0xd0000128
20001880:	40054000 	.word	0x40054000
20001884:	200052ad 	.word	0x200052ad

20001888 <ph_get_node>:
20001888:	b510      	push	{r4, lr}
2000188a:	2900      	cmp	r1, #0
2000188c:	d002      	beq.n	20001894 <ph_get_node+0xc>
2000188e:	7b03      	ldrb	r3, [r0, #12]
20001890:	428b      	cmp	r3, r1
20001892:	d205      	bcs.n	200018a0 <ph_get_node+0x18>
20001894:	4b05      	ldr	r3, [pc, #20]	; (200018ac <ph_get_node+0x24>)
20001896:	4a06      	ldr	r2, [pc, #24]	; (200018b0 <ph_get_node+0x28>)
20001898:	2168      	movs	r1, #104	; 0x68
2000189a:	4806      	ldr	r0, [pc, #24]	; (200018b4 <ph_get_node+0x2c>)
2000189c:	f000 fbe2 	bl	20002064 <__assert_func>
200018a0:	2303      	movs	r3, #3
200018a2:	434b      	muls	r3, r1
200018a4:	6800      	ldr	r0, [r0, #0]
200018a6:	3b03      	subs	r3, #3
200018a8:	18c0      	adds	r0, r0, r3
200018aa:	bd10      	pop	{r4, pc}
200018ac:	20004642 	.word	0x20004642
200018b0:	20004817 	.word	0x20004817
200018b4:	2000465e 	.word	0x2000465e

200018b8 <ph_add_child_node>:
200018b8:	b5f8      	push	{r3, r4, r5, r6, r7, lr}
200018ba:	0007      	movs	r7, r0
200018bc:	000d      	movs	r5, r1
200018be:	0014      	movs	r4, r2
200018c0:	f7ff ffe2 	bl	20001888 <ph_get_node>
200018c4:	0006      	movs	r6, r0
200018c6:	2d00      	cmp	r5, #0
200018c8:	d105      	bne.n	200018d6 <ph_add_child_node+0x1e>
200018ca:	216f      	movs	r1, #111	; 0x6f
200018cc:	4b0e      	ldr	r3, [pc, #56]	; (20001908 <ph_add_child_node+0x50>)
200018ce:	4a0f      	ldr	r2, [pc, #60]	; (2000190c <ph_add_child_node+0x54>)
200018d0:	480f      	ldr	r0, [pc, #60]	; (20001910 <ph_add_child_node+0x58>)
200018d2:	f000 fbc7 	bl	20002064 <__assert_func>
200018d6:	2c00      	cmp	r4, #0
200018d8:	d103      	bne.n	200018e2 <ph_add_child_node+0x2a>
200018da:	4b0e      	ldr	r3, [pc, #56]	; (20001914 <ph_add_child_node+0x5c>)
200018dc:	4a0b      	ldr	r2, [pc, #44]	; (2000190c <ph_add_child_node+0x54>)
200018de:	2170      	movs	r1, #112	; 0x70
200018e0:	e7f6      	b.n	200018d0 <ph_add_child_node+0x18>
200018e2:	42a5      	cmp	r5, r4
200018e4:	d103      	bne.n	200018ee <ph_add_child_node+0x36>
200018e6:	4b0c      	ldr	r3, [pc, #48]	; (20001918 <ph_add_child_node+0x60>)
200018e8:	4a08      	ldr	r2, [pc, #32]	; (2000190c <ph_add_child_node+0x54>)
200018ea:	2171      	movs	r1, #113	; 0x71
200018ec:	e7f0      	b.n	200018d0 <ph_add_child_node+0x18>
200018ee:	0021      	movs	r1, r4
200018f0:	0038      	movs	r0, r7
200018f2:	f7ff ffc9 	bl	20001888 <ph_get_node>
200018f6:	7085      	strb	r5, [r0, #2]
200018f8:	7833      	ldrb	r3, [r6, #0]
200018fa:	2b00      	cmp	r3, #0
200018fc:	d101      	bne.n	20001902 <ph_add_child_node+0x4a>
200018fe:	7034      	strb	r4, [r6, #0]
20001900:	bdf8      	pop	{r3, r4, r5, r6, r7, pc}
20001902:	7043      	strb	r3, [r0, #1]
20001904:	e7fb      	b.n	200018fe <ph_add_child_node+0x46>
20001906:	46c0      	nop			; (mov r8, r8)
20001908:	20004622 	.word	0x20004622
2000190c:	20004823 	.word	0x20004823
20001910:	2000465e 	.word	0x2000465e
20001914:	20004639 	.word	0x20004639
20001918:	2000462c 	.word	0x2000462c

2000191c <ph_merge_nodes>:
2000191c:	b570      	push	{r4, r5, r6, lr}
2000191e:	0006      	movs	r6, r0
20001920:	000c      	movs	r4, r1
20001922:	0015      	movs	r5, r2
20001924:	2900      	cmp	r1, #0
20001926:	d012      	beq.n	2000194e <ph_merge_nodes+0x32>
20001928:	2a00      	cmp	r2, #0
2000192a:	d009      	beq.n	20001940 <ph_merge_nodes+0x24>
2000192c:	6880      	ldr	r0, [r0, #8]
2000192e:	6873      	ldr	r3, [r6, #4]
20001930:	4798      	blx	r3
20001932:	2800      	cmp	r0, #0
20001934:	d006      	beq.n	20001944 <ph_merge_nodes+0x28>
20001936:	002a      	movs	r2, r5
20001938:	0021      	movs	r1, r4
2000193a:	0030      	movs	r0, r6
2000193c:	f7ff ffbc 	bl	200018b8 <ph_add_child_node>
20001940:	0020      	movs	r0, r4
20001942:	bd70      	pop	{r4, r5, r6, pc}
20001944:	0022      	movs	r2, r4
20001946:	0029      	movs	r1, r5
20001948:	0030      	movs	r0, r6
2000194a:	f7ff ffb5 	bl	200018b8 <ph_add_child_node>
2000194e:	002c      	movs	r4, r5
20001950:	e7f6      	b.n	20001940 <ph_merge_nodes+0x24>

20001952 <ph_clear>:
20001952:	b570      	push	{r4, r5, r6, lr}
20001954:	2300      	movs	r3, #0
20001956:	2401      	movs	r4, #1
20001958:	0005      	movs	r5, r0
2000195a:	7b06      	ldrb	r6, [r0, #12]
2000195c:	7343      	strb	r3, [r0, #13]
2000195e:	7384      	strb	r4, [r0, #14]
20001960:	73c6      	strb	r6, [r0, #15]
20001962:	42a6      	cmp	r6, r4
20001964:	d806      	bhi.n	20001974 <ph_clear+0x22>
20001966:	0031      	movs	r1, r6
20001968:	0028      	movs	r0, r5
2000196a:	f7ff ff8d 	bl	20001888 <ph_get_node>
2000196e:	2300      	movs	r3, #0
20001970:	7043      	strb	r3, [r0, #1]
20001972:	bd70      	pop	{r4, r5, r6, pc}
20001974:	0021      	movs	r1, r4
20001976:	0028      	movs	r0, r5
20001978:	f7ff ff86 	bl	20001888 <ph_get_node>
2000197c:	3401      	adds	r4, #1
2000197e:	b2e4      	uxtb	r4, r4
20001980:	7044      	strb	r4, [r0, #1]
20001982:	e7ee      	b.n	20001962 <ph_clear+0x10>

20001984 <ph_post_alloc_init>:
20001984:	b510      	push	{r4, lr}
20001986:	7301      	strb	r1, [r0, #12]
20001988:	6042      	str	r2, [r0, #4]
2000198a:	6083      	str	r3, [r0, #8]
2000198c:	f7ff ffe1 	bl	20001952 <ph_clear>
20001990:	bd10      	pop	{r4, pc}

20001992 <ph_merge_two_pass>:
20001992:	b5f7      	push	{r0, r1, r2, r4, r5, r6, r7, lr}
20001994:	0005      	movs	r5, r0
20001996:	1e0c      	subs	r4, r1, #0
20001998:	d021      	beq.n	200019de <ph_merge_two_pass+0x4c>
2000199a:	f7ff ff75 	bl	20001888 <ph_get_node>
2000199e:	7846      	ldrb	r6, [r0, #1]
200019a0:	2e00      	cmp	r6, #0
200019a2:	d01c      	beq.n	200019de <ph_merge_two_pass+0x4c>
200019a4:	0031      	movs	r1, r6
200019a6:	0028      	movs	r0, r5
200019a8:	f7ff ff6e 	bl	20001888 <ph_get_node>
200019ac:	2700      	movs	r7, #0
200019ae:	7843      	ldrb	r3, [r0, #1]
200019b0:	0021      	movs	r1, r4
200019b2:	7047      	strb	r7, [r0, #1]
200019b4:	0028      	movs	r0, r5
200019b6:	9301      	str	r3, [sp, #4]
200019b8:	f7ff ff66 	bl	20001888 <ph_get_node>
200019bc:	0032      	movs	r2, r6
200019be:	0021      	movs	r1, r4
200019c0:	7047      	strb	r7, [r0, #1]
200019c2:	0028      	movs	r0, r5
200019c4:	f7ff ffaa 	bl	2000191c <ph_merge_nodes>
200019c8:	9901      	ldr	r1, [sp, #4]
200019ca:	0004      	movs	r4, r0
200019cc:	0028      	movs	r0, r5
200019ce:	f7ff ffe0 	bl	20001992 <ph_merge_two_pass>
200019d2:	0021      	movs	r1, r4
200019d4:	0002      	movs	r2, r0
200019d6:	0028      	movs	r0, r5
200019d8:	f7ff ffa0 	bl	2000191c <ph_merge_nodes>
200019dc:	0004      	movs	r4, r0
200019de:	0020      	movs	r0, r4
200019e0:	bdfe      	pop	{r1, r2, r3, r4, r5, r6, r7, pc}
	...

200019e4 <ph_remove_any_head>:
200019e4:	b5f8      	push	{r3, r4, r5, r6, r7, lr}
200019e6:	0004      	movs	r4, r0
200019e8:	000d      	movs	r5, r1
200019ea:	0017      	movs	r7, r2
200019ec:	2900      	cmp	r1, #0
200019ee:	d105      	bne.n	200019fc <ph_remove_any_head+0x18>
200019f0:	2138      	movs	r1, #56	; 0x38
200019f2:	4b1f      	ldr	r3, [pc, #124]	; (20001a70 <ph_remove_any_head+0x8c>)
200019f4:	4a1f      	ldr	r2, [pc, #124]	; (20001a74 <ph_remove_any_head+0x90>)
200019f6:	4820      	ldr	r0, [pc, #128]	; (20001a78 <ph_remove_any_head+0x94>)
200019f8:	f000 fb34 	bl	20002064 <__assert_func>
200019fc:	f7ff ff44 	bl	20001888 <ph_get_node>
20001a00:	7843      	ldrb	r3, [r0, #1]
20001a02:	2b00      	cmp	r3, #0
20001a04:	d003      	beq.n	20001a0e <ph_remove_any_head+0x2a>
20001a06:	4b1d      	ldr	r3, [pc, #116]	; (20001a7c <ph_remove_any_head+0x98>)
20001a08:	4a1a      	ldr	r2, [pc, #104]	; (20001a74 <ph_remove_any_head+0x90>)
20001a0a:	213a      	movs	r1, #58	; 0x3a
20001a0c:	e7f3      	b.n	200019f6 <ph_remove_any_head+0x12>
20001a0e:	7883      	ldrb	r3, [r0, #2]
20001a10:	2b00      	cmp	r3, #0
20001a12:	d003      	beq.n	20001a1c <ph_remove_any_head+0x38>
20001a14:	4b1a      	ldr	r3, [pc, #104]	; (20001a80 <ph_remove_any_head+0x9c>)
20001a16:	4a17      	ldr	r2, [pc, #92]	; (20001a74 <ph_remove_any_head+0x90>)
20001a18:	213b      	movs	r1, #59	; 0x3b
20001a1a:	e7ec      	b.n	200019f6 <ph_remove_any_head+0x12>
20001a1c:	7801      	ldrb	r1, [r0, #0]
20001a1e:	0020      	movs	r0, r4
20001a20:	f7ff ffb7 	bl	20001992 <ph_merge_two_pass>
20001a24:	0006      	movs	r6, r0
20001a26:	2f00      	cmp	r7, #0
20001a28:	d012      	beq.n	20001a50 <ph_remove_any_head+0x6c>
20001a2a:	7be7      	ldrb	r7, [r4, #15]
20001a2c:	2f00      	cmp	r7, #0
20001a2e:	d004      	beq.n	20001a3a <ph_remove_any_head+0x56>
20001a30:	0039      	movs	r1, r7
20001a32:	0020      	movs	r0, r4
20001a34:	f7ff ff28 	bl	20001888 <ph_get_node>
20001a38:	7045      	strb	r5, [r0, #1]
20001a3a:	7ba3      	ldrb	r3, [r4, #14]
20001a3c:	2b00      	cmp	r3, #0
20001a3e:	d106      	bne.n	20001a4e <ph_remove_any_head+0x6a>
20001a40:	2f00      	cmp	r7, #0
20001a42:	d003      	beq.n	20001a4c <ph_remove_any_head+0x68>
20001a44:	4b0f      	ldr	r3, [pc, #60]	; (20001a84 <ph_remove_any_head+0xa0>)
20001a46:	4a0b      	ldr	r2, [pc, #44]	; (20001a74 <ph_remove_any_head+0x90>)
20001a48:	2142      	movs	r1, #66	; 0x42
20001a4a:	e7d4      	b.n	200019f6 <ph_remove_any_head+0x12>
20001a4c:	73a5      	strb	r5, [r4, #14]
20001a4e:	73e5      	strb	r5, [r4, #15]
20001a50:	2e00      	cmp	r6, #0
20001a52:	d005      	beq.n	20001a60 <ph_remove_any_head+0x7c>
20001a54:	0031      	movs	r1, r6
20001a56:	0020      	movs	r0, r4
20001a58:	f7ff ff16 	bl	20001888 <ph_get_node>
20001a5c:	2300      	movs	r3, #0
20001a5e:	7083      	strb	r3, [r0, #2]
20001a60:	0029      	movs	r1, r5
20001a62:	0020      	movs	r0, r4
20001a64:	f7ff ff10 	bl	20001888 <ph_get_node>
20001a68:	2300      	movs	r3, #0
20001a6a:	7043      	strb	r3, [r0, #1]
20001a6c:	0030      	movs	r0, r6
20001a6e:	bdf8      	pop	{r3, r4, r5, r6, r7, pc}
20001a70:	20004876 	.word	0x20004876
20001a74:	20004835 	.word	0x20004835
20001a78:	2000487e 	.word	0x2000487e
20001a7c:	200048bb 	.word	0x200048bb
20001a80:	200048e0 	.word	0x200048e0
20001a84:	20004568 	.word	0x20004568

20001a88 <ph_remove_head>:
20001a88:	b570      	push	{r4, r5, r6, lr}
20001a8a:	7b45      	ldrb	r5, [r0, #13]
20001a8c:	000a      	movs	r2, r1
20001a8e:	0029      	movs	r1, r5
20001a90:	0004      	movs	r4, r0
20001a92:	f7ff ffa7 	bl	200019e4 <ph_remove_any_head>
20001a96:	7360      	strb	r0, [r4, #13]
20001a98:	0028      	movs	r0, r5
20001a9a:	bd70      	pop	{r4, r5, r6, pc}

20001a9c <ph_remove_and_free_node>:
20001a9c:	b570      	push	{r4, r5, r6, lr}
20001a9e:	0004      	movs	r4, r0
20001aa0:	1e0d      	subs	r5, r1, #0
20001aa2:	d03c      	beq.n	20001b1e <ph_remove_and_free_node+0x82>
20001aa4:	7b43      	ldrb	r3, [r0, #13]
20001aa6:	428b      	cmp	r3, r1
20001aa8:	d104      	bne.n	20001ab4 <ph_remove_and_free_node+0x18>
20001aaa:	2101      	movs	r1, #1
20001aac:	f7ff ffec 	bl	20001a88 <ph_remove_head>
20001ab0:	2001      	movs	r0, #1
20001ab2:	bd70      	pop	{r4, r5, r6, pc}
20001ab4:	f7ff fee8 	bl	20001888 <ph_get_node>
20001ab8:	0006      	movs	r6, r0
20001aba:	7881      	ldrb	r1, [r0, #2]
20001abc:	2000      	movs	r0, #0
20001abe:	4281      	cmp	r1, r0
20001ac0:	d0f7      	beq.n	20001ab2 <ph_remove_and_free_node+0x16>
20001ac2:	0020      	movs	r0, r4
20001ac4:	f7ff fee0 	bl	20001888 <ph_get_node>
20001ac8:	7801      	ldrb	r1, [r0, #0]
20001aca:	42a9      	cmp	r1, r5
20001acc:	d111      	bne.n	20001af2 <ph_remove_and_free_node+0x56>
20001ace:	7873      	ldrb	r3, [r6, #1]
20001ad0:	7003      	strb	r3, [r0, #0]
20001ad2:	2300      	movs	r3, #0
20001ad4:	2201      	movs	r2, #1
20001ad6:	0029      	movs	r1, r5
20001ad8:	70b3      	strb	r3, [r6, #2]
20001ada:	7073      	strb	r3, [r6, #1]
20001adc:	0020      	movs	r0, r4
20001ade:	f7ff ff81 	bl	200019e4 <ph_remove_any_head>
20001ae2:	7b61      	ldrb	r1, [r4, #13]
20001ae4:	0002      	movs	r2, r0
20001ae6:	4281      	cmp	r1, r0
20001ae8:	d114      	bne.n	20001b14 <ph_remove_and_free_node+0x78>
20001aea:	4b0e      	ldr	r3, [pc, #56]	; (20001b24 <ph_remove_and_free_node+0x88>)
20001aec:	4a0e      	ldr	r2, [pc, #56]	; (20001b28 <ph_remove_and_free_node+0x8c>)
20001aee:	2171      	movs	r1, #113	; 0x71
20001af0:	e00d      	b.n	20001b0e <ph_remove_and_free_node+0x72>
20001af2:	0020      	movs	r0, r4
20001af4:	f7ff fec8 	bl	20001888 <ph_get_node>
20001af8:	7841      	ldrb	r1, [r0, #1]
20001afa:	42a9      	cmp	r1, r5
20001afc:	d102      	bne.n	20001b04 <ph_remove_and_free_node+0x68>
20001afe:	7873      	ldrb	r3, [r6, #1]
20001b00:	7043      	strb	r3, [r0, #1]
20001b02:	e7e6      	b.n	20001ad2 <ph_remove_and_free_node+0x36>
20001b04:	2900      	cmp	r1, #0
20001b06:	d1f4      	bne.n	20001af2 <ph_remove_and_free_node+0x56>
20001b08:	4b08      	ldr	r3, [pc, #32]	; (20001b2c <ph_remove_and_free_node+0x90>)
20001b0a:	4a07      	ldr	r2, [pc, #28]	; (20001b28 <ph_remove_and_free_node+0x8c>)
20001b0c:	316b      	adds	r1, #107	; 0x6b
20001b0e:	4808      	ldr	r0, [pc, #32]	; (20001b30 <ph_remove_and_free_node+0x94>)
20001b10:	f000 faa8 	bl	20002064 <__assert_func>
20001b14:	0020      	movs	r0, r4
20001b16:	f7ff ff01 	bl	2000191c <ph_merge_nodes>
20001b1a:	7360      	strb	r0, [r4, #13]
20001b1c:	e7c8      	b.n	20001ab0 <ph_remove_and_free_node+0x14>
20001b1e:	0008      	movs	r0, r1
20001b20:	e7c7      	b.n	20001ab2 <ph_remove_and_free_node+0x16>
20001b22:	46c0      	nop			; (mov r8, r8)
20001b24:	20004860 	.word	0x20004860
20001b28:	20004848 	.word	0x20004848
20001b2c:	20004250 	.word	0x20004250
20001b30:	2000487e 	.word	0x2000487e

20001b34 <uart_write_lcr_bits_masked>:
20001b34:	b5f7      	push	{r0, r1, r2, r4, r5, r6, r7, lr}
20001b36:	6b07      	ldr	r7, [r0, #48]	; 0x30
20001b38:	0004      	movs	r4, r0
20001b3a:	000e      	movs	r6, r1
20001b3c:	9201      	str	r2, [sp, #4]
20001b3e:	07fb      	lsls	r3, r7, #31
20001b40:	d518      	bpl.n	20001b74 <uart_write_lcr_bits_masked+0x40>
20001b42:	0002      	movs	r2, r0
20001b44:	23c0      	movs	r3, #192	; 0xc0
20001b46:	3230      	adds	r2, #48	; 0x30
20001b48:	019b      	lsls	r3, r3, #6
20001b4a:	4313      	orrs	r3, r2
20001b4c:	4a10      	ldr	r2, [pc, #64]	; (20001b90 <uart_write_lcr_bits_masked+0x5c>)
20001b4e:	601a      	str	r2, [r3, #0]
20001b50:	6a45      	ldr	r5, [r0, #36]	; 0x24
20001b52:	6a83      	ldr	r3, [r0, #40]	; 0x28
20001b54:	01ad      	lsls	r5, r5, #6
20001b56:	2006      	movs	r0, #6
20001b58:	18ed      	adds	r5, r5, r3
20001b5a:	f000 f983 	bl	20001e64 <clock_get_hz>
20001b5e:	490d      	ldr	r1, [pc, #52]	; (20001b94 <uart_write_lcr_bits_masked+0x60>)
20001b60:	f001 fabe 	bl	200030e0 <__wrap___aeabi_uidiv>
20001b64:	02ad      	lsls	r5, r5, #10
20001b66:	0001      	movs	r1, r0
20001b68:	0028      	movs	r0, r5
20001b6a:	f001 fab9 	bl	200030e0 <__wrap___aeabi_uidiv>
20001b6e:	2100      	movs	r1, #0
20001b70:	f7ff fd8e 	bl	20001690 <busy_wait_us>
20001b74:	6ae3      	ldr	r3, [r4, #44]	; 0x2c
20001b76:	0022      	movs	r2, r4
20001b78:	405e      	eors	r6, r3
20001b7a:	9b01      	ldr	r3, [sp, #4]
20001b7c:	322c      	adds	r2, #44	; 0x2c
20001b7e:	4033      	ands	r3, r6
20001b80:	001e      	movs	r6, r3
20001b82:	2380      	movs	r3, #128	; 0x80
20001b84:	015b      	lsls	r3, r3, #5
20001b86:	4313      	orrs	r3, r2
20001b88:	601e      	str	r6, [r3, #0]
20001b8a:	6327      	str	r7, [r4, #48]	; 0x30
20001b8c:	bdf7      	pop	{r0, r1, r2, r4, r5, r6, r7, pc}
20001b8e:	46c0      	nop			; (mov r8, r8)
20001b90:	00000301 	.word	0x00000301
20001b94:	00000e4e 	.word	0x00000e4e

20001b98 <uart_set_baudrate>:
20001b98:	b570      	push	{r4, r5, r6, lr}
20001b9a:	0006      	movs	r6, r0
20001b9c:	2006      	movs	r0, #6
20001b9e:	000c      	movs	r4, r1
20001ba0:	f000 f960 	bl	20001e64 <clock_get_hz>
20001ba4:	0021      	movs	r1, r4
20001ba6:	00c0      	lsls	r0, r0, #3
20001ba8:	f001 fa9a 	bl	200030e0 <__wrap___aeabi_uidiv>
20001bac:	2401      	movs	r4, #1
20001bae:	09c5      	lsrs	r5, r0, #7
20001bb0:	d007      	beq.n	20001bc2 <uart_set_baudrate+0x2a>
20001bb2:	4b0d      	ldr	r3, [pc, #52]	; (20001be8 <uart_set_baudrate+0x50>)
20001bb4:	429d      	cmp	r5, r3
20001bb6:	d814      	bhi.n	20001be2 <uart_set_baudrate+0x4a>
20001bb8:	237f      	movs	r3, #127	; 0x7f
20001bba:	4018      	ands	r0, r3
20001bbc:	1900      	adds	r0, r0, r4
20001bbe:	002c      	movs	r4, r5
20001bc0:	0845      	lsrs	r5, r0, #1
20001bc2:	2200      	movs	r2, #0
20001bc4:	6274      	str	r4, [r6, #36]	; 0x24
20001bc6:	0011      	movs	r1, r2
20001bc8:	62b5      	str	r5, [r6, #40]	; 0x28
20001bca:	0030      	movs	r0, r6
20001bcc:	f7ff ffb2 	bl	20001b34 <uart_write_lcr_bits_masked>
20001bd0:	2006      	movs	r0, #6
20001bd2:	f000 f947 	bl	20001e64 <clock_get_hz>
20001bd6:	01a1      	lsls	r1, r4, #6
20001bd8:	1949      	adds	r1, r1, r5
20001bda:	0080      	lsls	r0, r0, #2
20001bdc:	f001 fa80 	bl	200030e0 <__wrap___aeabi_uidiv>
20001be0:	bd70      	pop	{r4, r5, r6, pc}
20001be2:	2500      	movs	r5, #0
20001be4:	4c01      	ldr	r4, [pc, #4]	; (20001bec <uart_set_baudrate+0x54>)
20001be6:	e7ec      	b.n	20001bc2 <uart_set_baudrate+0x2a>
20001be8:	0000fffe 	.word	0x0000fffe
20001bec:	0000ffff 	.word	0x0000ffff

20001bf0 <uart_init>:
20001bf0:	b570      	push	{r4, r5, r6, lr}
20001bf2:	0004      	movs	r4, r0
20001bf4:	2006      	movs	r0, #6
20001bf6:	000d      	movs	r5, r1
20001bf8:	f000 f934 	bl	20001e64 <clock_get_hz>
20001bfc:	1e06      	subs	r6, r0, #0
20001bfe:	d02b      	beq.n	20001c58 <uart_init+0x68>
20001c00:	4b18      	ldr	r3, [pc, #96]	; (20001c64 <uart_init+0x74>)
20001c02:	429c      	cmp	r4, r3
20001c04:	d02a      	beq.n	20001c5c <uart_init+0x6c>
20001c06:	2380      	movs	r3, #128	; 0x80
20001c08:	03db      	lsls	r3, r3, #15
20001c0a:	4a17      	ldr	r2, [pc, #92]	; (20001c68 <uart_init+0x78>)
20001c0c:	4917      	ldr	r1, [pc, #92]	; (20001c6c <uart_init+0x7c>)
20001c0e:	6013      	str	r3, [r2, #0]
20001c10:	4a17      	ldr	r2, [pc, #92]	; (20001c70 <uart_init+0x80>)
20001c12:	6013      	str	r3, [r2, #0]
20001c14:	0018      	movs	r0, r3
20001c16:	688a      	ldr	r2, [r1, #8]
20001c18:	4390      	bics	r0, r2
20001c1a:	d1fb      	bne.n	20001c14 <uart_init+0x24>
20001c1c:	4b15      	ldr	r3, [pc, #84]	; (20001c74 <uart_init+0x84>)
20001c1e:	2180      	movs	r1, #128	; 0x80
20001c20:	18e3      	adds	r3, r4, r3
20001c22:	425a      	negs	r2, r3
20001c24:	4153      	adcs	r3, r2
20001c26:	4a14      	ldr	r2, [pc, #80]	; (20001c78 <uart_init+0x88>)
20001c28:	005b      	lsls	r3, r3, #1
20001c2a:	0049      	lsls	r1, r1, #1
20001c2c:	5299      	strh	r1, [r3, r2]
20001c2e:	0020      	movs	r0, r4
20001c30:	0029      	movs	r1, r5
20001c32:	f7ff ffb1 	bl	20001b98 <uart_set_baudrate>
20001c36:	226e      	movs	r2, #110	; 0x6e
20001c38:	0006      	movs	r6, r0
20001c3a:	2160      	movs	r1, #96	; 0x60
20001c3c:	0020      	movs	r0, r4
20001c3e:	f7ff ff79 	bl	20001b34 <uart_write_lcr_bits_masked>
20001c42:	0022      	movs	r2, r4
20001c44:	2380      	movs	r3, #128	; 0x80
20001c46:	322c      	adds	r2, #44	; 0x2c
20001c48:	019b      	lsls	r3, r3, #6
20001c4a:	4313      	orrs	r3, r2
20001c4c:	2210      	movs	r2, #16
20001c4e:	601a      	str	r2, [r3, #0]
20001c50:	4b0a      	ldr	r3, [pc, #40]	; (20001c7c <uart_init+0x8c>)
20001c52:	6323      	str	r3, [r4, #48]	; 0x30
20001c54:	2303      	movs	r3, #3
20001c56:	64a3      	str	r3, [r4, #72]	; 0x48
20001c58:	0030      	movs	r0, r6
20001c5a:	bd70      	pop	{r4, r5, r6, pc}
20001c5c:	2380      	movs	r3, #128	; 0x80
20001c5e:	041b      	lsls	r3, r3, #16
20001c60:	e7d3      	b.n	20001c0a <uart_init+0x1a>
20001c62:	46c0      	nop			; (mov r8, r8)
20001c64:	40038000 	.word	0x40038000
20001c68:	4000e000 	.word	0x4000e000
20001c6c:	4000c000 	.word	0x4000c000
20001c70:	4000f000 	.word	0x4000f000
20001c74:	bffc8000 	.word	0xbffc8000
20001c78:	200052ae 	.word	0x200052ae
20001c7c:	00000301 	.word	0x00000301

20001c80 <clock_configure>:
20001c80:	b5f0      	push	{r4, r5, r6, r7, lr}
20001c82:	b085      	sub	sp, #20
20001c84:	9203      	str	r2, [sp, #12]
20001c86:	9a0a      	ldr	r2, [sp, #40]	; 0x28
20001c88:	0005      	movs	r5, r0
20001c8a:	000f      	movs	r7, r1
20001c8c:	4293      	cmp	r3, r2
20001c8e:	d205      	bcs.n	20001c9c <clock_configure+0x1c>
20001c90:	4b32      	ldr	r3, [pc, #200]	; (20001d5c <clock_configure+0xdc>)
20001c92:	4a33      	ldr	r2, [pc, #204]	; (20001d60 <clock_configure+0xe0>)
20001c94:	2133      	movs	r1, #51	; 0x33
20001c96:	4833      	ldr	r0, [pc, #204]	; (20001d64 <clock_configure+0xe4>)
20001c98:	f000 f9e4 	bl	20002064 <__assert_func>
20001c9c:	240c      	movs	r4, #12
20001c9e:	0e1a      	lsrs	r2, r3, #24
20001ca0:	021b      	lsls	r3, r3, #8
20001ca2:	9202      	str	r2, [sp, #8]
20001ca4:	9301      	str	r3, [sp, #4]
20001ca6:	9a0a      	ldr	r2, [sp, #40]	; 0x28
20001ca8:	2300      	movs	r3, #0
20001caa:	9801      	ldr	r0, [sp, #4]
20001cac:	9902      	ldr	r1, [sp, #8]
20001cae:	f001 fa55 	bl	2000315c <__wrap___aeabi_uldivmod>
20001cb2:	436c      	muls	r4, r5
20001cb4:	4b2c      	ldr	r3, [pc, #176]	; (20001d68 <clock_configure+0xe8>)
20001cb6:	0006      	movs	r6, r0
20001cb8:	18e4      	adds	r4, r4, r3
20001cba:	6863      	ldr	r3, [r4, #4]
20001cbc:	4283      	cmp	r3, r0
20001cbe:	d200      	bcs.n	20001cc2 <clock_configure+0x42>
20001cc0:	6060      	str	r0, [r4, #4]
20001cc2:	1f2b      	subs	r3, r5, #4
20001cc4:	b2db      	uxtb	r3, r3
20001cc6:	9300      	str	r3, [sp, #0]
20001cc8:	23c0      	movs	r3, #192	; 0xc0
20001cca:	9a00      	ldr	r2, [sp, #0]
20001ccc:	019b      	lsls	r3, r3, #6
20001cce:	4323      	orrs	r3, r4
20001cd0:	2a01      	cmp	r2, #1
20001cd2:	d831      	bhi.n	20001d38 <clock_configure+0xb8>
20001cd4:	2f01      	cmp	r7, #1
20001cd6:	d12f      	bne.n	20001d38 <clock_configure+0xb8>
20001cd8:	2203      	movs	r2, #3
20001cda:	601a      	str	r2, [r3, #0]
20001cdc:	003b      	movs	r3, r7
20001cde:	68a2      	ldr	r2, [r4, #8]
20001ce0:	421a      	tst	r2, r3
20001ce2:	d0fc      	beq.n	20001cde <clock_configure+0x5e>
20001ce4:	9b03      	ldr	r3, [sp, #12]
20001ce6:	6822      	ldr	r2, [r4, #0]
20001ce8:	015b      	lsls	r3, r3, #5
20001cea:	4053      	eors	r3, r2
20001cec:	22e0      	movs	r2, #224	; 0xe0
20001cee:	4013      	ands	r3, r2
20001cf0:	2280      	movs	r2, #128	; 0x80
20001cf2:	0152      	lsls	r2, r2, #5
20001cf4:	4322      	orrs	r2, r4
20001cf6:	6013      	str	r3, [r2, #0]
20001cf8:	9b00      	ldr	r3, [sp, #0]
20001cfa:	2b01      	cmp	r3, #1
20001cfc:	d809      	bhi.n	20001d12 <clock_configure+0x92>
20001cfe:	2103      	movs	r1, #3
20001d00:	6823      	ldr	r3, [r4, #0]
20001d02:	407b      	eors	r3, r7
20001d04:	400b      	ands	r3, r1
20001d06:	6013      	str	r3, [r2, #0]
20001d08:	2301      	movs	r3, #1
20001d0a:	40bb      	lsls	r3, r7
20001d0c:	68a2      	ldr	r2, [r4, #8]
20001d0e:	4213      	tst	r3, r2
20001d10:	d0fc      	beq.n	20001d0c <clock_configure+0x8c>
20001d12:	2380      	movs	r3, #128	; 0x80
20001d14:	2280      	movs	r2, #128	; 0x80
20001d16:	019b      	lsls	r3, r3, #6
20001d18:	4323      	orrs	r3, r4
20001d1a:	0112      	lsls	r2, r2, #4
20001d1c:	601a      	str	r2, [r3, #0]
20001d1e:	9801      	ldr	r0, [sp, #4]
20001d20:	6066      	str	r6, [r4, #4]
20001d22:	0032      	movs	r2, r6
20001d24:	2300      	movs	r3, #0
20001d26:	9902      	ldr	r1, [sp, #8]
20001d28:	f001 fa18 	bl	2000315c <__wrap___aeabi_uldivmod>
20001d2c:	4b0f      	ldr	r3, [pc, #60]	; (20001d6c <clock_configure+0xec>)
20001d2e:	00ad      	lsls	r5, r5, #2
20001d30:	50e8      	str	r0, [r5, r3]
20001d32:	2001      	movs	r0, #1
20001d34:	b005      	add	sp, #20
20001d36:	bdf0      	pop	{r4, r5, r6, r7, pc}
20001d38:	2280      	movs	r2, #128	; 0x80
20001d3a:	0112      	lsls	r2, r2, #4
20001d3c:	601a      	str	r2, [r3, #0]
20001d3e:	4b0b      	ldr	r3, [pc, #44]	; (20001d6c <clock_configure+0xec>)
20001d40:	00aa      	lsls	r2, r5, #2
20001d42:	58d1      	ldr	r1, [r2, r3]
20001d44:	2900      	cmp	r1, #0
20001d46:	d0cd      	beq.n	20001ce4 <clock_configure+0x64>
20001d48:	6958      	ldr	r0, [r3, #20]
20001d4a:	f001 f9c9 	bl	200030e0 <__wrap___aeabi_uidiv>
20001d4e:	1c43      	adds	r3, r0, #1
20001d50:	2003      	movs	r0, #3
20001d52:	4358      	muls	r0, r3
20001d54:	3803      	subs	r0, #3
20001d56:	d2fd      	bcs.n	20001d54 <clock_configure+0xd4>
20001d58:	e7c4      	b.n	20001ce4 <clock_configure+0x64>
20001d5a:	46c0      	nop			; (mov r8, r8)
20001d5c:	20004914 	.word	0x20004914
20001d60:	20004904 	.word	0x20004904
20001d64:	20004925 	.word	0x20004925
20001d68:	40008000 	.word	0x40008000
20001d6c:	2000520c 	.word	0x2000520c

20001d70 <clocks_init>:
20001d70:	b573      	push	{r0, r1, r4, r5, r6, lr}
20001d72:	200c      	movs	r0, #12
20001d74:	f000 f8f8 	bl	20001f68 <watchdog_start_tick>
20001d78:	f7fe fd5c 	bl	20000834 <running_on_fpga>
20001d7c:	2800      	cmp	r0, #0
20001d7e:	d00a      	beq.n	20001d96 <clocks_init+0x26>
20001d80:	2300      	movs	r3, #0
20001d82:	4a2c      	ldr	r2, [pc, #176]	; (20001e34 <clocks_init+0xc4>)
20001d84:	482c      	ldr	r0, [pc, #176]	; (20001e38 <clocks_init+0xc8>)
20001d86:	0099      	lsls	r1, r3, #2
20001d88:	3301      	adds	r3, #1
20001d8a:	5088      	str	r0, [r1, r2]
20001d8c:	2b0a      	cmp	r3, #10
20001d8e:	d1fa      	bne.n	20001d86 <clocks_init+0x16>
20001d90:	4b2a      	ldr	r3, [pc, #168]	; (20001e3c <clocks_init+0xcc>)
20001d92:	6253      	str	r3, [r2, #36]	; 0x24
20001d94:	bd73      	pop	{r0, r1, r4, r5, r6, pc}
20001d96:	4c2a      	ldr	r4, [pc, #168]	; (20001e40 <clocks_init+0xd0>)
20001d98:	67a0      	str	r0, [r4, #120]	; 0x78
20001d9a:	f000 f949 	bl	20002030 <xosc_init>
20001d9e:	2201      	movs	r2, #1
20001da0:	4b28      	ldr	r3, [pc, #160]	; (20001e44 <clocks_init+0xd4>)
20001da2:	601a      	str	r2, [r3, #0]
20001da4:	6c63      	ldr	r3, [r4, #68]	; 0x44
20001da6:	2b01      	cmp	r3, #1
20001da8:	d1fc      	bne.n	20001da4 <clocks_init+0x34>
20001daa:	2203      	movs	r2, #3
20001dac:	4b26      	ldr	r3, [pc, #152]	; (20001e48 <clocks_init+0xd8>)
20001dae:	601a      	str	r2, [r3, #0]
20001db0:	6ba6      	ldr	r6, [r4, #56]	; 0x38
20001db2:	2e01      	cmp	r6, #1
20001db4:	d1fc      	bne.n	20001db0 <clocks_init+0x40>
20001db6:	2502      	movs	r5, #2
20001db8:	2405      	movs	r4, #5
20001dba:	9500      	str	r5, [sp, #0]
20001dbc:	0031      	movs	r1, r6
20001dbe:	2306      	movs	r3, #6
20001dc0:	4a22      	ldr	r2, [pc, #136]	; (20001e4c <clocks_init+0xdc>)
20001dc2:	4823      	ldr	r0, [pc, #140]	; (20001e50 <clocks_init+0xe0>)
20001dc4:	f000 f854 	bl	20001e70 <pll_init>
20001dc8:	9400      	str	r4, [sp, #0]
20001dca:	0023      	movs	r3, r4
20001dcc:	0031      	movs	r1, r6
20001dce:	4a21      	ldr	r2, [pc, #132]	; (20001e54 <clocks_init+0xe4>)
20001dd0:	4821      	ldr	r0, [pc, #132]	; (20001e58 <clocks_init+0xe8>)
20001dd2:	f000 f84d 	bl	20001e70 <pll_init>
20001dd6:	4b21      	ldr	r3, [pc, #132]	; (20001e5c <clocks_init+0xec>)
20001dd8:	0029      	movs	r1, r5
20001dda:	4d21      	ldr	r5, [pc, #132]	; (20001e60 <clocks_init+0xf0>)
20001ddc:	9300      	str	r3, [sp, #0]
20001dde:	2200      	movs	r2, #0
20001de0:	2004      	movs	r0, #4
20001de2:	f7ff ff4d 	bl	20001c80 <clock_configure>
20001de6:	002b      	movs	r3, r5
20001de8:	0031      	movs	r1, r6
20001dea:	9500      	str	r5, [sp, #0]
20001dec:	2200      	movs	r2, #0
20001dee:	0020      	movs	r0, r4
20001df0:	f7ff ff46 	bl	20001c80 <clock_configure>
20001df4:	2200      	movs	r2, #0
20001df6:	4c10      	ldr	r4, [pc, #64]	; (20001e38 <clocks_init+0xc8>)
20001df8:	0011      	movs	r1, r2
20001dfa:	0023      	movs	r3, r4
20001dfc:	9400      	str	r4, [sp, #0]
20001dfe:	2007      	movs	r0, #7
20001e00:	f7ff ff3e 	bl	20001c80 <clock_configure>
20001e04:	2200      	movs	r2, #0
20001e06:	0023      	movs	r3, r4
20001e08:	0011      	movs	r1, r2
20001e0a:	9400      	str	r4, [sp, #0]
20001e0c:	2008      	movs	r0, #8
20001e0e:	f7ff ff37 	bl	20001c80 <clock_configure>
20001e12:	2200      	movs	r2, #0
20001e14:	4b09      	ldr	r3, [pc, #36]	; (20001e3c <clocks_init+0xcc>)
20001e16:	0011      	movs	r1, r2
20001e18:	9300      	str	r3, [sp, #0]
20001e1a:	2009      	movs	r0, #9
20001e1c:	0023      	movs	r3, r4
20001e1e:	f7ff ff2f 	bl	20001c80 <clock_configure>
20001e22:	2200      	movs	r2, #0
20001e24:	9500      	str	r5, [sp, #0]
20001e26:	002b      	movs	r3, r5
20001e28:	0011      	movs	r1, r2
20001e2a:	2006      	movs	r0, #6
20001e2c:	f7ff ff28 	bl	20001c80 <clock_configure>
20001e30:	e7b0      	b.n	20001d94 <clocks_init+0x24>
20001e32:	46c0      	nop			; (mov r8, r8)
20001e34:	2000520c 	.word	0x2000520c
20001e38:	02dc6c00 	.word	0x02dc6c00
20001e3c:	0000b71b 	.word	0x0000b71b
20001e40:	40008000 	.word	0x40008000
20001e44:	4000b03c 	.word	0x4000b03c
20001e48:	4000b030 	.word	0x4000b030
20001e4c:	59682f00 	.word	0x59682f00
20001e50:	40028000 	.word	0x40028000
20001e54:	47868c00 	.word	0x47868c00
20001e58:	4002c000 	.word	0x4002c000
20001e5c:	00b71b00 	.word	0x00b71b00
20001e60:	07735940 	.word	0x07735940

20001e64 <clock_get_hz>:
20001e64:	4b01      	ldr	r3, [pc, #4]	; (20001e6c <clock_get_hz+0x8>)
20001e66:	0080      	lsls	r0, r0, #2
20001e68:	58c0      	ldr	r0, [r0, r3]
20001e6a:	4770      	bx	lr
20001e6c:	2000520c 	.word	0x2000520c

20001e70 <pll_init>:
20001e70:	b5f8      	push	{r3, r4, r5, r6, r7, lr}
20001e72:	0017      	movs	r7, r2
20001e74:	0004      	movs	r4, r0
20001e76:	4830      	ldr	r0, [pc, #192]	; (20001f38 <pll_init+0xc8>)
20001e78:	000e      	movs	r6, r1
20001e7a:	001d      	movs	r5, r3
20001e7c:	f001 f930 	bl	200030e0 <__wrap___aeabi_uidiv>
20001e80:	4b2e      	ldr	r3, [pc, #184]	; (20001f3c <pll_init+0xcc>)
20001e82:	0001      	movs	r1, r0
20001e84:	18fa      	adds	r2, r7, r3
20001e86:	4b2e      	ldr	r3, [pc, #184]	; (20001f40 <pll_init+0xd0>)
20001e88:	429a      	cmp	r2, r3
20001e8a:	d905      	bls.n	20001e98 <pll_init+0x28>
20001e8c:	2111      	movs	r1, #17
20001e8e:	4b2d      	ldr	r3, [pc, #180]	; (20001f44 <pll_init+0xd4>)
20001e90:	4a2d      	ldr	r2, [pc, #180]	; (20001f48 <pll_init+0xd8>)
20001e92:	482e      	ldr	r0, [pc, #184]	; (20001f4c <pll_init+0xdc>)
20001e94:	f000 f8e6 	bl	20002064 <__assert_func>
20001e98:	0038      	movs	r0, r7
20001e9a:	f001 f921 	bl	200030e0 <__wrap___aeabi_uidiv>
20001e9e:	0002      	movs	r2, r0
20001ea0:	2398      	movs	r3, #152	; 0x98
20001ea2:	3a10      	subs	r2, #16
20001ea4:	005b      	lsls	r3, r3, #1
20001ea6:	429a      	cmp	r2, r3
20001ea8:	d903      	bls.n	20001eb2 <pll_init+0x42>
20001eaa:	4b29      	ldr	r3, [pc, #164]	; (20001f50 <pll_init+0xe0>)
20001eac:	4a26      	ldr	r2, [pc, #152]	; (20001f48 <pll_init+0xd8>)
20001eae:	2119      	movs	r1, #25
20001eb0:	e7ef      	b.n	20001e92 <pll_init+0x22>
20001eb2:	1e6b      	subs	r3, r5, #1
20001eb4:	2b06      	cmp	r3, #6
20001eb6:	d803      	bhi.n	20001ec0 <pll_init+0x50>
20001eb8:	9b06      	ldr	r3, [sp, #24]
20001eba:	3b01      	subs	r3, #1
20001ebc:	2b06      	cmp	r3, #6
20001ebe:	d903      	bls.n	20001ec8 <pll_init+0x58>
20001ec0:	4b24      	ldr	r3, [pc, #144]	; (20001f54 <pll_init+0xe4>)
20001ec2:	4a21      	ldr	r2, [pc, #132]	; (20001f48 <pll_init+0xd8>)
20001ec4:	211c      	movs	r1, #28
20001ec6:	e7e4      	b.n	20001e92 <pll_init+0x22>
20001ec8:	9a06      	ldr	r2, [sp, #24]
20001eca:	042b      	lsls	r3, r5, #16
20001ecc:	0315      	lsls	r5, r2, #12
20001ece:	431d      	orrs	r5, r3
20001ed0:	6823      	ldr	r3, [r4, #0]
20001ed2:	2b00      	cmp	r3, #0
20001ed4:	da0f      	bge.n	20001ef6 <pll_init+0x86>
20001ed6:	223f      	movs	r2, #63	; 0x3f
20001ed8:	6823      	ldr	r3, [r4, #0]
20001eda:	4013      	ands	r3, r2
20001edc:	42b3      	cmp	r3, r6
20001ede:	d10a      	bne.n	20001ef6 <pll_init+0x86>
20001ee0:	68a3      	ldr	r3, [r4, #8]
20001ee2:	051b      	lsls	r3, r3, #20
20001ee4:	0d1b      	lsrs	r3, r3, #20
20001ee6:	4283      	cmp	r3, r0
20001ee8:	d105      	bne.n	20001ef6 <pll_init+0x86>
20001eea:	22ee      	movs	r2, #238	; 0xee
20001eec:	68e3      	ldr	r3, [r4, #12]
20001eee:	02d2      	lsls	r2, r2, #11
20001ef0:	4013      	ands	r3, r2
20001ef2:	42ab      	cmp	r3, r5
20001ef4:	d01b      	beq.n	20001f2e <pll_init+0xbe>
20001ef6:	4b18      	ldr	r3, [pc, #96]	; (20001f58 <pll_init+0xe8>)
20001ef8:	429c      	cmp	r4, r3
20001efa:	d019      	beq.n	20001f30 <pll_init+0xc0>
20001efc:	2380      	movs	r3, #128	; 0x80
20001efe:	015b      	lsls	r3, r3, #5
20001f00:	4a16      	ldr	r2, [pc, #88]	; (20001f5c <pll_init+0xec>)
20001f02:	4917      	ldr	r1, [pc, #92]	; (20001f60 <pll_init+0xf0>)
20001f04:	6013      	str	r3, [r2, #0]
20001f06:	4a17      	ldr	r2, [pc, #92]	; (20001f64 <pll_init+0xf4>)
20001f08:	6013      	str	r3, [r2, #0]
20001f0a:	001f      	movs	r7, r3
20001f0c:	688a      	ldr	r2, [r1, #8]
20001f0e:	4397      	bics	r7, r2
20001f10:	d1fb      	bne.n	20001f0a <pll_init+0x9a>
20001f12:	23c0      	movs	r3, #192	; 0xc0
20001f14:	1d22      	adds	r2, r4, #4
20001f16:	019b      	lsls	r3, r3, #6
20001f18:	4313      	orrs	r3, r2
20001f1a:	2221      	movs	r2, #33	; 0x21
20001f1c:	6026      	str	r6, [r4, #0]
20001f1e:	60a0      	str	r0, [r4, #8]
20001f20:	601a      	str	r2, [r3, #0]
20001f22:	6822      	ldr	r2, [r4, #0]
20001f24:	2a00      	cmp	r2, #0
20001f26:	dafc      	bge.n	20001f22 <pll_init+0xb2>
20001f28:	2208      	movs	r2, #8
20001f2a:	60e5      	str	r5, [r4, #12]
20001f2c:	601a      	str	r2, [r3, #0]
20001f2e:	bdf8      	pop	{r3, r4, r5, r6, r7, pc}
20001f30:	2380      	movs	r3, #128	; 0x80
20001f32:	019b      	lsls	r3, r3, #6
20001f34:	e7e4      	b.n	20001f00 <pll_init+0x90>
20001f36:	46c0      	nop			; (mov r8, r8)
20001f38:	00b71b00 	.word	0x00b71b00
20001f3c:	d34be880 	.word	0xd34be880
20001f40:	32a9f880 	.word	0x32a9f880
20001f44:	20004976 	.word	0x20004976
20001f48:	2000496d 	.word	0x2000496d
20001f4c:	200049d5 	.word	0x200049d5
20001f50:	20004a17 	.word	0x20004a17
20001f54:	20004a33 	.word	0x20004a33
20001f58:	4002c000 	.word	0x4002c000
20001f5c:	4000e000 	.word	0x4000e000
20001f60:	4000c000 	.word	0x4000c000
20001f64:	4000f000 	.word	0x4000f000

20001f68 <watchdog_start_tick>:
20001f68:	2380      	movs	r3, #128	; 0x80
20001f6a:	4a02      	ldr	r2, [pc, #8]	; (20001f74 <watchdog_start_tick+0xc>)
20001f6c:	009b      	lsls	r3, r3, #2
20001f6e:	4303      	orrs	r3, r0
20001f70:	62d3      	str	r3, [r2, #44]	; 0x2c
20001f72:	4770      	bx	lr
20001f74:	40058000 	.word	0x40058000

20001f78 <watchdog_update>:
20001f78:	4b02      	ldr	r3, [pc, #8]	; (20001f84 <watchdog_update+0xc>)
20001f7a:	681a      	ldr	r2, [r3, #0]
20001f7c:	4b02      	ldr	r3, [pc, #8]	; (20001f88 <watchdog_update+0x10>)
20001f7e:	605a      	str	r2, [r3, #4]
20001f80:	4770      	bx	lr
20001f82:	46c0      	nop			; (mov r8, r8)
20001f84:	2000523c 	.word	0x2000523c
20001f88:	40058000 	.word	0x40058000

20001f8c <_watchdog_enable>:
20001f8c:	2280      	movs	r2, #128	; 0x80
20001f8e:	4b12      	ldr	r3, [pc, #72]	; (20001fd8 <_watchdog_enable+0x4c>)
20001f90:	05d2      	lsls	r2, r2, #23
20001f92:	b510      	push	{r4, lr}
20001f94:	601a      	str	r2, [r3, #0]
20001f96:	4c11      	ldr	r4, [pc, #68]	; (20001fdc <_watchdog_enable+0x50>)
20001f98:	4a11      	ldr	r2, [pc, #68]	; (20001fe0 <_watchdog_enable+0x54>)
20001f9a:	6014      	str	r4, [r2, #0]
20001f9c:	22e0      	movs	r2, #224	; 0xe0
20001f9e:	4c11      	ldr	r4, [pc, #68]	; (20001fe4 <_watchdog_enable+0x58>)
20001fa0:	04d2      	lsls	r2, r2, #19
20001fa2:	2900      	cmp	r1, #0
20001fa4:	d006      	beq.n	20001fb4 <_watchdog_enable+0x28>
20001fa6:	6022      	str	r2, [r4, #0]
20001fa8:	2800      	cmp	r0, #0
20001faa:	d105      	bne.n	20001fb8 <_watchdog_enable+0x2c>
20001fac:	2380      	movs	r3, #128	; 0x80
20001fae:	061b      	lsls	r3, r3, #24
20001fb0:	6023      	str	r3, [r4, #0]
20001fb2:	bd10      	pop	{r4, pc}
20001fb4:	601a      	str	r2, [r3, #0]
20001fb6:	e7f7      	b.n	20001fa8 <_watchdog_enable+0x1c>
20001fb8:	23fa      	movs	r3, #250	; 0xfa
20001fba:	00db      	lsls	r3, r3, #3
20001fbc:	4358      	muls	r0, r3
20001fbe:	4a0a      	ldr	r2, [pc, #40]	; (20001fe8 <_watchdog_enable+0x5c>)
20001fc0:	4b0a      	ldr	r3, [pc, #40]	; (20001fec <_watchdog_enable+0x60>)
20001fc2:	4290      	cmp	r0, r2
20001fc4:	d805      	bhi.n	20001fd2 <_watchdog_enable+0x46>
20001fc6:	6018      	str	r0, [r3, #0]
20001fc8:	f7ff ffd6 	bl	20001f78 <watchdog_update>
20001fcc:	2380      	movs	r3, #128	; 0x80
20001fce:	05db      	lsls	r3, r3, #23
20001fd0:	e7ee      	b.n	20001fb0 <_watchdog_enable+0x24>
20001fd2:	601a      	str	r2, [r3, #0]
20001fd4:	e7f8      	b.n	20001fc8 <_watchdog_enable+0x3c>
20001fd6:	46c0      	nop			; (mov r8, r8)
20001fd8:	4005b000 	.word	0x4005b000
20001fdc:	0001fffc 	.word	0x0001fffc
20001fe0:	40012008 	.word	0x40012008
20001fe4:	4005a000 	.word	0x4005a000
20001fe8:	00ffffff 	.word	0x00ffffff
20001fec:	2000523c 	.word	0x2000523c

20001ff0 <watchdog_reboot>:
20001ff0:	b570      	push	{r4, r5, r6, lr}
20001ff2:	2480      	movs	r4, #128	; 0x80
20001ff4:	4b0a      	ldr	r3, [pc, #40]	; (20002020 <watchdog_reboot+0x30>)
20001ff6:	05e4      	lsls	r4, r4, #23
20001ff8:	601c      	str	r4, [r3, #0]
20001ffa:	4b0a      	ldr	r3, [pc, #40]	; (20002024 <watchdog_reboot+0x34>)
20001ffc:	2800      	cmp	r0, #0
20001ffe:	d00d      	beq.n	2000201c <watchdog_reboot+0x2c>
20002000:	2401      	movs	r4, #1
20002002:	4d09      	ldr	r5, [pc, #36]	; (20002028 <watchdog_reboot+0x38>)
20002004:	4304      	orrs	r4, r0
20002006:	4809      	ldr	r0, [pc, #36]	; (2000202c <watchdog_reboot+0x3c>)
20002008:	4065      	eors	r5, r4
2000200a:	61d8      	str	r0, [r3, #28]
2000200c:	621d      	str	r5, [r3, #32]
2000200e:	6259      	str	r1, [r3, #36]	; 0x24
20002010:	629c      	str	r4, [r3, #40]	; 0x28
20002012:	2100      	movs	r1, #0
20002014:	0010      	movs	r0, r2
20002016:	f7ff ffb9 	bl	20001f8c <_watchdog_enable>
2000201a:	bd70      	pop	{r4, r5, r6, pc}
2000201c:	61d8      	str	r0, [r3, #28]
2000201e:	e7f8      	b.n	20002012 <watchdog_reboot+0x22>
20002020:	4005b000 	.word	0x4005b000
20002024:	40058000 	.word	0x40058000
20002028:	4ff83f2d 	.word	0x4ff83f2d
2000202c:	b007c0d3 	.word	0xb007c0d3

20002030 <xosc_init>:
20002030:	22aa      	movs	r2, #170	; 0xaa
20002032:	4b06      	ldr	r3, [pc, #24]	; (2000204c <xosc_init+0x1c>)
20002034:	0112      	lsls	r2, r2, #4
20002036:	601a      	str	r2, [r3, #0]
20002038:	222f      	movs	r2, #47	; 0x2f
2000203a:	4905      	ldr	r1, [pc, #20]	; (20002050 <xosc_init+0x20>)
2000203c:	60da      	str	r2, [r3, #12]
2000203e:	4a05      	ldr	r2, [pc, #20]	; (20002054 <xosc_init+0x24>)
20002040:	6011      	str	r1, [r2, #0]
20002042:	685a      	ldr	r2, [r3, #4]
20002044:	2a00      	cmp	r2, #0
20002046:	dafc      	bge.n	20002042 <xosc_init+0x12>
20002048:	4770      	bx	lr
2000204a:	46c0      	nop			; (mov r8, r8)
2000204c:	40024000 	.word	0x40024000
20002050:	00fab000 	.word	0x00fab000
20002054:	40026000 	.word	0x40026000

20002058 <_exit>:
20002058:	be00      	bkpt	0x0000
2000205a:	e7fd      	b.n	20002058 <_exit>

2000205c <exit>:
2000205c:	b510      	push	{r4, lr}
2000205e:	f7ff fffb 	bl	20002058 <_exit>
	...

20002064 <__assert_func>:
20002064:	b513      	push	{r0, r1, r4, lr}
20002066:	000c      	movs	r4, r1
20002068:	0019      	movs	r1, r3
2000206a:	4b07      	ldr	r3, [pc, #28]	; (20002088 <__assert_func+0x24>)
2000206c:	2a00      	cmp	r2, #0
2000206e:	d101      	bne.n	20002074 <__assert_func+0x10>
20002070:	4b06      	ldr	r3, [pc, #24]	; (2000208c <__assert_func+0x28>)
20002072:	001a      	movs	r2, r3
20002074:	9201      	str	r2, [sp, #4]
20002076:	9300      	str	r3, [sp, #0]
20002078:	0002      	movs	r2, r0
2000207a:	0023      	movs	r3, r4
2000207c:	4804      	ldr	r0, [pc, #16]	; (20002090 <__assert_func+0x2c>)
2000207e:	f001 fd57 	bl	20003b30 <__wrap_printf>
20002082:	2001      	movs	r0, #1
20002084:	f7ff ffe8 	bl	20002058 <_exit>
20002088:	20004a7c 	.word	0x20004a7c
2000208c:	20004ad4 	.word	0x20004ad4
20002090:	20004a89 	.word	0x20004a89

20002094 <runtime_init>:
20002094:	4b2a      	ldr	r3, [pc, #168]	; (20002140 <runtime_init+0xac>)
20002096:	4a2b      	ldr	r2, [pc, #172]	; (20002144 <runtime_init+0xb0>)
20002098:	b570      	push	{r4, r5, r6, lr}
2000209a:	601a      	str	r2, [r3, #0]
2000209c:	4a2a      	ldr	r2, [pc, #168]	; (20002148 <runtime_init+0xb4>)
2000209e:	4c2b      	ldr	r4, [pc, #172]	; (2000214c <runtime_init+0xb8>)
200020a0:	0015      	movs	r5, r2
200020a2:	4b2b      	ldr	r3, [pc, #172]	; (20002150 <runtime_init+0xbc>)
200020a4:	6023      	str	r3, [r4, #0]
200020a6:	0018      	movs	r0, r3
200020a8:	6891      	ldr	r1, [r2, #8]
200020aa:	4388      	bics	r0, r1
200020ac:	d1fb      	bne.n	200020a6 <runtime_init+0x12>
200020ae:	4e29      	ldr	r6, [pc, #164]	; (20002154 <runtime_init+0xc0>)
200020b0:	4b29      	ldr	r3, [pc, #164]	; (20002158 <runtime_init+0xc4>)
200020b2:	429e      	cmp	r6, r3
200020b4:	d329      	bcc.n	2000210a <runtime_init+0x76>
200020b6:	f7ff fe5b 	bl	20001d70 <clocks_init>
200020ba:	4b28      	ldr	r3, [pc, #160]	; (2000215c <runtime_init+0xc8>)
200020bc:	6023      	str	r3, [r4, #0]
200020be:	68ab      	ldr	r3, [r5, #8]
200020c0:	01db      	lsls	r3, r3, #7
200020c2:	3380      	adds	r3, #128	; 0x80
200020c4:	d1fb      	bne.n	200020be <runtime_init+0x2a>
200020c6:	2240      	movs	r2, #64	; 0x40
200020c8:	4b25      	ldr	r3, [pc, #148]	; (20002160 <runtime_init+0xcc>)
200020ca:	4826      	ldr	r0, [pc, #152]	; (20002164 <runtime_init+0xd0>)
200020cc:	679a      	str	r2, [r3, #120]	; 0x78
200020ce:	675a      	str	r2, [r3, #116]	; 0x74
200020d0:	671a      	str	r2, [r3, #112]	; 0x70
200020d2:	66da      	str	r2, [r3, #108]	; 0x6c
200020d4:	4b24      	ldr	r3, [pc, #144]	; (20002168 <runtime_init+0xd4>)
200020d6:	4298      	cmp	r0, r3
200020d8:	d31a      	bcc.n	20002110 <runtime_init+0x7c>
200020da:	4d24      	ldr	r5, [pc, #144]	; (2000216c <runtime_init+0xd8>)
200020dc:	4c24      	ldr	r4, [pc, #144]	; (20002170 <runtime_init+0xdc>)
200020de:	22c0      	movs	r2, #192	; 0xc0
200020e0:	68a1      	ldr	r1, [r4, #8]
200020e2:	0028      	movs	r0, r5
200020e4:	f001 fbf8 	bl	200038d8 <__wrap___aeabi_memcpy>
200020e8:	f3ef 8305 	mrs	r3, IPSR
200020ec:	60a5      	str	r5, [r4, #8]
200020ee:	2b00      	cmp	r3, #0
200020f0:	d000      	beq.n	200020f4 <runtime_init+0x60>
200020f2:	be00      	bkpt	0x0000
200020f4:	f7fe fc36 	bl	20000964 <spin_locks_reset>
200020f8:	f7fe fe1e 	bl	20000d38 <irq_init_priorities>
200020fc:	f7ff f8d4 	bl	200012a8 <alarm_pool_init_default>
20002100:	4c1c      	ldr	r4, [pc, #112]	; (20002174 <runtime_init+0xe0>)
20002102:	4b1d      	ldr	r3, [pc, #116]	; (20002178 <runtime_init+0xe4>)
20002104:	429c      	cmp	r4, r3
20002106:	d317      	bcc.n	20002138 <runtime_init+0xa4>
20002108:	bd70      	pop	{r4, r5, r6, pc}
2000210a:	ce08      	ldmia	r6!, {r3}
2000210c:	4798      	blx	r3
2000210e:	e7cf      	b.n	200020b0 <runtime_init+0x1c>
20002110:	0004      	movs	r4, r0
20002112:	6803      	ldr	r3, [r0, #0]
20002114:	3408      	adds	r4, #8
20002116:	2b00      	cmp	r3, #0
20002118:	d00b      	beq.n	20002132 <runtime_init+0x9e>
2000211a:	2b01      	cmp	r3, #1
2000211c:	d005      	beq.n	2000212a <runtime_init+0x96>
2000211e:	4b17      	ldr	r3, [pc, #92]	; (2000217c <runtime_init+0xe8>)
20002120:	4a17      	ldr	r2, [pc, #92]	; (20002180 <runtime_init+0xec>)
20002122:	2187      	movs	r1, #135	; 0x87
20002124:	4817      	ldr	r0, [pc, #92]	; (20002184 <runtime_init+0xf0>)
20002126:	f7ff ff9d 	bl	20002064 <__assert_func>
2000212a:	f7fe fe2c 	bl	20000d86 <recursive_mutex_init>
2000212e:	0020      	movs	r0, r4
20002130:	e7d0      	b.n	200020d4 <runtime_init+0x40>
20002132:	f7fe fe1b 	bl	20000d6c <mutex_init>
20002136:	e7fa      	b.n	2000212e <runtime_init+0x9a>
20002138:	cc08      	ldmia	r4!, {r3}
2000213a:	4798      	blx	r3
2000213c:	e7e1      	b.n	20002102 <runtime_init+0x6e>
2000213e:	46c0      	nop			; (mov r8, r8)
20002140:	4000e000 	.word	0x4000e000
20002144:	fefbcdbf 	.word	0xfefbcdbf
20002148:	4000c000 	.word	0x4000c000
2000214c:	4000f000 	.word	0x4000f000
20002150:	003c7ffe 	.word	0x003c7ffe
20002154:	20004fc8 	.word	0x20004fc8
20002158:	20004fd8 	.word	0x20004fd8
2000215c:	01ffffff 	.word	0x01ffffff
20002160:	4001f000 	.word	0x4001f000
20002164:	20004fc0 	.word	0x20004fc0
20002168:	20004fc8 	.word	0x20004fc8
2000216c:	20000000 	.word	0x20000000
20002170:	e000ed00 	.word	0xe000ed00
20002174:	20004fd8 	.word	0x20004fd8
20002178:	20004fe0 	.word	0x20004fe0
2000217c:	20004ad5 	.word	0x20004ad5
20002180:	20004ab8 	.word	0x20004ab8
20002184:	20004af2 	.word	0x20004af2

20002188 <panic>:
20002188:	b40f      	push	{r0, r1, r2, r3}
2000218a:	b507      	push	{r0, r1, r2, lr}
2000218c:	4808      	ldr	r0, [pc, #32]	; (200021b0 <panic+0x28>)
2000218e:	f001 fc9d 	bl	20003acc <__wrap_puts>
20002192:	9b04      	ldr	r3, [sp, #16]
20002194:	2b00      	cmp	r3, #0
20002196:	d007      	beq.n	200021a8 <panic+0x20>
20002198:	a905      	add	r1, sp, #20
2000219a:	0018      	movs	r0, r3
2000219c:	9101      	str	r1, [sp, #4]
2000219e:	f001 fca5 	bl	20003aec <__wrap_vprintf>
200021a2:	4804      	ldr	r0, [pc, #16]	; (200021b4 <panic+0x2c>)
200021a4:	f001 fc92 	bl	20003acc <__wrap_puts>
200021a8:	2001      	movs	r0, #1
200021aa:	f7ff ff55 	bl	20002058 <_exit>
200021ae:	46c0      	nop			; (mov r8, r8)
200021b0:	20004ac5 	.word	0x20004ac5
200021b4:	20004ad3 	.word	0x20004ad3

200021b8 <_out_null>:
200021b8:	4770      	bx	lr

200021ba <_out_rev>:
200021ba:	b5f7      	push	{r0, r1, r2, r4, r5, r6, r7, lr}
200021bc:	9301      	str	r3, [sp, #4]
200021be:	9b0b      	ldr	r3, [sp, #44]	; 0x2c
200021c0:	0006      	movs	r6, r0
200021c2:	9100      	str	r1, [sp, #0]
200021c4:	0015      	movs	r5, r2
200021c6:	0014      	movs	r4, r2
200021c8:	079b      	lsls	r3, r3, #30
200021ca:	d011      	beq.n	200021f0 <_out_rev+0x36>
200021cc:	9f09      	ldr	r7, [sp, #36]	; 0x24
200021ce:	9b09      	ldr	r3, [sp, #36]	; 0x24
200021d0:	18e0      	adds	r0, r4, r3
200021d2:	1bc2      	subs	r2, r0, r7
200021d4:	2f00      	cmp	r7, #0
200021d6:	d112      	bne.n	200021fe <_out_rev+0x44>
200021d8:	9b0b      	ldr	r3, [sp, #44]	; 0x2c
200021da:	1b44      	subs	r4, r0, r5
200021dc:	079b      	lsls	r3, r3, #30
200021de:	d41b      	bmi.n	20002218 <_out_rev+0x5e>
200021e0:	bdfe      	pop	{r1, r2, r3, r4, r5, r6, r7, pc}
200021e2:	0022      	movs	r2, r4
200021e4:	1c67      	adds	r7, r4, #1
200021e6:	9b01      	ldr	r3, [sp, #4]
200021e8:	9900      	ldr	r1, [sp, #0]
200021ea:	2020      	movs	r0, #32
200021ec:	47b0      	blx	r6
200021ee:	003c      	movs	r4, r7
200021f0:	9b09      	ldr	r3, [sp, #36]	; 0x24
200021f2:	9a0a      	ldr	r2, [sp, #40]	; 0x28
200021f4:	1b5b      	subs	r3, r3, r5
200021f6:	191b      	adds	r3, r3, r4
200021f8:	429a      	cmp	r2, r3
200021fa:	d8f2      	bhi.n	200021e2 <_out_rev+0x28>
200021fc:	e7e6      	b.n	200021cc <_out_rev+0x12>
200021fe:	9b08      	ldr	r3, [sp, #32]
20002200:	3f01      	subs	r7, #1
20002202:	5dd8      	ldrb	r0, [r3, r7]
20002204:	9900      	ldr	r1, [sp, #0]
20002206:	9b01      	ldr	r3, [sp, #4]
20002208:	47b0      	blx	r6
2000220a:	e7e0      	b.n	200021ce <_out_rev+0x14>
2000220c:	0002      	movs	r2, r0
2000220e:	9b01      	ldr	r3, [sp, #4]
20002210:	9900      	ldr	r1, [sp, #0]
20002212:	2020      	movs	r0, #32
20002214:	47b0      	blx	r6
20002216:	3401      	adds	r4, #1
20002218:	9b0a      	ldr	r3, [sp, #40]	; 0x28
2000221a:	1928      	adds	r0, r5, r4
2000221c:	42a3      	cmp	r3, r4
2000221e:	d8f5      	bhi.n	2000220c <_out_rev+0x52>
20002220:	e7de      	b.n	200021e0 <_out_rev+0x26>

20002222 <_ntoa_format>:
20002222:	b5f0      	push	{r4, r5, r6, r7, lr}
20002224:	b089      	sub	sp, #36	; 0x24
20002226:	ac10      	add	r4, sp, #64	; 0x40
20002228:	7827      	ldrb	r7, [r4, #0]
2000222a:	9c14      	ldr	r4, [sp, #80]	; 0x50
2000222c:	9005      	str	r0, [sp, #20]
2000222e:	9106      	str	r1, [sp, #24]
20002230:	9307      	str	r3, [sp, #28]
20002232:	980e      	ldr	r0, [sp, #56]	; 0x38
20002234:	990f      	ldr	r1, [sp, #60]	; 0x3c
20002236:	9e13      	ldr	r6, [sp, #76]	; 0x4c
20002238:	07a3      	lsls	r3, r4, #30
2000223a:	d41e      	bmi.n	2000227a <_ntoa_format+0x58>
2000223c:	2501      	movs	r5, #1
2000223e:	4025      	ands	r5, r4
20002240:	2e00      	cmp	r6, #0
20002242:	d007      	beq.n	20002254 <_ntoa_format+0x32>
20002244:	2d00      	cmp	r5, #0
20002246:	d005      	beq.n	20002254 <_ntoa_format+0x32>
20002248:	2f00      	cmp	r7, #0
2000224a:	d102      	bne.n	20002252 <_ntoa_format+0x30>
2000224c:	230c      	movs	r3, #12
2000224e:	421c      	tst	r4, r3
20002250:	d000      	beq.n	20002254 <_ntoa_format+0x32>
20002252:	3e01      	subs	r6, #1
20002254:	2330      	movs	r3, #48	; 0x30
20002256:	469c      	mov	ip, r3
20002258:	e002      	b.n	20002260 <_ntoa_format+0x3e>
2000225a:	4663      	mov	r3, ip
2000225c:	5443      	strb	r3, [r0, r1]
2000225e:	3101      	adds	r1, #1
20002260:	9b12      	ldr	r3, [sp, #72]	; 0x48
20002262:	4299      	cmp	r1, r3
20002264:	d201      	bcs.n	2000226a <_ntoa_format+0x48>
20002266:	2920      	cmp	r1, #32
20002268:	d1f7      	bne.n	2000225a <_ntoa_format+0x38>
2000226a:	2330      	movs	r3, #48	; 0x30
2000226c:	469c      	mov	ip, r3
2000226e:	2d00      	cmp	r5, #0
20002270:	d003      	beq.n	2000227a <_ntoa_format+0x58>
20002272:	42b1      	cmp	r1, r6
20002274:	d201      	bcs.n	2000227a <_ntoa_format+0x58>
20002276:	291f      	cmp	r1, #31
20002278:	d919      	bls.n	200022ae <_ntoa_format+0x8c>
2000227a:	06e3      	lsls	r3, r4, #27
2000227c:	d539      	bpl.n	200022f2 <_ntoa_format+0xd0>
2000227e:	0563      	lsls	r3, r4, #21
20002280:	d41a      	bmi.n	200022b8 <_ntoa_format+0x96>
20002282:	2900      	cmp	r1, #0
20002284:	d018      	beq.n	200022b8 <_ntoa_format+0x96>
20002286:	9b12      	ldr	r3, [sp, #72]	; 0x48
20002288:	4299      	cmp	r1, r3
2000228a:	d001      	beq.n	20002290 <_ntoa_format+0x6e>
2000228c:	42b1      	cmp	r1, r6
2000228e:	d113      	bne.n	200022b8 <_ntoa_format+0x96>
20002290:	1e4d      	subs	r5, r1, #1
20002292:	2d00      	cmp	r5, #0
20002294:	d00f      	beq.n	200022b6 <_ntoa_format+0x94>
20002296:	9b11      	ldr	r3, [sp, #68]	; 0x44
20002298:	3902      	subs	r1, #2
2000229a:	2b10      	cmp	r3, #16
2000229c:	d00f      	beq.n	200022be <_ntoa_format+0x9c>
2000229e:	0029      	movs	r1, r5
200022a0:	9b11      	ldr	r3, [sp, #68]	; 0x44
200022a2:	2b02      	cmp	r3, #2
200022a4:	d120      	bne.n	200022e8 <_ntoa_format+0xc6>
200022a6:	291f      	cmp	r1, #31
200022a8:	d80e      	bhi.n	200022c8 <_ntoa_format+0xa6>
200022aa:	2562      	movs	r5, #98	; 0x62
200022ac:	e01a      	b.n	200022e4 <_ntoa_format+0xc2>
200022ae:	4663      	mov	r3, ip
200022b0:	5443      	strb	r3, [r0, r1]
200022b2:	3101      	adds	r1, #1
200022b4:	e7db      	b.n	2000226e <_ntoa_format+0x4c>
200022b6:	0029      	movs	r1, r5
200022b8:	9b11      	ldr	r3, [sp, #68]	; 0x44
200022ba:	2b10      	cmp	r3, #16
200022bc:	d1f0      	bne.n	200022a0 <_ntoa_format+0x7e>
200022be:	06a3      	lsls	r3, r4, #26
200022c0:	d40d      	bmi.n	200022de <_ntoa_format+0xbc>
200022c2:	2578      	movs	r5, #120	; 0x78
200022c4:	291f      	cmp	r1, #31
200022c6:	d90d      	bls.n	200022e4 <_ntoa_format+0xc2>
200022c8:	9101      	str	r1, [sp, #4]
200022ca:	9000      	str	r0, [sp, #0]
200022cc:	9403      	str	r4, [sp, #12]
200022ce:	9602      	str	r6, [sp, #8]
200022d0:	9b07      	ldr	r3, [sp, #28]
200022d2:	9906      	ldr	r1, [sp, #24]
200022d4:	9805      	ldr	r0, [sp, #20]
200022d6:	f7ff ff70 	bl	200021ba <_out_rev>
200022da:	b009      	add	sp, #36	; 0x24
200022dc:	bdf0      	pop	{r4, r5, r6, r7, pc}
200022de:	2558      	movs	r5, #88	; 0x58
200022e0:	291f      	cmp	r1, #31
200022e2:	d8f1      	bhi.n	200022c8 <_ntoa_format+0xa6>
200022e4:	5445      	strb	r5, [r0, r1]
200022e6:	3101      	adds	r1, #1
200022e8:	291f      	cmp	r1, #31
200022ea:	d8ed      	bhi.n	200022c8 <_ntoa_format+0xa6>
200022ec:	2530      	movs	r5, #48	; 0x30
200022ee:	5445      	strb	r5, [r0, r1]
200022f0:	3101      	adds	r1, #1
200022f2:	291f      	cmp	r1, #31
200022f4:	d8e8      	bhi.n	200022c8 <_ntoa_format+0xa6>
200022f6:	252d      	movs	r5, #45	; 0x2d
200022f8:	2f00      	cmp	r7, #0
200022fa:	d105      	bne.n	20002308 <_ntoa_format+0xe6>
200022fc:	252b      	movs	r5, #43	; 0x2b
200022fe:	0763      	lsls	r3, r4, #29
20002300:	d402      	bmi.n	20002308 <_ntoa_format+0xe6>
20002302:	0723      	lsls	r3, r4, #28
20002304:	d5e0      	bpl.n	200022c8 <_ntoa_format+0xa6>
20002306:	2520      	movs	r5, #32
20002308:	5445      	strb	r5, [r0, r1]
2000230a:	3101      	adds	r1, #1
2000230c:	e7dc      	b.n	200022c8 <_ntoa_format+0xa6>

2000230e <_ntoa_long>:
2000230e:	b5f0      	push	{r4, r5, r6, r7, lr}
20002310:	b097      	sub	sp, #92	; 0x5c
20002312:	920a      	str	r2, [sp, #40]	; 0x28
20002314:	aa1c      	add	r2, sp, #112	; 0x70
20002316:	930b      	str	r3, [sp, #44]	; 0x2c
20002318:	ca08      	ldmia	r2!, {r3}
2000231a:	9009      	str	r0, [sp, #36]	; 0x24
2000231c:	7812      	ldrb	r2, [r2, #0]
2000231e:	000f      	movs	r7, r1
20002320:	920c      	str	r2, [sp, #48]	; 0x30
20002322:	9d21      	ldr	r5, [sp, #132]	; 0x84
20002324:	2b00      	cmp	r3, #0
20002326:	d101      	bne.n	2000232c <_ntoa_long+0x1e>
20002328:	2210      	movs	r2, #16
2000232a:	4395      	bics	r5, r2
2000232c:	056a      	lsls	r2, r5, #21
2000232e:	d501      	bpl.n	20002334 <_ntoa_long+0x26>
20002330:	2b00      	cmp	r3, #0
20002332:	d020      	beq.n	20002376 <_ntoa_long+0x68>
20002334:	2261      	movs	r2, #97	; 0x61
20002336:	06a9      	lsls	r1, r5, #26
20002338:	d500      	bpl.n	2000233c <_ntoa_long+0x2e>
2000233a:	2241      	movs	r2, #65	; 0x41
2000233c:	001e      	movs	r6, r3
2000233e:	2400      	movs	r4, #0
20002340:	b2d2      	uxtb	r2, r2
20002342:	3a0a      	subs	r2, #10
20002344:	920d      	str	r2, [sp, #52]	; 0x34
20002346:	991e      	ldr	r1, [sp, #120]	; 0x78
20002348:	0030      	movs	r0, r6
2000234a:	f000 fec9 	bl	200030e0 <__wrap___aeabi_uidiv>
2000234e:	9a0d      	ldr	r2, [sp, #52]	; 0x34
20002350:	b2cb      	uxtb	r3, r1
20002352:	189a      	adds	r2, r3, r2
20002354:	4684      	mov	ip, r0
20002356:	b2d2      	uxtb	r2, r2
20002358:	2909      	cmp	r1, #9
2000235a:	d801      	bhi.n	20002360 <_ntoa_long+0x52>
2000235c:	3330      	adds	r3, #48	; 0x30
2000235e:	b2da      	uxtb	r2, r3
20002360:	2020      	movs	r0, #32
20002362:	a906      	add	r1, sp, #24
20002364:	1809      	adds	r1, r1, r0
20002366:	550a      	strb	r2, [r1, r4]
20002368:	9a1e      	ldr	r2, [sp, #120]	; 0x78
2000236a:	1c63      	adds	r3, r4, #1
2000236c:	4296      	cmp	r6, r2
2000236e:	d302      	bcc.n	20002376 <_ntoa_long+0x68>
20002370:	001c      	movs	r4, r3
20002372:	4283      	cmp	r3, r0
20002374:	d113      	bne.n	2000239e <_ntoa_long+0x90>
20002376:	9a20      	ldr	r2, [sp, #128]	; 0x80
20002378:	9301      	str	r3, [sp, #4]
2000237a:	9205      	str	r2, [sp, #20]
2000237c:	9a1f      	ldr	r2, [sp, #124]	; 0x7c
2000237e:	ab0e      	add	r3, sp, #56	; 0x38
20002380:	9204      	str	r2, [sp, #16]
20002382:	9a1e      	ldr	r2, [sp, #120]	; 0x78
20002384:	9300      	str	r3, [sp, #0]
20002386:	9203      	str	r2, [sp, #12]
20002388:	9a0c      	ldr	r2, [sp, #48]	; 0x30
2000238a:	9506      	str	r5, [sp, #24]
2000238c:	9202      	str	r2, [sp, #8]
2000238e:	9b0b      	ldr	r3, [sp, #44]	; 0x2c
20002390:	9a0a      	ldr	r2, [sp, #40]	; 0x28
20002392:	0039      	movs	r1, r7
20002394:	9809      	ldr	r0, [sp, #36]	; 0x24
20002396:	f7ff ff44 	bl	20002222 <_ntoa_format>
2000239a:	b017      	add	sp, #92	; 0x5c
2000239c:	bdf0      	pop	{r4, r5, r6, r7, pc}
2000239e:	4666      	mov	r6, ip
200023a0:	e7d1      	b.n	20002346 <_ntoa_long+0x38>

200023a2 <_ntoa_long_long>:
200023a2:	b5f0      	push	{r4, r5, r6, r7, lr}
200023a4:	b099      	sub	sp, #100	; 0x64
200023a6:	930c      	str	r3, [sp, #48]	; 0x30
200023a8:	ab20      	add	r3, sp, #128	; 0x80
200023aa:	781b      	ldrb	r3, [r3, #0]
200023ac:	9d1e      	ldr	r5, [sp, #120]	; 0x78
200023ae:	930d      	str	r3, [sp, #52]	; 0x34
200023b0:	9b22      	ldr	r3, [sp, #136]	; 0x88
200023b2:	9c1f      	ldr	r4, [sp, #124]	; 0x7c
200023b4:	9308      	str	r3, [sp, #32]
200023b6:	002b      	movs	r3, r5
200023b8:	9009      	str	r0, [sp, #36]	; 0x24
200023ba:	910a      	str	r1, [sp, #40]	; 0x28
200023bc:	920b      	str	r2, [sp, #44]	; 0x2c
200023be:	9f23      	ldr	r7, [sp, #140]	; 0x8c
200023c0:	4323      	orrs	r3, r4
200023c2:	d103      	bne.n	200023cc <_ntoa_long_long+0x2a>
200023c4:	9a26      	ldr	r2, [sp, #152]	; 0x98
200023c6:	3310      	adds	r3, #16
200023c8:	439a      	bics	r2, r3
200023ca:	9226      	str	r2, [sp, #152]	; 0x98
200023cc:	9b26      	ldr	r3, [sp, #152]	; 0x98
200023ce:	055b      	lsls	r3, r3, #21
200023d0:	d504      	bpl.n	200023dc <_ntoa_long_long+0x3a>
200023d2:	002b      	movs	r3, r5
200023d4:	2200      	movs	r2, #0
200023d6:	4323      	orrs	r3, r4
200023d8:	4293      	cmp	r3, r2
200023da:	d026      	beq.n	2000242a <_ntoa_long_long+0x88>
200023dc:	9a26      	ldr	r2, [sp, #152]	; 0x98
200023de:	2361      	movs	r3, #97	; 0x61
200023e0:	0692      	lsls	r2, r2, #26
200023e2:	d500      	bpl.n	200023e6 <_ntoa_long_long+0x44>
200023e4:	2341      	movs	r3, #65	; 0x41
200023e6:	2600      	movs	r6, #0
200023e8:	b2db      	uxtb	r3, r3
200023ea:	3b0a      	subs	r3, #10
200023ec:	930e      	str	r3, [sp, #56]	; 0x38
200023ee:	9a08      	ldr	r2, [sp, #32]
200023f0:	003b      	movs	r3, r7
200023f2:	0028      	movs	r0, r5
200023f4:	0021      	movs	r1, r4
200023f6:	f000 feb1 	bl	2000315c <__wrap___aeabi_uldivmod>
200023fa:	9b0e      	ldr	r3, [sp, #56]	; 0x38
200023fc:	b2d2      	uxtb	r2, r2
200023fe:	18d3      	adds	r3, r2, r3
20002400:	4684      	mov	ip, r0
20002402:	910f      	str	r1, [sp, #60]	; 0x3c
20002404:	b2db      	uxtb	r3, r3
20002406:	2a09      	cmp	r2, #9
20002408:	d801      	bhi.n	2000240e <_ntoa_long_long+0x6c>
2000240a:	3230      	adds	r2, #48	; 0x30
2000240c:	b2d3      	uxtb	r3, r2
2000240e:	2020      	movs	r0, #32
20002410:	a908      	add	r1, sp, #32
20002412:	1809      	adds	r1, r1, r0
20002414:	1c72      	adds	r2, r6, #1
20002416:	558b      	strb	r3, [r1, r6]
20002418:	42a7      	cmp	r7, r4
2000241a:	d806      	bhi.n	2000242a <_ntoa_long_long+0x88>
2000241c:	d102      	bne.n	20002424 <_ntoa_long_long+0x82>
2000241e:	9b08      	ldr	r3, [sp, #32]
20002420:	42ab      	cmp	r3, r5
20002422:	d802      	bhi.n	2000242a <_ntoa_long_long+0x88>
20002424:	0016      	movs	r6, r2
20002426:	2a20      	cmp	r2, #32
20002428:	d114      	bne.n	20002454 <_ntoa_long_long+0xb2>
2000242a:	9b26      	ldr	r3, [sp, #152]	; 0x98
2000242c:	9201      	str	r2, [sp, #4]
2000242e:	9306      	str	r3, [sp, #24]
20002430:	9b25      	ldr	r3, [sp, #148]	; 0x94
20002432:	9a0b      	ldr	r2, [sp, #44]	; 0x2c
20002434:	9305      	str	r3, [sp, #20]
20002436:	9b24      	ldr	r3, [sp, #144]	; 0x90
20002438:	990a      	ldr	r1, [sp, #40]	; 0x28
2000243a:	9304      	str	r3, [sp, #16]
2000243c:	9b08      	ldr	r3, [sp, #32]
2000243e:	9809      	ldr	r0, [sp, #36]	; 0x24
20002440:	9303      	str	r3, [sp, #12]
20002442:	9b0d      	ldr	r3, [sp, #52]	; 0x34
20002444:	9302      	str	r3, [sp, #8]
20002446:	ab10      	add	r3, sp, #64	; 0x40
20002448:	9300      	str	r3, [sp, #0]
2000244a:	9b0c      	ldr	r3, [sp, #48]	; 0x30
2000244c:	f7ff fee9 	bl	20002222 <_ntoa_format>
20002450:	b019      	add	sp, #100	; 0x64
20002452:	bdf0      	pop	{r4, r5, r6, r7, pc}
20002454:	4665      	mov	r5, ip
20002456:	9c0f      	ldr	r4, [sp, #60]	; 0x3c
20002458:	e7c9      	b.n	200023ee <_ntoa_long_long+0x4c>

2000245a <_out_fct>:
2000245a:	b510      	push	{r4, lr}
2000245c:	2800      	cmp	r0, #0
2000245e:	d002      	beq.n	20002466 <_out_fct+0xc>
20002460:	680b      	ldr	r3, [r1, #0]
20002462:	6849      	ldr	r1, [r1, #4]
20002464:	4798      	blx	r3
20002466:	bd10      	pop	{r4, pc}

20002468 <_etoa>:
20002468:	b5f0      	push	{r4, r5, r6, r7, lr}
2000246a:	b095      	sub	sp, #84	; 0x54
2000246c:	930d      	str	r3, [sp, #52]	; 0x34
2000246e:	9b1a      	ldr	r3, [sp, #104]	; 0x68
20002470:	900b      	str	r0, [sp, #44]	; 0x2c
20002472:	9309      	str	r3, [sp, #36]	; 0x24
20002474:	9b1b      	ldr	r3, [sp, #108]	; 0x6c
20002476:	910c      	str	r1, [sp, #48]	; 0x30
20002478:	930a      	str	r3, [sp, #40]	; 0x28
2000247a:	9210      	str	r2, [sp, #64]	; 0x40
2000247c:	9b0a      	ldr	r3, [sp, #40]	; 0x28
2000247e:	9a09      	ldr	r2, [sp, #36]	; 0x24
20002480:	9809      	ldr	r0, [sp, #36]	; 0x24
20002482:	990a      	ldr	r1, [sp, #40]	; 0x28
20002484:	f001 f8e5 	bl	20003652 <__wrap___aeabi_dcmpun>
20002488:	2800      	cmp	r0, #0
2000248a:	d111      	bne.n	200024b0 <_etoa+0x48>
2000248c:	2201      	movs	r2, #1
2000248e:	4bd1      	ldr	r3, [pc, #836]	; (200027d4 <_etoa+0x36c>)
20002490:	4252      	negs	r2, r2
20002492:	9809      	ldr	r0, [sp, #36]	; 0x24
20002494:	990a      	ldr	r1, [sp, #40]	; 0x28
20002496:	f001 f8d7 	bl	20003648 <__wrap___aeabi_dcmpgt>
2000249a:	2800      	cmp	r0, #0
2000249c:	d108      	bne.n	200024b0 <_etoa+0x48>
2000249e:	2201      	movs	r2, #1
200024a0:	4bcd      	ldr	r3, [pc, #820]	; (200027d8 <_etoa+0x370>)
200024a2:	4252      	negs	r2, r2
200024a4:	9809      	ldr	r0, [sp, #36]	; 0x24
200024a6:	990a      	ldr	r1, [sp, #40]	; 0x28
200024a8:	f001 f8b8 	bl	2000361c <__wrap___aeabi_dcmplt>
200024ac:	2800      	cmp	r0, #0
200024ae:	d011      	beq.n	200024d4 <_etoa+0x6c>
200024b0:	9b1e      	ldr	r3, [sp, #120]	; 0x78
200024b2:	9a09      	ldr	r2, [sp, #36]	; 0x24
200024b4:	9304      	str	r3, [sp, #16]
200024b6:	9b1d      	ldr	r3, [sp, #116]	; 0x74
200024b8:	990c      	ldr	r1, [sp, #48]	; 0x30
200024ba:	9303      	str	r3, [sp, #12]
200024bc:	9b1c      	ldr	r3, [sp, #112]	; 0x70
200024be:	980b      	ldr	r0, [sp, #44]	; 0x2c
200024c0:	9302      	str	r3, [sp, #8]
200024c2:	9b0a      	ldr	r3, [sp, #40]	; 0x28
200024c4:	9200      	str	r2, [sp, #0]
200024c6:	9301      	str	r3, [sp, #4]
200024c8:	9b0d      	ldr	r3, [sp, #52]	; 0x34
200024ca:	9a10      	ldr	r2, [sp, #64]	; 0x40
200024cc:	f000 f9b6 	bl	2000283c <_ftoa>
200024d0:	b015      	add	sp, #84	; 0x54
200024d2:	bdf0      	pop	{r4, r5, r6, r7, pc}
200024d4:	2200      	movs	r2, #0
200024d6:	2300      	movs	r3, #0
200024d8:	9809      	ldr	r0, [sp, #36]	; 0x24
200024da:	990a      	ldr	r1, [sp, #40]	; 0x28
200024dc:	f001 f89e 	bl	2000361c <__wrap___aeabi_dcmplt>
200024e0:	2800      	cmp	r0, #0
200024e2:	d100      	bne.n	200024e6 <_etoa+0x7e>
200024e4:	e164      	b.n	200027b0 <_etoa+0x348>
200024e6:	2280      	movs	r2, #128	; 0x80
200024e8:	0612      	lsls	r2, r2, #24
200024ea:	4694      	mov	ip, r2
200024ec:	9b09      	ldr	r3, [sp, #36]	; 0x24
200024ee:	9306      	str	r3, [sp, #24]
200024f0:	9b0a      	ldr	r3, [sp, #40]	; 0x28
200024f2:	4463      	add	r3, ip
200024f4:	9307      	str	r3, [sp, #28]
200024f6:	2380      	movs	r3, #128	; 0x80
200024f8:	9a1e      	ldr	r2, [sp, #120]	; 0x78
200024fa:	00db      	lsls	r3, r3, #3
200024fc:	401a      	ands	r2, r3
200024fe:	9211      	str	r2, [sp, #68]	; 0x44
20002500:	1e13      	subs	r3, r2, #0
20002502:	d101      	bne.n	20002508 <_etoa+0xa0>
20002504:	3306      	adds	r3, #6
20002506:	931c      	str	r3, [sp, #112]	; 0x70
20002508:	9d06      	ldr	r5, [sp, #24]
2000250a:	9b07      	ldr	r3, [sp, #28]
2000250c:	9e06      	ldr	r6, [sp, #24]
2000250e:	9f07      	ldr	r7, [sp, #28]
20002510:	431d      	orrs	r5, r3
20002512:	d100      	bne.n	20002516 <_etoa+0xae>
20002514:	e0ac      	b.n	20002670 <_etoa+0x208>
20002516:	0058      	lsls	r0, r3, #1
20002518:	4bb0      	ldr	r3, [pc, #704]	; (200027dc <_etoa+0x374>)
2000251a:	0d40      	lsrs	r0, r0, #21
2000251c:	18c0      	adds	r0, r0, r3
2000251e:	f001 f8ab 	bl	20003678 <__wrap___aeabi_i2d>
20002522:	4aaf      	ldr	r2, [pc, #700]	; (200027e0 <_etoa+0x378>)
20002524:	4baf      	ldr	r3, [pc, #700]	; (200027e4 <_etoa+0x37c>)
20002526:	f001 f83a 	bl	2000359e <__wrap___aeabi_dmul>
2000252a:	4aaf      	ldr	r2, [pc, #700]	; (200027e8 <_etoa+0x380>)
2000252c:	4baf      	ldr	r3, [pc, #700]	; (200027ec <_etoa+0x384>)
2000252e:	f001 f817 	bl	20003560 <__wrap___aeabi_dadd>
20002532:	9b07      	ldr	r3, [sp, #28]
20002534:	4aae      	ldr	r2, [pc, #696]	; (200027f0 <_etoa+0x388>)
20002536:	031b      	lsls	r3, r3, #12
20002538:	0b1b      	lsrs	r3, r3, #12
2000253a:	431a      	orrs	r2, r3
2000253c:	0004      	movs	r4, r0
2000253e:	000d      	movs	r5, r1
20002540:	0030      	movs	r0, r6
20002542:	0011      	movs	r1, r2
20002544:	4bab      	ldr	r3, [pc, #684]	; (200027f4 <_etoa+0x38c>)
20002546:	2200      	movs	r2, #0
20002548:	f001 f805 	bl	20003556 <__wrap___aeabi_dsub>
2000254c:	4aaa      	ldr	r2, [pc, #680]	; (200027f8 <_etoa+0x390>)
2000254e:	4bab      	ldr	r3, [pc, #684]	; (200027fc <_etoa+0x394>)
20002550:	f001 f825 	bl	2000359e <__wrap___aeabi_dmul>
20002554:	0002      	movs	r2, r0
20002556:	000b      	movs	r3, r1
20002558:	0020      	movs	r0, r4
2000255a:	0029      	movs	r1, r5
2000255c:	f001 f800 	bl	20003560 <__wrap___aeabi_dadd>
20002560:	f001 f8a2 	bl	200036a8 <__wrap___aeabi_d2iz>
20002564:	0005      	movs	r5, r0
20002566:	f001 f887 	bl	20003678 <__wrap___aeabi_i2d>
2000256a:	4aa5      	ldr	r2, [pc, #660]	; (20002800 <_etoa+0x398>)
2000256c:	4ba5      	ldr	r3, [pc, #660]	; (20002804 <_etoa+0x39c>)
2000256e:	0006      	movs	r6, r0
20002570:	000f      	movs	r7, r1
20002572:	f001 f814 	bl	2000359e <__wrap___aeabi_dmul>
20002576:	2200      	movs	r2, #0
20002578:	4ba3      	ldr	r3, [pc, #652]	; (20002808 <_etoa+0x3a0>)
2000257a:	f000 fff1 	bl	20003560 <__wrap___aeabi_dadd>
2000257e:	f001 f893 	bl	200036a8 <__wrap___aeabi_d2iz>
20002582:	4aa2      	ldr	r2, [pc, #648]	; (2000280c <_etoa+0x3a4>)
20002584:	0004      	movs	r4, r0
20002586:	4ba2      	ldr	r3, [pc, #648]	; (20002810 <_etoa+0x3a8>)
20002588:	0030      	movs	r0, r6
2000258a:	0039      	movs	r1, r7
2000258c:	f001 f807 	bl	2000359e <__wrap___aeabi_dmul>
20002590:	0006      	movs	r6, r0
20002592:	0020      	movs	r0, r4
20002594:	000f      	movs	r7, r1
20002596:	f001 f86f 	bl	20003678 <__wrap___aeabi_i2d>
2000259a:	4a9e      	ldr	r2, [pc, #632]	; (20002814 <_etoa+0x3ac>)
2000259c:	4b9e      	ldr	r3, [pc, #632]	; (20002818 <_etoa+0x3b0>)
2000259e:	f000 fffe 	bl	2000359e <__wrap___aeabi_dmul>
200025a2:	0002      	movs	r2, r0
200025a4:	000b      	movs	r3, r1
200025a6:	0030      	movs	r0, r6
200025a8:	0039      	movs	r1, r7
200025aa:	f000 ffd4 	bl	20003556 <__wrap___aeabi_dsub>
200025ae:	0002      	movs	r2, r0
200025b0:	000b      	movs	r3, r1
200025b2:	900e      	str	r0, [sp, #56]	; 0x38
200025b4:	910f      	str	r1, [sp, #60]	; 0x3c
200025b6:	f000 fff2 	bl	2000359e <__wrap___aeabi_dmul>
200025ba:	9a0e      	ldr	r2, [sp, #56]	; 0x38
200025bc:	9b0f      	ldr	r3, [sp, #60]	; 0x3c
200025be:	0006      	movs	r6, r0
200025c0:	000f      	movs	r7, r1
200025c2:	0010      	movs	r0, r2
200025c4:	0019      	movs	r1, r3
200025c6:	f000 ffcb 	bl	20003560 <__wrap___aeabi_dadd>
200025ca:	2200      	movs	r2, #0
200025cc:	9012      	str	r0, [sp, #72]	; 0x48
200025ce:	9113      	str	r1, [sp, #76]	; 0x4c
200025d0:	4b92      	ldr	r3, [pc, #584]	; (2000281c <_etoa+0x3b4>)
200025d2:	0030      	movs	r0, r6
200025d4:	0039      	movs	r1, r7
200025d6:	f000 ffc8 	bl	2000356a <__wrap___aeabi_ddiv>
200025da:	2200      	movs	r2, #0
200025dc:	4b90      	ldr	r3, [pc, #576]	; (20002820 <_etoa+0x3b8>)
200025de:	f000 ffbf 	bl	20003560 <__wrap___aeabi_dadd>
200025e2:	0002      	movs	r2, r0
200025e4:	000b      	movs	r3, r1
200025e6:	0030      	movs	r0, r6
200025e8:	0039      	movs	r1, r7
200025ea:	f000 ffbe 	bl	2000356a <__wrap___aeabi_ddiv>
200025ee:	2200      	movs	r2, #0
200025f0:	4b8c      	ldr	r3, [pc, #560]	; (20002824 <_etoa+0x3bc>)
200025f2:	f000 ffb5 	bl	20003560 <__wrap___aeabi_dadd>
200025f6:	0002      	movs	r2, r0
200025f8:	000b      	movs	r3, r1
200025fa:	0030      	movs	r0, r6
200025fc:	0039      	movs	r1, r7
200025fe:	f000 ffb4 	bl	2000356a <__wrap___aeabi_ddiv>
20002602:	9a0e      	ldr	r2, [sp, #56]	; 0x38
20002604:	9b0f      	ldr	r3, [sp, #60]	; 0x3c
20002606:	000f      	movs	r7, r1
20002608:	2180      	movs	r1, #128	; 0x80
2000260a:	0006      	movs	r6, r0
2000260c:	05c9      	lsls	r1, r1, #23
2000260e:	2000      	movs	r0, #0
20002610:	f000 ffa1 	bl	20003556 <__wrap___aeabi_dsub>
20002614:	0002      	movs	r2, r0
20002616:	000b      	movs	r3, r1
20002618:	0030      	movs	r0, r6
2000261a:	0039      	movs	r1, r7
2000261c:	f000 ffa0 	bl	20003560 <__wrap___aeabi_dadd>
20002620:	0002      	movs	r2, r0
20002622:	000b      	movs	r3, r1
20002624:	9812      	ldr	r0, [sp, #72]	; 0x48
20002626:	9913      	ldr	r1, [sp, #76]	; 0x4c
20002628:	f000 ff9f 	bl	2000356a <__wrap___aeabi_ddiv>
2000262c:	2200      	movs	r2, #0
2000262e:	4b70      	ldr	r3, [pc, #448]	; (200027f0 <_etoa+0x388>)
20002630:	f000 ff96 	bl	20003560 <__wrap___aeabi_dadd>
20002634:	4b7c      	ldr	r3, [pc, #496]	; (20002828 <_etoa+0x3c0>)
20002636:	2200      	movs	r2, #0
20002638:	18e4      	adds	r4, r4, r3
2000263a:	0523      	lsls	r3, r4, #20
2000263c:	f000 ffaf 	bl	2000359e <__wrap___aeabi_dmul>
20002640:	0006      	movs	r6, r0
20002642:	000f      	movs	r7, r1
20002644:	0002      	movs	r2, r0
20002646:	000b      	movs	r3, r1
20002648:	9806      	ldr	r0, [sp, #24]
2000264a:	9907      	ldr	r1, [sp, #28]
2000264c:	f000 ffe6 	bl	2000361c <__wrap___aeabi_dcmplt>
20002650:	2800      	cmp	r0, #0
20002652:	d008      	beq.n	20002666 <_etoa+0x1fe>
20002654:	0030      	movs	r0, r6
20002656:	0039      	movs	r1, r7
20002658:	2200      	movs	r2, #0
2000265a:	4b71      	ldr	r3, [pc, #452]	; (20002820 <_etoa+0x3b8>)
2000265c:	f000 ff85 	bl	2000356a <__wrap___aeabi_ddiv>
20002660:	0006      	movs	r6, r0
20002662:	000f      	movs	r7, r1
20002664:	3d01      	subs	r5, #1
20002666:	002b      	movs	r3, r5
20002668:	3363      	adds	r3, #99	; 0x63
2000266a:	2405      	movs	r4, #5
2000266c:	2bc6      	cmp	r3, #198	; 0xc6
2000266e:	d800      	bhi.n	20002672 <_etoa+0x20a>
20002670:	2404      	movs	r4, #4
20002672:	9b1e      	ldr	r3, [sp, #120]	; 0x78
20002674:	051b      	lsls	r3, r3, #20
20002676:	d522      	bpl.n	200026be <_etoa+0x256>
20002678:	0033      	movs	r3, r6
2000267a:	433b      	orrs	r3, r7
2000267c:	d011      	beq.n	200026a2 <_etoa+0x23a>
2000267e:	9806      	ldr	r0, [sp, #24]
20002680:	9907      	ldr	r1, [sp, #28]
20002682:	4a6a      	ldr	r2, [pc, #424]	; (2000282c <_etoa+0x3c4>)
20002684:	4b6a      	ldr	r3, [pc, #424]	; (20002830 <_etoa+0x3c8>)
20002686:	f000 ffd7 	bl	20003638 <__wrap___aeabi_dcmpge>
2000268a:	2800      	cmp	r0, #0
2000268c:	d100      	bne.n	20002690 <_etoa+0x228>
2000268e:	e096      	b.n	200027be <_etoa+0x356>
20002690:	9806      	ldr	r0, [sp, #24]
20002692:	9907      	ldr	r1, [sp, #28]
20002694:	2200      	movs	r2, #0
20002696:	4b67      	ldr	r3, [pc, #412]	; (20002834 <_etoa+0x3cc>)
20002698:	f000 ffc0 	bl	2000361c <__wrap___aeabi_dcmplt>
2000269c:	2800      	cmp	r0, #0
2000269e:	d100      	bne.n	200026a2 <_etoa+0x23a>
200026a0:	e08d      	b.n	200027be <_etoa+0x356>
200026a2:	9b1c      	ldr	r3, [sp, #112]	; 0x70
200026a4:	429d      	cmp	r5, r3
200026a6:	db00      	blt.n	200026aa <_etoa+0x242>
200026a8:	e087      	b.n	200027ba <_etoa+0x352>
200026aa:	1b5d      	subs	r5, r3, r5
200026ac:	1e6b      	subs	r3, r5, #1
200026ae:	2400      	movs	r4, #0
200026b0:	931c      	str	r3, [sp, #112]	; 0x70
200026b2:	2380      	movs	r3, #128	; 0x80
200026b4:	0025      	movs	r5, r4
200026b6:	9a1e      	ldr	r2, [sp, #120]	; 0x78
200026b8:	00db      	lsls	r3, r3, #3
200026ba:	431a      	orrs	r2, r3
200026bc:	921e      	str	r2, [sp, #120]	; 0x78
200026be:	2300      	movs	r3, #0
200026c0:	930e      	str	r3, [sp, #56]	; 0x38
200026c2:	9b1d      	ldr	r3, [sp, #116]	; 0x74
200026c4:	42a3      	cmp	r3, r4
200026c6:	d901      	bls.n	200026cc <_etoa+0x264>
200026c8:	1b1b      	subs	r3, r3, r4
200026ca:	930e      	str	r3, [sp, #56]	; 0x38
200026cc:	2302      	movs	r3, #2
200026ce:	9a1e      	ldr	r2, [sp, #120]	; 0x78
200026d0:	401a      	ands	r2, r3
200026d2:	9211      	str	r2, [sp, #68]	; 0x44
200026d4:	d005      	beq.n	200026e2 <_etoa+0x27a>
200026d6:	4263      	negs	r3, r4
200026d8:	4163      	adcs	r3, r4
200026da:	9a0e      	ldr	r2, [sp, #56]	; 0x38
200026dc:	425b      	negs	r3, r3
200026de:	401a      	ands	r2, r3
200026e0:	920e      	str	r2, [sp, #56]	; 0x38
200026e2:	2d00      	cmp	r5, #0
200026e4:	d007      	beq.n	200026f6 <_etoa+0x28e>
200026e6:	9806      	ldr	r0, [sp, #24]
200026e8:	9907      	ldr	r1, [sp, #28]
200026ea:	0032      	movs	r2, r6
200026ec:	003b      	movs	r3, r7
200026ee:	f000 ff3c 	bl	2000356a <__wrap___aeabi_ddiv>
200026f2:	9006      	str	r0, [sp, #24]
200026f4:	9107      	str	r1, [sp, #28]
200026f6:	2200      	movs	r2, #0
200026f8:	2300      	movs	r3, #0
200026fa:	9809      	ldr	r0, [sp, #36]	; 0x24
200026fc:	990a      	ldr	r1, [sp, #40]	; 0x28
200026fe:	f000 ff8d 	bl	2000361c <__wrap___aeabi_dcmplt>
20002702:	2800      	cmp	r0, #0
20002704:	d009      	beq.n	2000271a <_etoa+0x2b2>
20002706:	2080      	movs	r0, #128	; 0x80
20002708:	0600      	lsls	r0, r0, #24
2000270a:	4684      	mov	ip, r0
2000270c:	9906      	ldr	r1, [sp, #24]
2000270e:	000a      	movs	r2, r1
20002710:	9907      	ldr	r1, [sp, #28]
20002712:	4461      	add	r1, ip
20002714:	000b      	movs	r3, r1
20002716:	9206      	str	r2, [sp, #24]
20002718:	9307      	str	r3, [sp, #28]
2000271a:	9a1e      	ldr	r2, [sp, #120]	; 0x78
2000271c:	4b46      	ldr	r3, [pc, #280]	; (20002838 <_etoa+0x3d0>)
2000271e:	990c      	ldr	r1, [sp, #48]	; 0x30
20002720:	4013      	ands	r3, r2
20002722:	9304      	str	r3, [sp, #16]
20002724:	9b0e      	ldr	r3, [sp, #56]	; 0x38
20002726:	980b      	ldr	r0, [sp, #44]	; 0x2c
20002728:	9303      	str	r3, [sp, #12]
2000272a:	9b1c      	ldr	r3, [sp, #112]	; 0x70
2000272c:	9302      	str	r3, [sp, #8]
2000272e:	9a06      	ldr	r2, [sp, #24]
20002730:	9b07      	ldr	r3, [sp, #28]
20002732:	9200      	str	r2, [sp, #0]
20002734:	9301      	str	r3, [sp, #4]
20002736:	9b0d      	ldr	r3, [sp, #52]	; 0x34
20002738:	9a10      	ldr	r2, [sp, #64]	; 0x40
2000273a:	f000 f87f 	bl	2000283c <_ftoa>
2000273e:	2c00      	cmp	r4, #0
20002740:	d100      	bne.n	20002744 <_etoa+0x2dc>
20002742:	e6c5      	b.n	200024d0 <_etoa+0x68>
20002744:	2345      	movs	r3, #69	; 0x45
20002746:	469c      	mov	ip, r3
20002748:	9b1e      	ldr	r3, [sp, #120]	; 0x78
2000274a:	069b      	lsls	r3, r3, #26
2000274c:	d401      	bmi.n	20002752 <_etoa+0x2ea>
2000274e:	2365      	movs	r3, #101	; 0x65
20002750:	469c      	mov	ip, r3
20002752:	0002      	movs	r2, r0
20002754:	1c47      	adds	r7, r0, #1
20002756:	9b0d      	ldr	r3, [sp, #52]	; 0x34
20002758:	4660      	mov	r0, ip
2000275a:	990c      	ldr	r1, [sp, #48]	; 0x30
2000275c:	9e0b      	ldr	r6, [sp, #44]	; 0x2c
2000275e:	47b0      	blx	r6
20002760:	2305      	movs	r3, #5
20002762:	9305      	str	r3, [sp, #20]
20002764:	2300      	movs	r3, #0
20002766:	9303      	str	r3, [sp, #12]
20002768:	330a      	adds	r3, #10
2000276a:	9302      	str	r3, [sp, #8]
2000276c:	0feb      	lsrs	r3, r5, #31
2000276e:	9301      	str	r3, [sp, #4]
20002770:	17eb      	asrs	r3, r5, #31
20002772:	18ed      	adds	r5, r5, r3
20002774:	405d      	eors	r5, r3
20002776:	3c01      	subs	r4, #1
20002778:	9b0d      	ldr	r3, [sp, #52]	; 0x34
2000277a:	9404      	str	r4, [sp, #16]
2000277c:	9500      	str	r5, [sp, #0]
2000277e:	003a      	movs	r2, r7
20002780:	990c      	ldr	r1, [sp, #48]	; 0x30
20002782:	980b      	ldr	r0, [sp, #44]	; 0x2c
20002784:	f7ff fdc3 	bl	2000230e <_ntoa_long>
20002788:	9b11      	ldr	r3, [sp, #68]	; 0x44
2000278a:	2b00      	cmp	r3, #0
2000278c:	d100      	bne.n	20002790 <_etoa+0x328>
2000278e:	e69f      	b.n	200024d0 <_etoa+0x68>
20002790:	9b10      	ldr	r3, [sp, #64]	; 0x40
20002792:	1ac4      	subs	r4, r0, r3
20002794:	9b10      	ldr	r3, [sp, #64]	; 0x40
20002796:	1918      	adds	r0, r3, r4
20002798:	9b1d      	ldr	r3, [sp, #116]	; 0x74
2000279a:	42a3      	cmp	r3, r4
2000279c:	d800      	bhi.n	200027a0 <_etoa+0x338>
2000279e:	e697      	b.n	200024d0 <_etoa+0x68>
200027a0:	0002      	movs	r2, r0
200027a2:	9b0d      	ldr	r3, [sp, #52]	; 0x34
200027a4:	990c      	ldr	r1, [sp, #48]	; 0x30
200027a6:	2020      	movs	r0, #32
200027a8:	9d0b      	ldr	r5, [sp, #44]	; 0x2c
200027aa:	47a8      	blx	r5
200027ac:	3401      	adds	r4, #1
200027ae:	e7f1      	b.n	20002794 <_etoa+0x32c>
200027b0:	9a09      	ldr	r2, [sp, #36]	; 0x24
200027b2:	9b0a      	ldr	r3, [sp, #40]	; 0x28
200027b4:	9206      	str	r2, [sp, #24]
200027b6:	9307      	str	r3, [sp, #28]
200027b8:	e69d      	b.n	200024f6 <_etoa+0x8e>
200027ba:	2300      	movs	r3, #0
200027bc:	e777      	b.n	200026ae <_etoa+0x246>
200027be:	9b1c      	ldr	r3, [sp, #112]	; 0x70
200027c0:	2b00      	cmp	r3, #0
200027c2:	d100      	bne.n	200027c6 <_etoa+0x35e>
200027c4:	e77b      	b.n	200026be <_etoa+0x256>
200027c6:	9b11      	ldr	r3, [sp, #68]	; 0x44
200027c8:	1e5a      	subs	r2, r3, #1
200027ca:	4193      	sbcs	r3, r2
200027cc:	9a1c      	ldr	r2, [sp, #112]	; 0x70
200027ce:	1ad3      	subs	r3, r2, r3
200027d0:	931c      	str	r3, [sp, #112]	; 0x70
200027d2:	e774      	b.n	200026be <_etoa+0x256>
200027d4:	7fefffff 	.word	0x7fefffff
200027d8:	ffefffff 	.word	0xffefffff
200027dc:	fffffc01 	.word	0xfffffc01
200027e0:	509f79fb 	.word	0x509f79fb
200027e4:	3fd34413 	.word	0x3fd34413
200027e8:	8b60c8b3 	.word	0x8b60c8b3
200027ec:	3fc68a28 	.word	0x3fc68a28
200027f0:	3ff00000 	.word	0x3ff00000
200027f4:	3ff80000 	.word	0x3ff80000
200027f8:	636f4361 	.word	0x636f4361
200027fc:	3fd287a7 	.word	0x3fd287a7
20002800:	0979a371 	.word	0x0979a371
20002804:	400a934f 	.word	0x400a934f
20002808:	3fe00000 	.word	0x3fe00000
2000280c:	bbb55516 	.word	0xbbb55516
20002810:	40026bb1 	.word	0x40026bb1
20002814:	fefa39ef 	.word	0xfefa39ef
20002818:	3fe62e42 	.word	0x3fe62e42
2000281c:	402c0000 	.word	0x402c0000
20002820:	40240000 	.word	0x40240000
20002824:	40180000 	.word	0x40180000
20002828:	000003ff 	.word	0x000003ff
2000282c:	eb1c432d 	.word	0xeb1c432d
20002830:	3f1a36e2 	.word	0x3f1a36e2
20002834:	412e8480 	.word	0x412e8480
20002838:	fffff7ff 	.word	0xfffff7ff

2000283c <_ftoa>:
2000283c:	b5f0      	push	{r4, r5, r6, r7, lr}
2000283e:	b099      	sub	sp, #100	; 0x64
20002840:	9009      	str	r0, [sp, #36]	; 0x24
20002842:	910a      	str	r1, [sp, #40]	; 0x28
20002844:	920b      	str	r2, [sp, #44]	; 0x2c
20002846:	930c      	str	r3, [sp, #48]	; 0x30
20002848:	9a1e      	ldr	r2, [sp, #120]	; 0x78
2000284a:	9b1f      	ldr	r3, [sp, #124]	; 0x7c
2000284c:	0010      	movs	r0, r2
2000284e:	0019      	movs	r1, r3
20002850:	9d20      	ldr	r5, [sp, #128]	; 0x80
20002852:	f000 fefe 	bl	20003652 <__wrap___aeabi_dcmpun>
20002856:	2800      	cmp	r0, #0
20002858:	d008      	beq.n	2000286c <_ftoa+0x30>
2000285a:	9b22      	ldr	r3, [sp, #136]	; 0x88
2000285c:	9303      	str	r3, [sp, #12]
2000285e:	9b21      	ldr	r3, [sp, #132]	; 0x84
20002860:	9302      	str	r3, [sp, #8]
20002862:	2303      	movs	r3, #3
20002864:	9301      	str	r3, [sp, #4]
20002866:	4baf      	ldr	r3, [pc, #700]	; (20002b24 <_ftoa+0x2e8>)
20002868:	9300      	str	r3, [sp, #0]
2000286a:	e024      	b.n	200028b6 <_ftoa+0x7a>
2000286c:	2201      	movs	r2, #1
2000286e:	981e      	ldr	r0, [sp, #120]	; 0x78
20002870:	991f      	ldr	r1, [sp, #124]	; 0x7c
20002872:	4252      	negs	r2, r2
20002874:	4bac      	ldr	r3, [pc, #688]	; (20002b28 <_ftoa+0x2ec>)
20002876:	f000 fed1 	bl	2000361c <__wrap___aeabi_dcmplt>
2000287a:	2800      	cmp	r0, #0
2000287c:	d007      	beq.n	2000288e <_ftoa+0x52>
2000287e:	9b22      	ldr	r3, [sp, #136]	; 0x88
20002880:	9303      	str	r3, [sp, #12]
20002882:	9b21      	ldr	r3, [sp, #132]	; 0x84
20002884:	9302      	str	r3, [sp, #8]
20002886:	2304      	movs	r3, #4
20002888:	9301      	str	r3, [sp, #4]
2000288a:	4ba8      	ldr	r3, [pc, #672]	; (20002b2c <_ftoa+0x2f0>)
2000288c:	e7ec      	b.n	20002868 <_ftoa+0x2c>
2000288e:	2201      	movs	r2, #1
20002890:	981e      	ldr	r0, [sp, #120]	; 0x78
20002892:	991f      	ldr	r1, [sp, #124]	; 0x7c
20002894:	4252      	negs	r2, r2
20002896:	4ba6      	ldr	r3, [pc, #664]	; (20002b30 <_ftoa+0x2f4>)
20002898:	f000 fed6 	bl	20003648 <__wrap___aeabi_dcmpgt>
2000289c:	2800      	cmp	r0, #0
2000289e:	d014      	beq.n	200028ca <_ftoa+0x8e>
200028a0:	2304      	movs	r3, #4
200028a2:	9a22      	ldr	r2, [sp, #136]	; 0x88
200028a4:	421a      	tst	r2, r3
200028a6:	d00d      	beq.n	200028c4 <_ftoa+0x88>
200028a8:	4aa2      	ldr	r2, [pc, #648]	; (20002b34 <_ftoa+0x2f8>)
200028aa:	9922      	ldr	r1, [sp, #136]	; 0x88
200028ac:	9301      	str	r3, [sp, #4]
200028ae:	9103      	str	r1, [sp, #12]
200028b0:	9921      	ldr	r1, [sp, #132]	; 0x84
200028b2:	9200      	str	r2, [sp, #0]
200028b4:	9102      	str	r1, [sp, #8]
200028b6:	9b0c      	ldr	r3, [sp, #48]	; 0x30
200028b8:	9a0b      	ldr	r2, [sp, #44]	; 0x2c
200028ba:	990a      	ldr	r1, [sp, #40]	; 0x28
200028bc:	9809      	ldr	r0, [sp, #36]	; 0x24
200028be:	f7ff fc7c 	bl	200021ba <_out_rev>
200028c2:	e021      	b.n	20002908 <_ftoa+0xcc>
200028c4:	4a9c      	ldr	r2, [pc, #624]	; (20002b38 <_ftoa+0x2fc>)
200028c6:	2303      	movs	r3, #3
200028c8:	e7ef      	b.n	200028aa <_ftoa+0x6e>
200028ca:	2200      	movs	r2, #0
200028cc:	981e      	ldr	r0, [sp, #120]	; 0x78
200028ce:	991f      	ldr	r1, [sp, #124]	; 0x7c
200028d0:	4b9a      	ldr	r3, [pc, #616]	; (20002b3c <_ftoa+0x300>)
200028d2:	f000 feb9 	bl	20003648 <__wrap___aeabi_dcmpgt>
200028d6:	2800      	cmp	r0, #0
200028d8:	d107      	bne.n	200028ea <_ftoa+0xae>
200028da:	981e      	ldr	r0, [sp, #120]	; 0x78
200028dc:	991f      	ldr	r1, [sp, #124]	; 0x7c
200028de:	2200      	movs	r2, #0
200028e0:	4b97      	ldr	r3, [pc, #604]	; (20002b40 <_ftoa+0x304>)
200028e2:	f000 fe9b 	bl	2000361c <__wrap___aeabi_dcmplt>
200028e6:	2800      	cmp	r0, #0
200028e8:	d010      	beq.n	2000290c <_ftoa+0xd0>
200028ea:	9b22      	ldr	r3, [sp, #136]	; 0x88
200028ec:	9502      	str	r5, [sp, #8]
200028ee:	9304      	str	r3, [sp, #16]
200028f0:	9b21      	ldr	r3, [sp, #132]	; 0x84
200028f2:	9a0b      	ldr	r2, [sp, #44]	; 0x2c
200028f4:	9303      	str	r3, [sp, #12]
200028f6:	990a      	ldr	r1, [sp, #40]	; 0x28
200028f8:	9b1e      	ldr	r3, [sp, #120]	; 0x78
200028fa:	9c1f      	ldr	r4, [sp, #124]	; 0x7c
200028fc:	9809      	ldr	r0, [sp, #36]	; 0x24
200028fe:	9300      	str	r3, [sp, #0]
20002900:	9401      	str	r4, [sp, #4]
20002902:	9b0c      	ldr	r3, [sp, #48]	; 0x30
20002904:	f7ff fdb0 	bl	20002468 <_etoa>
20002908:	b019      	add	sp, #100	; 0x64
2000290a:	bdf0      	pop	{r4, r5, r6, r7, pc}
2000290c:	2200      	movs	r2, #0
2000290e:	981e      	ldr	r0, [sp, #120]	; 0x78
20002910:	991f      	ldr	r1, [sp, #124]	; 0x7c
20002912:	2300      	movs	r3, #0
20002914:	f000 fe82 	bl	2000361c <__wrap___aeabi_dcmplt>
20002918:	2800      	cmp	r0, #0
2000291a:	d100      	bne.n	2000291e <_ftoa+0xe2>
2000291c:	e081      	b.n	20002a22 <_ftoa+0x1e6>
2000291e:	9a1e      	ldr	r2, [sp, #120]	; 0x78
20002920:	9b1f      	ldr	r3, [sp, #124]	; 0x7c
20002922:	2000      	movs	r0, #0
20002924:	2100      	movs	r1, #0
20002926:	f000 fe16 	bl	20003556 <__wrap___aeabi_dsub>
2000292a:	2301      	movs	r3, #1
2000292c:	901e      	str	r0, [sp, #120]	; 0x78
2000292e:	911f      	str	r1, [sp, #124]	; 0x7c
20002930:	930d      	str	r3, [sp, #52]	; 0x34
20002932:	9b22      	ldr	r3, [sp, #136]	; 0x88
20002934:	055b      	lsls	r3, r3, #21
20002936:	d576      	bpl.n	20002a26 <_ftoa+0x1ea>
20002938:	002a      	movs	r2, r5
2000293a:	2130      	movs	r1, #48	; 0x30
2000293c:	ab10      	add	r3, sp, #64	; 0x40
2000293e:	3a20      	subs	r2, #32
20002940:	9508      	str	r5, [sp, #32]
20002942:	9808      	ldr	r0, [sp, #32]
20002944:	1a2c      	subs	r4, r5, r0
20002946:	2809      	cmp	r0, #9
20002948:	d907      	bls.n	2000295a <_ftoa+0x11e>
2000294a:	9808      	ldr	r0, [sp, #32]
2000294c:	7019      	strb	r1, [r3, #0]
2000294e:	3801      	subs	r0, #1
20002950:	9008      	str	r0, [sp, #32]
20002952:	3301      	adds	r3, #1
20002954:	4290      	cmp	r0, r2
20002956:	d1f4      	bne.n	20002942 <_ftoa+0x106>
20002958:	2420      	movs	r4, #32
2000295a:	981e      	ldr	r0, [sp, #120]	; 0x78
2000295c:	991f      	ldr	r1, [sp, #124]	; 0x7c
2000295e:	f000 fea3 	bl	200036a8 <__wrap___aeabi_d2iz>
20002962:	9b08      	ldr	r3, [sp, #32]
20002964:	9007      	str	r0, [sp, #28]
20002966:	00da      	lsls	r2, r3, #3
20002968:	4b76      	ldr	r3, [pc, #472]	; (20002b44 <_ftoa+0x308>)
2000296a:	189b      	adds	r3, r3, r2
2000296c:	681a      	ldr	r2, [r3, #0]
2000296e:	685b      	ldr	r3, [r3, #4]
20002970:	920e      	str	r2, [sp, #56]	; 0x38
20002972:	930f      	str	r3, [sp, #60]	; 0x3c
20002974:	f000 fe80 	bl	20003678 <__wrap___aeabi_i2d>
20002978:	0002      	movs	r2, r0
2000297a:	000b      	movs	r3, r1
2000297c:	981e      	ldr	r0, [sp, #120]	; 0x78
2000297e:	991f      	ldr	r1, [sp, #124]	; 0x7c
20002980:	f000 fde9 	bl	20003556 <__wrap___aeabi_dsub>
20002984:	9a0e      	ldr	r2, [sp, #56]	; 0x38
20002986:	9b0f      	ldr	r3, [sp, #60]	; 0x3c
20002988:	f000 fe09 	bl	2000359e <__wrap___aeabi_dmul>
2000298c:	000f      	movs	r7, r1
2000298e:	0006      	movs	r6, r0
20002990:	f000 feae 	bl	200036f0 <__wrap___aeabi_d2uiz>
20002994:	0005      	movs	r5, r0
20002996:	f000 fe6b 	bl	20003670 <__wrap___aeabi_ui2d>
2000299a:	0002      	movs	r2, r0
2000299c:	000b      	movs	r3, r1
2000299e:	0030      	movs	r0, r6
200029a0:	0039      	movs	r1, r7
200029a2:	f000 fdd8 	bl	20003556 <__wrap___aeabi_dsub>
200029a6:	2200      	movs	r2, #0
200029a8:	4b67      	ldr	r3, [pc, #412]	; (20002b48 <_ftoa+0x30c>)
200029aa:	0006      	movs	r6, r0
200029ac:	000f      	movs	r7, r1
200029ae:	f000 fe4b 	bl	20003648 <__wrap___aeabi_dcmpgt>
200029b2:	2800      	cmp	r0, #0
200029b4:	d039      	beq.n	20002a2a <_ftoa+0x1ee>
200029b6:	3501      	adds	r5, #1
200029b8:	0028      	movs	r0, r5
200029ba:	f000 fe59 	bl	20003670 <__wrap___aeabi_ui2d>
200029be:	0002      	movs	r2, r0
200029c0:	000b      	movs	r3, r1
200029c2:	980e      	ldr	r0, [sp, #56]	; 0x38
200029c4:	990f      	ldr	r1, [sp, #60]	; 0x3c
200029c6:	f000 fe2f 	bl	20003628 <__wrap___aeabi_dcmple>
200029ca:	2800      	cmp	r0, #0
200029cc:	d003      	beq.n	200029d6 <_ftoa+0x19a>
200029ce:	2500      	movs	r5, #0
200029d0:	9b07      	ldr	r3, [sp, #28]
200029d2:	3301      	adds	r3, #1
200029d4:	9307      	str	r3, [sp, #28]
200029d6:	9b08      	ldr	r3, [sp, #32]
200029d8:	260a      	movs	r6, #10
200029da:	2b00      	cmp	r3, #0
200029dc:	d155      	bne.n	20002a8a <_ftoa+0x24e>
200029de:	9807      	ldr	r0, [sp, #28]
200029e0:	f000 fe4a 	bl	20003678 <__wrap___aeabi_i2d>
200029e4:	0002      	movs	r2, r0
200029e6:	000b      	movs	r3, r1
200029e8:	981e      	ldr	r0, [sp, #120]	; 0x78
200029ea:	991f      	ldr	r1, [sp, #124]	; 0x7c
200029ec:	f000 fdb3 	bl	20003556 <__wrap___aeabi_dsub>
200029f0:	2200      	movs	r2, #0
200029f2:	4b55      	ldr	r3, [pc, #340]	; (20002b48 <_ftoa+0x30c>)
200029f4:	0006      	movs	r6, r0
200029f6:	000f      	movs	r7, r1
200029f8:	f000 fe10 	bl	2000361c <__wrap___aeabi_dcmplt>
200029fc:	2800      	cmp	r0, #0
200029fe:	d10c      	bne.n	20002a1a <_ftoa+0x1de>
20002a00:	2200      	movs	r2, #0
20002a02:	4b51      	ldr	r3, [pc, #324]	; (20002b48 <_ftoa+0x30c>)
20002a04:	0030      	movs	r0, r6
20002a06:	0039      	movs	r1, r7
20002a08:	f000 fe1e 	bl	20003648 <__wrap___aeabi_dcmpgt>
20002a0c:	2800      	cmp	r0, #0
20002a0e:	d104      	bne.n	20002a1a <_ftoa+0x1de>
20002a10:	2301      	movs	r3, #1
20002a12:	9a07      	ldr	r2, [sp, #28]
20002a14:	4013      	ands	r3, r2
20002a16:	18d3      	adds	r3, r2, r3
20002a18:	9307      	str	r3, [sp, #28]
20002a1a:	0025      	movs	r5, r4
20002a1c:	af10      	add	r7, sp, #64	; 0x40
20002a1e:	260a      	movs	r6, #10
20002a20:	e05b      	b.n	20002ada <_ftoa+0x29e>
20002a22:	900d      	str	r0, [sp, #52]	; 0x34
20002a24:	e785      	b.n	20002932 <_ftoa+0xf6>
20002a26:	2506      	movs	r5, #6
20002a28:	e786      	b.n	20002938 <_ftoa+0xfc>
20002a2a:	2200      	movs	r2, #0
20002a2c:	4b46      	ldr	r3, [pc, #280]	; (20002b48 <_ftoa+0x30c>)
20002a2e:	0030      	movs	r0, r6
20002a30:	0039      	movs	r1, r7
20002a32:	f000 fdf3 	bl	2000361c <__wrap___aeabi_dcmplt>
20002a36:	2800      	cmp	r0, #0
20002a38:	d1cd      	bne.n	200029d6 <_ftoa+0x19a>
20002a3a:	2d00      	cmp	r5, #0
20002a3c:	d001      	beq.n	20002a42 <_ftoa+0x206>
20002a3e:	07eb      	lsls	r3, r5, #31
20002a40:	d5c9      	bpl.n	200029d6 <_ftoa+0x19a>
20002a42:	3501      	adds	r5, #1
20002a44:	e7c7      	b.n	200029d6 <_ftoa+0x19a>
20002a46:	9b08      	ldr	r3, [sp, #32]
20002a48:	0031      	movs	r1, r6
20002a4a:	3b01      	subs	r3, #1
20002a4c:	0028      	movs	r0, r5
20002a4e:	9308      	str	r3, [sp, #32]
20002a50:	f000 fb46 	bl	200030e0 <__wrap___aeabi_uidiv>
20002a54:	2218      	movs	r2, #24
20002a56:	ab0a      	add	r3, sp, #40	; 0x28
20002a58:	3130      	adds	r1, #48	; 0x30
20002a5a:	189b      	adds	r3, r3, r2
20002a5c:	5519      	strb	r1, [r3, r4]
20002a5e:	1c67      	adds	r7, r4, #1
20002a60:	0031      	movs	r1, r6
20002a62:	0028      	movs	r0, r5
20002a64:	f000 fb3c 	bl	200030e0 <__wrap___aeabi_uidiv>
20002a68:	003c      	movs	r4, r7
20002a6a:	2d09      	cmp	r5, #9
20002a6c:	d80c      	bhi.n	20002a88 <_ftoa+0x24c>
20002a6e:	2030      	movs	r0, #48	; 0x30
20002a70:	9b08      	ldr	r3, [sp, #32]
20002a72:	a910      	add	r1, sp, #64	; 0x40
20002a74:	19db      	adds	r3, r3, r7
20002a76:	2c20      	cmp	r4, #32
20002a78:	d009      	beq.n	20002a8e <_ftoa+0x252>
20002a7a:	1c62      	adds	r2, r4, #1
20002a7c:	429c      	cmp	r4, r3
20002a7e:	d11a      	bne.n	20002ab6 <_ftoa+0x27a>
20002a80:	232e      	movs	r3, #46	; 0x2e
20002a82:	550b      	strb	r3, [r1, r4]
20002a84:	0014      	movs	r4, r2
20002a86:	e7c8      	b.n	20002a1a <_ftoa+0x1de>
20002a88:	0005      	movs	r5, r0
20002a8a:	2c20      	cmp	r4, #32
20002a8c:	d1db      	bne.n	20002a46 <_ftoa+0x20a>
20002a8e:	2303      	movs	r3, #3
20002a90:	9a22      	ldr	r2, [sp, #136]	; 0x88
20002a92:	4013      	ands	r3, r2
20002a94:	2b01      	cmp	r3, #1
20002a96:	d131      	bne.n	20002afc <_ftoa+0x2c0>
20002a98:	9b21      	ldr	r3, [sp, #132]	; 0x84
20002a9a:	2b00      	cmp	r3, #0
20002a9c:	d02e      	beq.n	20002afc <_ftoa+0x2c0>
20002a9e:	9b0d      	ldr	r3, [sp, #52]	; 0x34
20002aa0:	2b00      	cmp	r3, #0
20002aa2:	d102      	bne.n	20002aaa <_ftoa+0x26e>
20002aa4:	330c      	adds	r3, #12
20002aa6:	421a      	tst	r2, r3
20002aa8:	d002      	beq.n	20002ab0 <_ftoa+0x274>
20002aaa:	9b21      	ldr	r3, [sp, #132]	; 0x84
20002aac:	3b01      	subs	r3, #1
20002aae:	9321      	str	r3, [sp, #132]	; 0x84
20002ab0:	ab10      	add	r3, sp, #64	; 0x40
20002ab2:	2230      	movs	r2, #48	; 0x30
20002ab4:	e016      	b.n	20002ae4 <_ftoa+0x2a8>
20002ab6:	5508      	strb	r0, [r1, r4]
20002ab8:	0014      	movs	r4, r2
20002aba:	e7dc      	b.n	20002a76 <_ftoa+0x23a>
20002abc:	9807      	ldr	r0, [sp, #28]
20002abe:	0031      	movs	r1, r6
20002ac0:	f000 fae6 	bl	20003090 <__wrap___aeabi_idiv>
20002ac4:	3130      	adds	r1, #48	; 0x30
20002ac6:	55e9      	strb	r1, [r5, r7]
20002ac8:	9807      	ldr	r0, [sp, #28]
20002aca:	0031      	movs	r1, r6
20002acc:	f000 fae0 	bl	20003090 <__wrap___aeabi_idiv>
20002ad0:	3401      	adds	r4, #1
20002ad2:	9007      	str	r0, [sp, #28]
20002ad4:	0025      	movs	r5, r4
20002ad6:	2800      	cmp	r0, #0
20002ad8:	d0d9      	beq.n	20002a8e <_ftoa+0x252>
20002ada:	2c20      	cmp	r4, #32
20002adc:	d1ee      	bne.n	20002abc <_ftoa+0x280>
20002ade:	e7d6      	b.n	20002a8e <_ftoa+0x252>
20002ae0:	54e2      	strb	r2, [r4, r3]
20002ae2:	3401      	adds	r4, #1
20002ae4:	9921      	ldr	r1, [sp, #132]	; 0x84
20002ae6:	42a1      	cmp	r1, r4
20002ae8:	d908      	bls.n	20002afc <_ftoa+0x2c0>
20002aea:	2c20      	cmp	r4, #32
20002aec:	d1f8      	bne.n	20002ae0 <_ftoa+0x2a4>
20002aee:	9b22      	ldr	r3, [sp, #136]	; 0x88
20002af0:	9401      	str	r4, [sp, #4]
20002af2:	9303      	str	r3, [sp, #12]
20002af4:	9b21      	ldr	r3, [sp, #132]	; 0x84
20002af6:	9302      	str	r3, [sp, #8]
20002af8:	ab10      	add	r3, sp, #64	; 0x40
20002afa:	e6b5      	b.n	20002868 <_ftoa+0x2c>
20002afc:	2c20      	cmp	r4, #32
20002afe:	d0f6      	beq.n	20002aee <_ftoa+0x2b2>
20002b00:	9a0d      	ldr	r2, [sp, #52]	; 0x34
20002b02:	ab10      	add	r3, sp, #64	; 0x40
20002b04:	2a00      	cmp	r2, #0
20002b06:	d003      	beq.n	20002b10 <_ftoa+0x2d4>
20002b08:	222d      	movs	r2, #45	; 0x2d
20002b0a:	551a      	strb	r2, [r3, r4]
20002b0c:	3401      	adds	r4, #1
20002b0e:	e7ee      	b.n	20002aee <_ftoa+0x2b2>
20002b10:	9a22      	ldr	r2, [sp, #136]	; 0x88
20002b12:	0752      	lsls	r2, r2, #29
20002b14:	d501      	bpl.n	20002b1a <_ftoa+0x2de>
20002b16:	222b      	movs	r2, #43	; 0x2b
20002b18:	e7f7      	b.n	20002b0a <_ftoa+0x2ce>
20002b1a:	9a22      	ldr	r2, [sp, #136]	; 0x88
20002b1c:	0712      	lsls	r2, r2, #28
20002b1e:	d5e6      	bpl.n	20002aee <_ftoa+0x2b2>
20002b20:	2220      	movs	r2, #32
20002b22:	e7f2      	b.n	20002b0a <_ftoa+0x2ce>
20002b24:	20004b41 	.word	0x20004b41
20002b28:	ffefffff 	.word	0xffefffff
20002b2c:	20004b45 	.word	0x20004b45
20002b30:	7fefffff 	.word	0x7fefffff
20002b34:	20004b3c 	.word	0x20004b3c
20002b38:	20004b38 	.word	0x20004b38
20002b3c:	41cdcd65 	.word	0x41cdcd65
20002b40:	c1cdcd65 	.word	0xc1cdcd65
20002b44:	20004b50 	.word	0x20004b50
20002b48:	3fe00000 	.word	0x3fe00000

20002b4c <_vsnprintf>:
20002b4c:	b5f0      	push	{r4, r5, r6, r7, lr}
20002b4e:	b099      	sub	sp, #100	; 0x64
20002b50:	900b      	str	r0, [sp, #44]	; 0x2c
20002b52:	910c      	str	r1, [sp, #48]	; 0x30
20002b54:	920a      	str	r2, [sp, #40]	; 0x28
20002b56:	930e      	str	r3, [sp, #56]	; 0x38
20002b58:	9f1e      	ldr	r7, [sp, #120]	; 0x78
20002b5a:	2900      	cmp	r1, #0
20002b5c:	d101      	bne.n	20002b62 <_vsnprintf+0x16>
20002b5e:	4bb6      	ldr	r3, [pc, #728]	; (20002e38 <_vsnprintf+0x2ec>)
20002b60:	930b      	str	r3, [sp, #44]	; 0x2c
20002b62:	2500      	movs	r5, #0
20002b64:	e115      	b.n	20002d92 <_vsnprintf+0x246>
20002b66:	9b0e      	ldr	r3, [sp, #56]	; 0x38
20002b68:	3301      	adds	r3, #1
20002b6a:	930e      	str	r3, [sp, #56]	; 0x38
20002b6c:	2825      	cmp	r0, #37	; 0x25
20002b6e:	d007      	beq.n	20002b80 <_vsnprintf+0x34>
20002b70:	1c6c      	adds	r4, r5, #1
20002b72:	002a      	movs	r2, r5
20002b74:	9b0a      	ldr	r3, [sp, #40]	; 0x28
20002b76:	9d0b      	ldr	r5, [sp, #44]	; 0x2c
20002b78:	990c      	ldr	r1, [sp, #48]	; 0x30
20002b7a:	47a8      	blx	r5
20002b7c:	0025      	movs	r5, r4
20002b7e:	e108      	b.n	20002d92 <_vsnprintf+0x246>
20002b80:	2400      	movs	r4, #0
20002b82:	2101      	movs	r1, #1
20002b84:	2008      	movs	r0, #8
20002b86:	e005      	b.n	20002b94 <_vsnprintf+0x48>
20002b88:	2b2d      	cmp	r3, #45	; 0x2d
20002b8a:	d016      	beq.n	20002bba <_vsnprintf+0x6e>
20002b8c:	2b30      	cmp	r3, #48	; 0x30
20002b8e:	d10c      	bne.n	20002baa <_vsnprintf+0x5e>
20002b90:	430c      	orrs	r4, r1
20002b92:	920e      	str	r2, [sp, #56]	; 0x38
20002b94:	9b0e      	ldr	r3, [sp, #56]	; 0x38
20002b96:	9a0e      	ldr	r2, [sp, #56]	; 0x38
20002b98:	781b      	ldrb	r3, [r3, #0]
20002b9a:	3201      	adds	r2, #1
20002b9c:	2b2b      	cmp	r3, #43	; 0x2b
20002b9e:	d00f      	beq.n	20002bc0 <_vsnprintf+0x74>
20002ba0:	d8f2      	bhi.n	20002b88 <_vsnprintf+0x3c>
20002ba2:	2b20      	cmp	r3, #32
20002ba4:	d00e      	beq.n	20002bc4 <_vsnprintf+0x78>
20002ba6:	2b23      	cmp	r3, #35	; 0x23
20002ba8:	d00e      	beq.n	20002bc8 <_vsnprintf+0x7c>
20002baa:	0019      	movs	r1, r3
20002bac:	3930      	subs	r1, #48	; 0x30
20002bae:	2909      	cmp	r1, #9
20002bb0:	d82c      	bhi.n	20002c0c <_vsnprintf+0xc0>
20002bb2:	2300      	movs	r3, #0
20002bb4:	200a      	movs	r0, #10
20002bb6:	930d      	str	r3, [sp, #52]	; 0x34
20002bb8:	e00e      	b.n	20002bd8 <_vsnprintf+0x8c>
20002bba:	2302      	movs	r3, #2
20002bbc:	431c      	orrs	r4, r3
20002bbe:	e7e8      	b.n	20002b92 <_vsnprintf+0x46>
20002bc0:	2304      	movs	r3, #4
20002bc2:	e7fb      	b.n	20002bbc <_vsnprintf+0x70>
20002bc4:	4304      	orrs	r4, r0
20002bc6:	e7e4      	b.n	20002b92 <_vsnprintf+0x46>
20002bc8:	2310      	movs	r3, #16
20002bca:	e7f7      	b.n	20002bbc <_vsnprintf+0x70>
20002bcc:	9b0d      	ldr	r3, [sp, #52]	; 0x34
20002bce:	910e      	str	r1, [sp, #56]	; 0x38
20002bd0:	4343      	muls	r3, r0
20002bd2:	3b30      	subs	r3, #48	; 0x30
20002bd4:	18d3      	adds	r3, r2, r3
20002bd6:	930d      	str	r3, [sp, #52]	; 0x34
20002bd8:	9b0e      	ldr	r3, [sp, #56]	; 0x38
20002bda:	781a      	ldrb	r2, [r3, #0]
20002bdc:	1c59      	adds	r1, r3, #1
20002bde:	0013      	movs	r3, r2
20002be0:	3b30      	subs	r3, #48	; 0x30
20002be2:	2b09      	cmp	r3, #9
20002be4:	d9f2      	bls.n	20002bcc <_vsnprintf+0x80>
20002be6:	9b0e      	ldr	r3, [sp, #56]	; 0x38
20002be8:	781b      	ldrb	r3, [r3, #0]
20002bea:	2b2e      	cmp	r3, #46	; 0x2e
20002bec:	d163      	bne.n	20002cb6 <_vsnprintf+0x16a>
20002bee:	2280      	movs	r2, #128	; 0x80
20002bf0:	00d2      	lsls	r2, r2, #3
20002bf2:	4314      	orrs	r4, r2
20002bf4:	9a0e      	ldr	r2, [sp, #56]	; 0x38
20002bf6:	9b0e      	ldr	r3, [sp, #56]	; 0x38
20002bf8:	7852      	ldrb	r2, [r2, #1]
20002bfa:	3301      	adds	r3, #1
20002bfc:	0011      	movs	r1, r2
20002bfe:	3930      	subs	r1, #48	; 0x30
20002c00:	2909      	cmp	r1, #9
20002c02:	d84e      	bhi.n	20002ca2 <_vsnprintf+0x156>
20002c04:	220a      	movs	r2, #10
20002c06:	2600      	movs	r6, #0
20002c08:	4694      	mov	ip, r2
20002c0a:	e013      	b.n	20002c34 <_vsnprintf+0xe8>
20002c0c:	2100      	movs	r1, #0
20002c0e:	910d      	str	r1, [sp, #52]	; 0x34
20002c10:	2b2a      	cmp	r3, #42	; 0x2a
20002c12:	d1e8      	bne.n	20002be6 <_vsnprintf+0x9a>
20002c14:	cf08      	ldmia	r7!, {r3}
20002c16:	930d      	str	r3, [sp, #52]	; 0x34
20002c18:	428b      	cmp	r3, r1
20002c1a:	da04      	bge.n	20002c26 <_vsnprintf+0xda>
20002c1c:	2302      	movs	r3, #2
20002c1e:	431c      	orrs	r4, r3
20002c20:	9b0d      	ldr	r3, [sp, #52]	; 0x34
20002c22:	425b      	negs	r3, r3
20002c24:	930d      	str	r3, [sp, #52]	; 0x34
20002c26:	920e      	str	r2, [sp, #56]	; 0x38
20002c28:	e7dd      	b.n	20002be6 <_vsnprintf+0x9a>
20002c2a:	4663      	mov	r3, ip
20002c2c:	435e      	muls	r6, r3
20002c2e:	0003      	movs	r3, r0
20002c30:	3e30      	subs	r6, #48	; 0x30
20002c32:	1996      	adds	r6, r2, r6
20002c34:	781a      	ldrb	r2, [r3, #0]
20002c36:	1c58      	adds	r0, r3, #1
20002c38:	0011      	movs	r1, r2
20002c3a:	3930      	subs	r1, #48	; 0x30
20002c3c:	2909      	cmp	r1, #9
20002c3e:	d9f4      	bls.n	20002c2a <_vsnprintf+0xde>
20002c40:	7819      	ldrb	r1, [r3, #0]
20002c42:	1c5a      	adds	r2, r3, #1
20002c44:	296c      	cmp	r1, #108	; 0x6c
20002c46:	d040      	beq.n	20002cca <_vsnprintf+0x17e>
20002c48:	d838      	bhi.n	20002cbc <_vsnprintf+0x170>
20002c4a:	2968      	cmp	r1, #104	; 0x68
20002c4c:	d045      	beq.n	20002cda <_vsnprintf+0x18e>
20002c4e:	296a      	cmp	r1, #106	; 0x6a
20002c50:	d04b      	beq.n	20002cea <_vsnprintf+0x19e>
20002c52:	001a      	movs	r2, r3
20002c54:	7810      	ldrb	r0, [r2, #0]
20002c56:	1c53      	adds	r3, r2, #1
20002c58:	930e      	str	r3, [sp, #56]	; 0x38
20002c5a:	2865      	cmp	r0, #101	; 0x65
20002c5c:	d100      	bne.n	20002c60 <_vsnprintf+0x114>
20002c5e:	e12a      	b.n	20002eb6 <_vsnprintf+0x36a>
20002c60:	d900      	bls.n	20002c64 <_vsnprintf+0x118>
20002c62:	e0a8      	b.n	20002db6 <_vsnprintf+0x26a>
20002c64:	2847      	cmp	r0, #71	; 0x47
20002c66:	d100      	bne.n	20002c6a <_vsnprintf+0x11e>
20002c68:	e125      	b.n	20002eb6 <_vsnprintf+0x36a>
20002c6a:	d841      	bhi.n	20002cf0 <_vsnprintf+0x1a4>
20002c6c:	2845      	cmp	r0, #69	; 0x45
20002c6e:	d100      	bne.n	20002c72 <_vsnprintf+0x126>
20002c70:	e121      	b.n	20002eb6 <_vsnprintf+0x36a>
20002c72:	d800      	bhi.n	20002c76 <_vsnprintf+0x12a>
20002c74:	e77c      	b.n	20002b70 <_vsnprintf+0x24>
20002c76:	2846      	cmp	r0, #70	; 0x46
20002c78:	d101      	bne.n	20002c7e <_vsnprintf+0x132>
20002c7a:	2320      	movs	r3, #32
20002c7c:	431c      	orrs	r4, r3
20002c7e:	2207      	movs	r2, #7
20002c80:	9b0d      	ldr	r3, [sp, #52]	; 0x34
20002c82:	3707      	adds	r7, #7
20002c84:	4397      	bics	r7, r2
20002c86:	9404      	str	r4, [sp, #16]
20002c88:	9303      	str	r3, [sp, #12]
20002c8a:	9602      	str	r6, [sp, #8]
20002c8c:	cf0c      	ldmia	r7!, {r2, r3}
20002c8e:	990c      	ldr	r1, [sp, #48]	; 0x30
20002c90:	9200      	str	r2, [sp, #0]
20002c92:	9301      	str	r3, [sp, #4]
20002c94:	980b      	ldr	r0, [sp, #44]	; 0x2c
20002c96:	9b0a      	ldr	r3, [sp, #40]	; 0x28
20002c98:	002a      	movs	r2, r5
20002c9a:	f7ff fdcf 	bl	2000283c <_ftoa>
20002c9e:	0005      	movs	r5, r0
20002ca0:	e077      	b.n	20002d92 <_vsnprintf+0x246>
20002ca2:	2600      	movs	r6, #0
20002ca4:	2a2a      	cmp	r2, #42	; 0x2a
20002ca6:	d1cb      	bne.n	20002c40 <_vsnprintf+0xf4>
20002ca8:	cf40      	ldmia	r7!, {r6}
20002caa:	43f3      	mvns	r3, r6
20002cac:	17db      	asrs	r3, r3, #31
20002cae:	401e      	ands	r6, r3
20002cb0:	9b0e      	ldr	r3, [sp, #56]	; 0x38
20002cb2:	3302      	adds	r3, #2
20002cb4:	e7c4      	b.n	20002c40 <_vsnprintf+0xf4>
20002cb6:	9b0e      	ldr	r3, [sp, #56]	; 0x38
20002cb8:	2600      	movs	r6, #0
20002cba:	e7c1      	b.n	20002c40 <_vsnprintf+0xf4>
20002cbc:	2974      	cmp	r1, #116	; 0x74
20002cbe:	d001      	beq.n	20002cc4 <_vsnprintf+0x178>
20002cc0:	297a      	cmp	r1, #122	; 0x7a
20002cc2:	d1c6      	bne.n	20002c52 <_vsnprintf+0x106>
20002cc4:	2380      	movs	r3, #128	; 0x80
20002cc6:	005b      	lsls	r3, r3, #1
20002cc8:	e00b      	b.n	20002ce2 <_vsnprintf+0x196>
20002cca:	7859      	ldrb	r1, [r3, #1]
20002ccc:	296c      	cmp	r1, #108	; 0x6c
20002cce:	d1f9      	bne.n	20002cc4 <_vsnprintf+0x178>
20002cd0:	22c0      	movs	r2, #192	; 0xc0
20002cd2:	0092      	lsls	r2, r2, #2
20002cd4:	4314      	orrs	r4, r2
20002cd6:	1c9a      	adds	r2, r3, #2
20002cd8:	e7bc      	b.n	20002c54 <_vsnprintf+0x108>
20002cda:	7859      	ldrb	r1, [r3, #1]
20002cdc:	2968      	cmp	r1, #104	; 0x68
20002cde:	d002      	beq.n	20002ce6 <_vsnprintf+0x19a>
20002ce0:	2380      	movs	r3, #128	; 0x80
20002ce2:	431c      	orrs	r4, r3
20002ce4:	e7b6      	b.n	20002c54 <_vsnprintf+0x108>
20002ce6:	22c0      	movs	r2, #192	; 0xc0
20002ce8:	e7f4      	b.n	20002cd4 <_vsnprintf+0x188>
20002cea:	2380      	movs	r3, #128	; 0x80
20002cec:	009b      	lsls	r3, r3, #2
20002cee:	e7f8      	b.n	20002ce2 <_vsnprintf+0x196>
20002cf0:	2862      	cmp	r0, #98	; 0x62
20002cf2:	d100      	bne.n	20002cf6 <_vsnprintf+0x1aa>
20002cf4:	e18f      	b.n	20003016 <_vsnprintf+0x4ca>
20002cf6:	d806      	bhi.n	20002d06 <_vsnprintf+0x1ba>
20002cf8:	2858      	cmp	r0, #88	; 0x58
20002cfa:	d000      	beq.n	20002cfe <_vsnprintf+0x1b2>
20002cfc:	e738      	b.n	20002b70 <_vsnprintf+0x24>
20002cfe:	2320      	movs	r3, #32
20002d00:	431c      	orrs	r4, r3
20002d02:	3b10      	subs	r3, #16
20002d04:	e084      	b.n	20002e10 <_vsnprintf+0x2c4>
20002d06:	2863      	cmp	r0, #99	; 0x63
20002d08:	d100      	bne.n	20002d0c <_vsnprintf+0x1c0>
20002d0a:	e0f3      	b.n	20002ef4 <_vsnprintf+0x3a8>
20002d0c:	2864      	cmp	r0, #100	; 0x64
20002d0e:	d000      	beq.n	20002d12 <_vsnprintf+0x1c6>
20002d10:	e72e      	b.n	20002b70 <_vsnprintf+0x24>
20002d12:	2310      	movs	r3, #16
20002d14:	439c      	bics	r4, r3
20002d16:	3b06      	subs	r3, #6
20002d18:	2869      	cmp	r0, #105	; 0x69
20002d1a:	d002      	beq.n	20002d22 <_vsnprintf+0x1d6>
20002d1c:	2864      	cmp	r0, #100	; 0x64
20002d1e:	d000      	beq.n	20002d22 <_vsnprintf+0x1d6>
20002d20:	e076      	b.n	20002e10 <_vsnprintf+0x2c4>
20002d22:	0562      	lsls	r2, r4, #21
20002d24:	d501      	bpl.n	20002d2a <_vsnprintf+0x1de>
20002d26:	2201      	movs	r2, #1
20002d28:	4394      	bics	r4, r2
20002d2a:	2280      	movs	r2, #128	; 0x80
20002d2c:	0092      	lsls	r2, r2, #2
20002d2e:	4022      	ands	r2, r4
20002d30:	2869      	cmp	r0, #105	; 0x69
20002d32:	d002      	beq.n	20002d3a <_vsnprintf+0x1ee>
20002d34:	2864      	cmp	r0, #100	; 0x64
20002d36:	d000      	beq.n	20002d3a <_vsnprintf+0x1ee>
20002d38:	e089      	b.n	20002e4e <_vsnprintf+0x302>
20002d3a:	2a00      	cmp	r2, #0
20002d3c:	d100      	bne.n	20002d40 <_vsnprintf+0x1f4>
20002d3e:	e06a      	b.n	20002e16 <_vsnprintf+0x2ca>
20002d40:	2107      	movs	r1, #7
20002d42:	1dfa      	adds	r2, r7, #7
20002d44:	438a      	bics	r2, r1
20002d46:	0011      	movs	r1, r2
20002d48:	3108      	adds	r1, #8
20002d4a:	910f      	str	r1, [sp, #60]	; 0x3c
20002d4c:	6811      	ldr	r1, [r2, #0]
20002d4e:	6852      	ldr	r2, [r2, #4]
20002d50:	9304      	str	r3, [sp, #16]
20002d52:	2300      	movs	r3, #0
20002d54:	9305      	str	r3, [sp, #20]
20002d56:	0fd3      	lsrs	r3, r2, #31
20002d58:	9302      	str	r3, [sp, #8]
20002d5a:	17d3      	asrs	r3, r2, #31
20002d5c:	9311      	str	r3, [sp, #68]	; 0x44
20002d5e:	9310      	str	r3, [sp, #64]	; 0x40
20002d60:	404b      	eors	r3, r1
20002d62:	9316      	str	r3, [sp, #88]	; 0x58
20002d64:	9b11      	ldr	r3, [sp, #68]	; 0x44
20002d66:	980d      	ldr	r0, [sp, #52]	; 0x34
20002d68:	4053      	eors	r3, r2
20002d6a:	9317      	str	r3, [sp, #92]	; 0x5c
20002d6c:	9007      	str	r0, [sp, #28]
20002d6e:	9a16      	ldr	r2, [sp, #88]	; 0x58
20002d70:	9b17      	ldr	r3, [sp, #92]	; 0x5c
20002d72:	9810      	ldr	r0, [sp, #64]	; 0x40
20002d74:	9911      	ldr	r1, [sp, #68]	; 0x44
20002d76:	1a12      	subs	r2, r2, r0
20002d78:	418b      	sbcs	r3, r1
20002d7a:	9408      	str	r4, [sp, #32]
20002d7c:	9606      	str	r6, [sp, #24]
20002d7e:	9200      	str	r2, [sp, #0]
20002d80:	9301      	str	r3, [sp, #4]
20002d82:	990c      	ldr	r1, [sp, #48]	; 0x30
20002d84:	9b0a      	ldr	r3, [sp, #40]	; 0x28
20002d86:	002a      	movs	r2, r5
20002d88:	980b      	ldr	r0, [sp, #44]	; 0x2c
20002d8a:	f7ff fb0a 	bl	200023a2 <_ntoa_long_long>
20002d8e:	0005      	movs	r5, r0
20002d90:	9f0f      	ldr	r7, [sp, #60]	; 0x3c
20002d92:	9b0e      	ldr	r3, [sp, #56]	; 0x38
20002d94:	7818      	ldrb	r0, [r3, #0]
20002d96:	2800      	cmp	r0, #0
20002d98:	d000      	beq.n	20002d9c <_vsnprintf+0x250>
20002d9a:	e6e4      	b.n	20002b66 <_vsnprintf+0x1a>
20002d9c:	9b0a      	ldr	r3, [sp, #40]	; 0x28
20002d9e:	002a      	movs	r2, r5
20002da0:	429d      	cmp	r5, r3
20002da2:	d300      	bcc.n	20002da6 <_vsnprintf+0x25a>
20002da4:	1e5a      	subs	r2, r3, #1
20002da6:	9b0a      	ldr	r3, [sp, #40]	; 0x28
20002da8:	990c      	ldr	r1, [sp, #48]	; 0x30
20002daa:	2000      	movs	r0, #0
20002dac:	9c0b      	ldr	r4, [sp, #44]	; 0x2c
20002dae:	47a0      	blx	r4
20002db0:	0028      	movs	r0, r5
20002db2:	b019      	add	sp, #100	; 0x64
20002db4:	bdf0      	pop	{r4, r5, r6, r7, pc}
20002db6:	286f      	cmp	r0, #111	; 0x6f
20002db8:	d100      	bne.n	20002dbc <_vsnprintf+0x270>
20002dba:	e12a      	b.n	20003012 <_vsnprintf+0x4c6>
20002dbc:	d807      	bhi.n	20002dce <_vsnprintf+0x282>
20002dbe:	2867      	cmp	r0, #103	; 0x67
20002dc0:	d079      	beq.n	20002eb6 <_vsnprintf+0x36a>
20002dc2:	d200      	bcs.n	20002dc6 <_vsnprintf+0x27a>
20002dc4:	e757      	b.n	20002c76 <_vsnprintf+0x12a>
20002dc6:	2869      	cmp	r0, #105	; 0x69
20002dc8:	d000      	beq.n	20002dcc <_vsnprintf+0x280>
20002dca:	e6d1      	b.n	20002b70 <_vsnprintf+0x24>
20002dcc:	e7a1      	b.n	20002d12 <_vsnprintf+0x1c6>
20002dce:	2873      	cmp	r0, #115	; 0x73
20002dd0:	d100      	bne.n	20002dd4 <_vsnprintf+0x288>
20002dd2:	e0c1      	b.n	20002f58 <_vsnprintf+0x40c>
20002dd4:	d815      	bhi.n	20002e02 <_vsnprintf+0x2b6>
20002dd6:	2870      	cmp	r0, #112	; 0x70
20002dd8:	d000      	beq.n	20002ddc <_vsnprintf+0x290>
20002dda:	e6c9      	b.n	20002b70 <_vsnprintf+0x24>
20002ddc:	2321      	movs	r3, #33	; 0x21
20002dde:	431c      	orrs	r4, r3
20002de0:	3b19      	subs	r3, #25
20002de2:	9304      	str	r3, [sp, #16]
20002de4:	3308      	adds	r3, #8
20002de6:	9302      	str	r3, [sp, #8]
20002de8:	2300      	movs	r3, #0
20002dea:	9405      	str	r4, [sp, #20]
20002dec:	9603      	str	r6, [sp, #12]
20002dee:	9301      	str	r3, [sp, #4]
20002df0:	cf08      	ldmia	r7!, {r3}
20002df2:	002a      	movs	r2, r5
20002df4:	9300      	str	r3, [sp, #0]
20002df6:	990c      	ldr	r1, [sp, #48]	; 0x30
20002df8:	9b0a      	ldr	r3, [sp, #40]	; 0x28
20002dfa:	980b      	ldr	r0, [sp, #44]	; 0x2c
20002dfc:	f7ff fa87 	bl	2000230e <_ntoa_long>
20002e00:	e74d      	b.n	20002c9e <_vsnprintf+0x152>
20002e02:	2875      	cmp	r0, #117	; 0x75
20002e04:	d100      	bne.n	20002e08 <_vsnprintf+0x2bc>
20002e06:	e784      	b.n	20002d12 <_vsnprintf+0x1c6>
20002e08:	2310      	movs	r3, #16
20002e0a:	2878      	cmp	r0, #120	; 0x78
20002e0c:	d000      	beq.n	20002e10 <_vsnprintf+0x2c4>
20002e0e:	e6af      	b.n	20002b70 <_vsnprintf+0x24>
20002e10:	220c      	movs	r2, #12
20002e12:	4394      	bics	r4, r2
20002e14:	e785      	b.n	20002d22 <_vsnprintf+0x1d6>
20002e16:	1d3a      	adds	r2, r7, #4
20002e18:	920f      	str	r2, [sp, #60]	; 0x3c
20002e1a:	05e2      	lsls	r2, r4, #23
20002e1c:	d50e      	bpl.n	20002e3c <_vsnprintf+0x2f0>
20002e1e:	683a      	ldr	r2, [r7, #0]
20002e20:	9302      	str	r3, [sp, #8]
20002e22:	0fd3      	lsrs	r3, r2, #31
20002e24:	990d      	ldr	r1, [sp, #52]	; 0x34
20002e26:	9301      	str	r3, [sp, #4]
20002e28:	17d3      	asrs	r3, r2, #31
20002e2a:	18d2      	adds	r2, r2, r3
20002e2c:	9405      	str	r4, [sp, #20]
20002e2e:	9104      	str	r1, [sp, #16]
20002e30:	9603      	str	r6, [sp, #12]
20002e32:	405a      	eors	r2, r3
20002e34:	9200      	str	r2, [sp, #0]
20002e36:	e027      	b.n	20002e88 <_vsnprintf+0x33c>
20002e38:	200021b9 	.word	0x200021b9
20002e3c:	683a      	ldr	r2, [r7, #0]
20002e3e:	0661      	lsls	r1, r4, #25
20002e40:	d501      	bpl.n	20002e46 <_vsnprintf+0x2fa>
20002e42:	b2d2      	uxtb	r2, r2
20002e44:	e7ec      	b.n	20002e20 <_vsnprintf+0x2d4>
20002e46:	0621      	lsls	r1, r4, #24
20002e48:	d5ea      	bpl.n	20002e20 <_vsnprintf+0x2d4>
20002e4a:	b212      	sxth	r2, r2
20002e4c:	e7e8      	b.n	20002e20 <_vsnprintf+0x2d4>
20002e4e:	2a00      	cmp	r2, #0
20002e50:	d00e      	beq.n	20002e70 <_vsnprintf+0x324>
20002e52:	2207      	movs	r2, #7
20002e54:	3707      	adds	r7, #7
20002e56:	4397      	bics	r7, r2
20002e58:	9304      	str	r3, [sp, #16]
20002e5a:	2300      	movs	r3, #0
20002e5c:	0039      	movs	r1, r7
20002e5e:	9a0d      	ldr	r2, [sp, #52]	; 0x34
20002e60:	9408      	str	r4, [sp, #32]
20002e62:	9207      	str	r2, [sp, #28]
20002e64:	9606      	str	r6, [sp, #24]
20002e66:	9305      	str	r3, [sp, #20]
20002e68:	9302      	str	r3, [sp, #8]
20002e6a:	c90c      	ldmia	r1!, {r2, r3}
20002e6c:	910f      	str	r1, [sp, #60]	; 0x3c
20002e6e:	e786      	b.n	20002d7e <_vsnprintf+0x232>
20002e70:	1d39      	adds	r1, r7, #4
20002e72:	910f      	str	r1, [sp, #60]	; 0x3c
20002e74:	05e1      	lsls	r1, r4, #23
20002e76:	d50e      	bpl.n	20002e96 <_vsnprintf+0x34a>
20002e78:	990d      	ldr	r1, [sp, #52]	; 0x34
20002e7a:	9405      	str	r4, [sp, #20]
20002e7c:	9104      	str	r1, [sp, #16]
20002e7e:	9603      	str	r6, [sp, #12]
20002e80:	9302      	str	r3, [sp, #8]
20002e82:	9201      	str	r2, [sp, #4]
20002e84:	683b      	ldr	r3, [r7, #0]
20002e86:	9300      	str	r3, [sp, #0]
20002e88:	9b0a      	ldr	r3, [sp, #40]	; 0x28
20002e8a:	002a      	movs	r2, r5
20002e8c:	990c      	ldr	r1, [sp, #48]	; 0x30
20002e8e:	980b      	ldr	r0, [sp, #44]	; 0x2c
20002e90:	f7ff fa3d 	bl	2000230e <_ntoa_long>
20002e94:	e77b      	b.n	20002d8e <_vsnprintf+0x242>
20002e96:	683a      	ldr	r2, [r7, #0]
20002e98:	0661      	lsls	r1, r4, #25
20002e9a:	d508      	bpl.n	20002eae <_vsnprintf+0x362>
20002e9c:	b2d2      	uxtb	r2, r2
20002e9e:	9302      	str	r3, [sp, #8]
20002ea0:	2300      	movs	r3, #0
20002ea2:	990d      	ldr	r1, [sp, #52]	; 0x34
20002ea4:	9405      	str	r4, [sp, #20]
20002ea6:	9104      	str	r1, [sp, #16]
20002ea8:	9603      	str	r6, [sp, #12]
20002eaa:	9301      	str	r3, [sp, #4]
20002eac:	e7c2      	b.n	20002e34 <_vsnprintf+0x2e8>
20002eae:	0621      	lsls	r1, r4, #24
20002eb0:	d5f5      	bpl.n	20002e9e <_vsnprintf+0x352>
20002eb2:	b292      	uxth	r2, r2
20002eb4:	e7f3      	b.n	20002e9e <_vsnprintf+0x352>
20002eb6:	2320      	movs	r3, #32
20002eb8:	0002      	movs	r2, r0
20002eba:	439a      	bics	r2, r3
20002ebc:	2a47      	cmp	r2, #71	; 0x47
20002ebe:	d104      	bne.n	20002eca <_vsnprintf+0x37e>
20002ec0:	2380      	movs	r3, #128	; 0x80
20002ec2:	011b      	lsls	r3, r3, #4
20002ec4:	431c      	orrs	r4, r3
20002ec6:	2302      	movs	r3, #2
20002ec8:	4398      	bics	r0, r3
20002eca:	2845      	cmp	r0, #69	; 0x45
20002ecc:	d101      	bne.n	20002ed2 <_vsnprintf+0x386>
20002ece:	2320      	movs	r3, #32
20002ed0:	431c      	orrs	r4, r3
20002ed2:	2207      	movs	r2, #7
20002ed4:	9b0d      	ldr	r3, [sp, #52]	; 0x34
20002ed6:	3707      	adds	r7, #7
20002ed8:	4397      	bics	r7, r2
20002eda:	9404      	str	r4, [sp, #16]
20002edc:	9303      	str	r3, [sp, #12]
20002ede:	9602      	str	r6, [sp, #8]
20002ee0:	cf0c      	ldmia	r7!, {r2, r3}
20002ee2:	990c      	ldr	r1, [sp, #48]	; 0x30
20002ee4:	9200      	str	r2, [sp, #0]
20002ee6:	9301      	str	r3, [sp, #4]
20002ee8:	980b      	ldr	r0, [sp, #44]	; 0x2c
20002eea:	9b0a      	ldr	r3, [sp, #40]	; 0x28
20002eec:	002a      	movs	r2, r5
20002eee:	f7ff fabb 	bl	20002468 <_etoa>
20002ef2:	e6d4      	b.n	20002c9e <_vsnprintf+0x152>
20002ef4:	2302      	movs	r3, #2
20002ef6:	401c      	ands	r4, r3
20002ef8:	9412      	str	r4, [sp, #72]	; 0x48
20002efa:	d02b      	beq.n	20002f54 <_vsnprintf+0x408>
20002efc:	2301      	movs	r3, #1
20002efe:	002a      	movs	r2, r5
20002f00:	930f      	str	r3, [sp, #60]	; 0x3c
20002f02:	cf01      	ldmia	r7!, {r0}
20002f04:	9b0a      	ldr	r3, [sp, #40]	; 0x28
20002f06:	b2c0      	uxtb	r0, r0
20002f08:	990c      	ldr	r1, [sp, #48]	; 0x30
20002f0a:	9c0b      	ldr	r4, [sp, #44]	; 0x2c
20002f0c:	1c55      	adds	r5, r2, #1
20002f0e:	47a0      	blx	r4
20002f10:	9b12      	ldr	r3, [sp, #72]	; 0x48
20002f12:	2b00      	cmp	r3, #0
20002f14:	d100      	bne.n	20002f18 <_vsnprintf+0x3cc>
20002f16:	e73c      	b.n	20002d92 <_vsnprintf+0x246>
20002f18:	9b0f      	ldr	r3, [sp, #60]	; 0x3c
20002f1a:	9a0d      	ldr	r2, [sp, #52]	; 0x34
20002f1c:	4293      	cmp	r3, r2
20002f1e:	d300      	bcc.n	20002f22 <_vsnprintf+0x3d6>
20002f20:	e737      	b.n	20002d92 <_vsnprintf+0x246>
20002f22:	1c6c      	adds	r4, r5, #1
20002f24:	9b0a      	ldr	r3, [sp, #40]	; 0x28
20002f26:	002a      	movs	r2, r5
20002f28:	990c      	ldr	r1, [sp, #48]	; 0x30
20002f2a:	9d0b      	ldr	r5, [sp, #44]	; 0x2c
20002f2c:	2020      	movs	r0, #32
20002f2e:	47a8      	blx	r5
20002f30:	9b0f      	ldr	r3, [sp, #60]	; 0x3c
20002f32:	0025      	movs	r5, r4
20002f34:	3301      	adds	r3, #1
20002f36:	930f      	str	r3, [sp, #60]	; 0x3c
20002f38:	e7ee      	b.n	20002f18 <_vsnprintf+0x3cc>
20002f3a:	9b0a      	ldr	r3, [sp, #40]	; 0x28
20002f3c:	990c      	ldr	r1, [sp, #48]	; 0x30
20002f3e:	2020      	movs	r0, #32
20002f40:	9c0b      	ldr	r4, [sp, #44]	; 0x2c
20002f42:	47a0      	blx	r4
20002f44:	1cb3      	adds	r3, r6, #2
20002f46:	930f      	str	r3, [sp, #60]	; 0x3c
20002f48:	9b0d      	ldr	r3, [sp, #52]	; 0x34
20002f4a:	1972      	adds	r2, r6, r5
20002f4c:	3601      	adds	r6, #1
20002f4e:	42b3      	cmp	r3, r6
20002f50:	d8f3      	bhi.n	20002f3a <_vsnprintf+0x3ee>
20002f52:	e7d6      	b.n	20002f02 <_vsnprintf+0x3b6>
20002f54:	9e12      	ldr	r6, [sp, #72]	; 0x48
20002f56:	e7f5      	b.n	20002f44 <_vsnprintf+0x3f8>
20002f58:	003b      	movs	r3, r7
20002f5a:	cb04      	ldmia	r3!, {r2}
20002f5c:	9312      	str	r3, [sp, #72]	; 0x48
20002f5e:	920f      	str	r2, [sp, #60]	; 0x3c
20002f60:	1e33      	subs	r3, r6, #0
20002f62:	d101      	bne.n	20002f68 <_vsnprintf+0x41c>
20002f64:	2301      	movs	r3, #1
20002f66:	425b      	negs	r3, r3
20002f68:	9a0f      	ldr	r2, [sp, #60]	; 0x3c
20002f6a:	0017      	movs	r7, r2
20002f6c:	18d3      	adds	r3, r2, r3
20002f6e:	783a      	ldrb	r2, [r7, #0]
20002f70:	2a00      	cmp	r2, #0
20002f72:	d001      	beq.n	20002f78 <_vsnprintf+0x42c>
20002f74:	42bb      	cmp	r3, r7
20002f76:	d111      	bne.n	20002f9c <_vsnprintf+0x450>
20002f78:	9b0f      	ldr	r3, [sp, #60]	; 0x3c
20002f7a:	1aff      	subs	r7, r7, r3
20002f7c:	2380      	movs	r3, #128	; 0x80
20002f7e:	00db      	lsls	r3, r3, #3
20002f80:	4023      	ands	r3, r4
20002f82:	9314      	str	r3, [sp, #80]	; 0x50
20002f84:	d002      	beq.n	20002f8c <_vsnprintf+0x440>
20002f86:	42b7      	cmp	r7, r6
20002f88:	d900      	bls.n	20002f8c <_vsnprintf+0x440>
20002f8a:	0037      	movs	r7, r6
20002f8c:	2302      	movs	r3, #2
20002f8e:	4023      	ands	r3, r4
20002f90:	9315      	str	r3, [sp, #84]	; 0x54
20002f92:	d014      	beq.n	20002fbe <_vsnprintf+0x472>
20002f94:	002c      	movs	r4, r5
20002f96:	9713      	str	r7, [sp, #76]	; 0x4c
20002f98:	0027      	movs	r7, r4
20002f9a:	e01a      	b.n	20002fd2 <_vsnprintf+0x486>
20002f9c:	3701      	adds	r7, #1
20002f9e:	e7e6      	b.n	20002f6e <_vsnprintf+0x422>
20002fa0:	9b0a      	ldr	r3, [sp, #40]	; 0x28
20002fa2:	0022      	movs	r2, r4
20002fa4:	990c      	ldr	r1, [sp, #48]	; 0x30
20002fa6:	2020      	movs	r0, #32
20002fa8:	9c0b      	ldr	r4, [sp, #44]	; 0x2c
20002faa:	47a0      	blx	r4
20002fac:	9b13      	ldr	r3, [sp, #76]	; 0x4c
20002fae:	1c5a      	adds	r2, r3, #1
20002fb0:	9213      	str	r2, [sp, #76]	; 0x4c
20002fb2:	9a0d      	ldr	r2, [sp, #52]	; 0x34
20002fb4:	1bec      	subs	r4, r5, r7
20002fb6:	18e4      	adds	r4, r4, r3
20002fb8:	429a      	cmp	r2, r3
20002fba:	d8f1      	bhi.n	20002fa0 <_vsnprintf+0x454>
20002fbc:	e7ec      	b.n	20002f98 <_vsnprintf+0x44c>
20002fbe:	003b      	movs	r3, r7
20002fc0:	e7f5      	b.n	20002fae <_vsnprintf+0x462>
20002fc2:	001e      	movs	r6, r3
20002fc4:	1c7d      	adds	r5, r7, #1
20002fc6:	003a      	movs	r2, r7
20002fc8:	9b0a      	ldr	r3, [sp, #40]	; 0x28
20002fca:	9f0b      	ldr	r7, [sp, #44]	; 0x2c
20002fcc:	990c      	ldr	r1, [sp, #48]	; 0x30
20002fce:	47b8      	blx	r7
20002fd0:	002f      	movs	r7, r5
20002fd2:	9b0f      	ldr	r3, [sp, #60]	; 0x3c
20002fd4:	1b1b      	subs	r3, r3, r4
20002fd6:	5dd8      	ldrb	r0, [r3, r7]
20002fd8:	2800      	cmp	r0, #0
20002fda:	d005      	beq.n	20002fe8 <_vsnprintf+0x49c>
20002fdc:	9b14      	ldr	r3, [sp, #80]	; 0x50
20002fde:	2b00      	cmp	r3, #0
20002fe0:	d0f0      	beq.n	20002fc4 <_vsnprintf+0x478>
20002fe2:	1e73      	subs	r3, r6, #1
20002fe4:	2e00      	cmp	r6, #0
20002fe6:	d1ec      	bne.n	20002fc2 <_vsnprintf+0x476>
20002fe8:	9b15      	ldr	r3, [sp, #84]	; 0x54
20002fea:	003d      	movs	r5, r7
20002fec:	2b00      	cmp	r3, #0
20002fee:	d109      	bne.n	20003004 <_vsnprintf+0x4b8>
20002ff0:	9f12      	ldr	r7, [sp, #72]	; 0x48
20002ff2:	e6ce      	b.n	20002d92 <_vsnprintf+0x246>
20002ff4:	1c6c      	adds	r4, r5, #1
20002ff6:	002a      	movs	r2, r5
20002ff8:	9b0a      	ldr	r3, [sp, #40]	; 0x28
20002ffa:	9d0b      	ldr	r5, [sp, #44]	; 0x2c
20002ffc:	990c      	ldr	r1, [sp, #48]	; 0x30
20002ffe:	2020      	movs	r0, #32
20003000:	47a8      	blx	r5
20003002:	0025      	movs	r5, r4
20003004:	9b13      	ldr	r3, [sp, #76]	; 0x4c
20003006:	9a0d      	ldr	r2, [sp, #52]	; 0x34
20003008:	1bdb      	subs	r3, r3, r7
2000300a:	195b      	adds	r3, r3, r5
2000300c:	429a      	cmp	r2, r3
2000300e:	d8f1      	bhi.n	20002ff4 <_vsnprintf+0x4a8>
20003010:	e7ee      	b.n	20002ff0 <_vsnprintf+0x4a4>
20003012:	2308      	movs	r3, #8
20003014:	e6fc      	b.n	20002e10 <_vsnprintf+0x2c4>
20003016:	2302      	movs	r3, #2
20003018:	e6fa      	b.n	20002e10 <_vsnprintf+0x2c4>
2000301a:	46c0      	nop			; (mov r8, r8)

2000301c <vfctprintf>:
2000301c:	b51f      	push	{r0, r1, r2, r3, r4, lr}
2000301e:	9103      	str	r1, [sp, #12]
20003020:	2101      	movs	r1, #1
20003022:	9002      	str	r0, [sp, #8]
20003024:	9300      	str	r3, [sp, #0]
20003026:	4804      	ldr	r0, [pc, #16]	; (20003038 <vfctprintf+0x1c>)
20003028:	0013      	movs	r3, r2
2000302a:	424a      	negs	r2, r1
2000302c:	a902      	add	r1, sp, #8
2000302e:	f7ff fd8d 	bl	20002b4c <_vsnprintf>
20003032:	b005      	add	sp, #20
20003034:	bd00      	pop	{pc}
20003036:	46c0      	nop			; (mov r8, r8)
20003038:	2000245b 	.word	0x2000245b

2000303c <__aeabi_bits_init>:
2000303c:	4801      	ldr	r0, [pc, #4]	; (20003044 <__aeabi_bits_init+0x8>)
2000303e:	2104      	movs	r1, #4
20003040:	4b01      	ldr	r3, [pc, #4]	; (20003048 <__aeabi_bits_init+0xc>)
20003042:	4718      	bx	r3
20003044:	20004fa0 	.word	0x20004fa0
20003048:	2000306d 	.word	0x2000306d

2000304c <rom_func_lookup>:
2000304c:	2314      	movs	r3, #20
2000304e:	b510      	push	{r4, lr}
20003050:	0001      	movs	r1, r0
20003052:	8818      	ldrh	r0, [r3, #0]
20003054:	3304      	adds	r3, #4
20003056:	881b      	ldrh	r3, [r3, #0]
20003058:	4798      	blx	r3
2000305a:	bd10      	pop	{r4, pc}

2000305c <rom_data_lookup>:
2000305c:	2316      	movs	r3, #22
2000305e:	b510      	push	{r4, lr}
20003060:	0001      	movs	r1, r0
20003062:	8818      	ldrh	r0, [r3, #0]
20003064:	3302      	adds	r3, #2
20003066:	881b      	ldrh	r3, [r3, #0]
20003068:	4798      	blx	r3
2000306a:	bd10      	pop	{r4, pc}

2000306c <rom_funcs_lookup>:
2000306c:	b570      	push	{r4, r5, r6, lr}
2000306e:	0004      	movs	r4, r0
20003070:	2601      	movs	r6, #1
20003072:	0089      	lsls	r1, r1, #2
20003074:	1845      	adds	r5, r0, r1
20003076:	42ac      	cmp	r4, r5
20003078:	d101      	bne.n	2000307e <rom_funcs_lookup+0x12>
2000307a:	0030      	movs	r0, r6
2000307c:	bd70      	pop	{r4, r5, r6, pc}
2000307e:	6820      	ldr	r0, [r4, #0]
20003080:	f7ff ffe4 	bl	2000304c <rom_func_lookup>
20003084:	c401      	stmia	r4!, {r0}
20003086:	1e43      	subs	r3, r0, #1
20003088:	4198      	sbcs	r0, r3
2000308a:	4240      	negs	r0, r0
2000308c:	4006      	ands	r6, r0
2000308e:	e7f2      	b.n	20003076 <rom_funcs_lookup+0xa>

20003090 <__wrap___aeabi_idiv>:
20003090:	4a12      	ldr	r2, [pc, #72]	; (200030dc <divmod_s32s32_savestate+0x18>)
20003092:	6f93      	ldr	r3, [r2, #120]	; 0x78
20003094:	089b      	lsrs	r3, r3, #2
20003096:	d215      	bcs.n	200030c4 <divmod_s32s32_savestate>

20003098 <divmod_s32s32_unsafe>:
20003098:	6690      	str	r0, [r2, #104]	; 0x68
2000309a:	66d1      	str	r1, [r2, #108]	; 0x6c
2000309c:	2900      	cmp	r1, #0
2000309e:	d005      	beq.n	200030ac <divmod_s32s32_unsafe+0x14>
200030a0:	e7ff      	b.n	200030a2 <divmod_s32s32_unsafe+0xa>
200030a2:	e7ff      	b.n	200030a4 <divmod_s32s32_unsafe+0xc>
200030a4:	e7ff      	b.n	200030a6 <divmod_s32s32_unsafe+0xe>
200030a6:	6f51      	ldr	r1, [r2, #116]	; 0x74
200030a8:	6f10      	ldr	r0, [r2, #112]	; 0x70
200030aa:	4770      	bx	lr
200030ac:	b504      	push	{r2, lr}
200030ae:	2180      	movs	r1, #128	; 0x80
200030b0:	0609      	lsls	r1, r1, #24
200030b2:	17c2      	asrs	r2, r0, #31
200030b4:	4051      	eors	r1, r2
200030b6:	2800      	cmp	r0, #0
200030b8:	d000      	beq.n	200030bc <divmod_s32s32_unsafe+0x24>
200030ba:	43c8      	mvns	r0, r1
200030bc:	f000 fd72 	bl	20003ba4 <__aeabi_idiv0>
200030c0:	2100      	movs	r1, #0
200030c2:	bd04      	pop	{r2, pc}

200030c4 <divmod_s32s32_savestate>:
200030c4:	b5f0      	push	{r4, r5, r6, r7, lr}
200030c6:	6e14      	ldr	r4, [r2, #96]	; 0x60
200030c8:	6e55      	ldr	r5, [r2, #100]	; 0x64
200030ca:	6f57      	ldr	r7, [r2, #116]	; 0x74
200030cc:	6f16      	ldr	r6, [r2, #112]	; 0x70
200030ce:	f7ff ffe3 	bl	20003098 <divmod_s32s32_unsafe>
200030d2:	6614      	str	r4, [r2, #96]	; 0x60
200030d4:	6655      	str	r5, [r2, #100]	; 0x64
200030d6:	6757      	str	r7, [r2, #116]	; 0x74
200030d8:	6716      	str	r6, [r2, #112]	; 0x70
200030da:	bdf0      	pop	{r4, r5, r6, r7, pc}
200030dc:	d0000000 	.word	0xd0000000

200030e0 <__wrap___aeabi_uidiv>:
200030e0:	4a11      	ldr	r2, [pc, #68]	; (20003128 <divmod_u32u32_savestate+0x18>)
200030e2:	6f93      	ldr	r3, [r2, #120]	; 0x78
200030e4:	089b      	lsrs	r3, r3, #2
200030e6:	d213      	bcs.n	20003110 <divmod_u32u32_savestate>

200030e8 <divmod_u32u32_unsafe>:
200030e8:	6610      	str	r0, [r2, #96]	; 0x60
200030ea:	6651      	str	r1, [r2, #100]	; 0x64
200030ec:	2900      	cmp	r1, #0
200030ee:	d005      	beq.n	200030fc <divmod_u32u32_unsafe+0x14>
200030f0:	e7ff      	b.n	200030f2 <divmod_u32u32_unsafe+0xa>
200030f2:	e7ff      	b.n	200030f4 <divmod_u32u32_unsafe+0xc>
200030f4:	e7ff      	b.n	200030f6 <divmod_u32u32_unsafe+0xe>
200030f6:	6f51      	ldr	r1, [r2, #116]	; 0x74
200030f8:	6f10      	ldr	r0, [r2, #112]	; 0x70
200030fa:	4770      	bx	lr
200030fc:	b504      	push	{r2, lr}
200030fe:	2800      	cmp	r0, #0
20003100:	d001      	beq.n	20003106 <divmod_u32u32_unsafe+0x1e>
20003102:	2000      	movs	r0, #0
20003104:	43c0      	mvns	r0, r0
20003106:	f000 fd4d 	bl	20003ba4 <__aeabi_idiv0>
2000310a:	2100      	movs	r1, #0
2000310c:	bd04      	pop	{r2, pc}
2000310e:	46c0      	nop			; (mov r8, r8)

20003110 <divmod_u32u32_savestate>:
20003110:	b5f0      	push	{r4, r5, r6, r7, lr}
20003112:	6e14      	ldr	r4, [r2, #96]	; 0x60
20003114:	6e55      	ldr	r5, [r2, #100]	; 0x64
20003116:	6f57      	ldr	r7, [r2, #116]	; 0x74
20003118:	6f16      	ldr	r6, [r2, #112]	; 0x70
2000311a:	f7ff ffe5 	bl	200030e8 <divmod_u32u32_unsafe>
2000311e:	6614      	str	r4, [r2, #96]	; 0x60
20003120:	6655      	str	r5, [r2, #100]	; 0x64
20003122:	6757      	str	r7, [r2, #116]	; 0x74
20003124:	6716      	str	r6, [r2, #112]	; 0x70
20003126:	bdf0      	pop	{r4, r5, r6, r7, pc}
20003128:	d0000000 	.word	0xd0000000

2000312c <__wrap___aeabi_ldivmod>:
2000312c:	4694      	mov	ip, r2
2000312e:	4a4a      	ldr	r2, [pc, #296]	; (20003258 <udiv0+0x1a>)
20003130:	6f92      	ldr	r2, [r2, #120]	; 0x78
20003132:	0892      	lsrs	r2, r2, #2
20003134:	4662      	mov	r2, ip
20003136:	d201      	bcs.n	2000313c <divmod_s64s64_savestate>
20003138:	e028      	b.n	2000318c <divmod_s64s64_unsafe>
2000313a:	46c0      	nop			; (mov r8, r8)

2000313c <divmod_s64s64_savestate>:
2000313c:	b5f0      	push	{r4, r5, r6, r7, lr}
2000313e:	4e46      	ldr	r6, [pc, #280]	; (20003258 <udiv0+0x1a>)
20003140:	6e34      	ldr	r4, [r6, #96]	; 0x60
20003142:	6e75      	ldr	r5, [r6, #100]	; 0x64
20003144:	6f77      	ldr	r7, [r6, #116]	; 0x74
20003146:	6f36      	ldr	r6, [r6, #112]	; 0x70
20003148:	f000 f820 	bl	2000318c <divmod_s64s64_unsafe>
2000314c:	4694      	mov	ip, r2
2000314e:	4a42      	ldr	r2, [pc, #264]	; (20003258 <udiv0+0x1a>)
20003150:	6614      	str	r4, [r2, #96]	; 0x60
20003152:	6655      	str	r5, [r2, #100]	; 0x64
20003154:	6757      	str	r7, [r2, #116]	; 0x74
20003156:	6716      	str	r6, [r2, #112]	; 0x70
20003158:	4662      	mov	r2, ip
2000315a:	bdf0      	pop	{r4, r5, r6, r7, pc}

2000315c <__wrap___aeabi_uldivmod>:
2000315c:	4694      	mov	ip, r2
2000315e:	4a3e      	ldr	r2, [pc, #248]	; (20003258 <udiv0+0x1a>)
20003160:	6f92      	ldr	r2, [r2, #120]	; 0x78
20003162:	0892      	lsrs	r2, r2, #2
20003164:	4662      	mov	r2, ip
20003166:	d201      	bcs.n	2000316c <divmod_u64u64_savestate>
20003168:	e054      	b.n	20003214 <divmod_u64u64_unsafe>
2000316a:	46c0      	nop			; (mov r8, r8)

2000316c <divmod_u64u64_savestate>:
2000316c:	b5f0      	push	{r4, r5, r6, r7, lr}
2000316e:	4e3a      	ldr	r6, [pc, #232]	; (20003258 <udiv0+0x1a>)
20003170:	6e34      	ldr	r4, [r6, #96]	; 0x60
20003172:	6e75      	ldr	r5, [r6, #100]	; 0x64
20003174:	6f77      	ldr	r7, [r6, #116]	; 0x74
20003176:	6f36      	ldr	r6, [r6, #112]	; 0x70
20003178:	f000 f84c 	bl	20003214 <divmod_u64u64_unsafe>
2000317c:	4694      	mov	ip, r2
2000317e:	4a36      	ldr	r2, [pc, #216]	; (20003258 <udiv0+0x1a>)
20003180:	6614      	str	r4, [r2, #96]	; 0x60
20003182:	6655      	str	r5, [r2, #100]	; 0x64
20003184:	6757      	str	r7, [r2, #116]	; 0x74
20003186:	6716      	str	r6, [r2, #112]	; 0x70
20003188:	4662      	mov	r2, ip
2000318a:	bdf0      	pop	{r4, r5, r6, r7, pc}

2000318c <divmod_s64s64_unsafe>:
2000318c:	2b00      	cmp	r3, #0
2000318e:	db24      	blt.n	200031da <l42_1+0x26>
20003190:	d011      	beq.n	200031b6 <l42_1+0x2>
20003192:	2900      	cmp	r1, #0
20003194:	da3e      	bge.n	20003214 <divmod_u64u64_unsafe>
20003196:	b500      	push	{lr}
20003198:	43c9      	mvns	r1, r1
2000319a:	4240      	negs	r0, r0
2000319c:	d100      	bne.n	200031a0 <l40_1>
2000319e:	3101      	adds	r1, #1

200031a0 <l40_1>:
200031a0:	f000 f838 	bl	20003214 <divmod_u64u64_unsafe>
200031a4:	43c9      	mvns	r1, r1
200031a6:	4240      	negs	r0, r0
200031a8:	d100      	bne.n	200031ac <l41_1>
200031aa:	3101      	adds	r1, #1

200031ac <l41_1>:
200031ac:	43db      	mvns	r3, r3
200031ae:	4252      	negs	r2, r2
200031b0:	d100      	bne.n	200031b4 <l42_1>
200031b2:	3301      	adds	r3, #1

200031b4 <l42_1>:
200031b4:	bd00      	pop	{pc}
200031b6:	2a00      	cmp	r2, #0
200031b8:	d1eb      	bne.n	20003192 <divmod_s64s64_unsafe+0x6>
200031ba:	2800      	cmp	r0, #0
200031bc:	d101      	bne.n	200031c2 <l42_1+0xe>
200031be:	2900      	cmp	r1, #0
200031c0:	d005      	beq.n	200031ce <l42_1+0x1a>
200031c2:	2000      	movs	r0, #0
200031c4:	0fc9      	lsrs	r1, r1, #31
200031c6:	07c9      	lsls	r1, r1, #31
200031c8:	d101      	bne.n	200031ce <l42_1+0x1a>
200031ca:	43c0      	mvns	r0, r0
200031cc:	0841      	lsrs	r1, r0, #1
200031ce:	b500      	push	{lr}
200031d0:	f000 fce8 	bl	20003ba4 <__aeabi_idiv0>
200031d4:	2200      	movs	r2, #0
200031d6:	2300      	movs	r3, #0
200031d8:	bd00      	pop	{pc}
200031da:	b500      	push	{lr}
200031dc:	2900      	cmp	r1, #0
200031de:	db0a      	blt.n	200031f6 <l44_1+0x2>
200031e0:	43db      	mvns	r3, r3
200031e2:	4252      	negs	r2, r2
200031e4:	d100      	bne.n	200031e8 <l43_1>
200031e6:	3301      	adds	r3, #1

200031e8 <l43_1>:
200031e8:	f000 f814 	bl	20003214 <divmod_u64u64_unsafe>
200031ec:	43c9      	mvns	r1, r1
200031ee:	4240      	negs	r0, r0
200031f0:	d100      	bne.n	200031f4 <l44_1>
200031f2:	3101      	adds	r1, #1

200031f4 <l44_1>:
200031f4:	bd00      	pop	{pc}
200031f6:	43c9      	mvns	r1, r1
200031f8:	4240      	negs	r0, r0
200031fa:	d100      	bne.n	200031fe <l45_1>
200031fc:	3101      	adds	r1, #1

200031fe <l45_1>:
200031fe:	43db      	mvns	r3, r3
20003200:	4252      	negs	r2, r2
20003202:	d100      	bne.n	20003206 <l46_1>
20003204:	3301      	adds	r3, #1

20003206 <l46_1>:
20003206:	f000 f805 	bl	20003214 <divmod_u64u64_unsafe>
2000320a:	43db      	mvns	r3, r3
2000320c:	4252      	negs	r2, r2
2000320e:	d100      	bne.n	20003212 <l47_1>
20003210:	3301      	adds	r3, #1

20003212 <l47_1>:
20003212:	bd00      	pop	{pc}

20003214 <divmod_u64u64_unsafe>:
20003214:	2900      	cmp	r1, #0
20003216:	d123      	bne.n	20003260 <y64>
20003218:	2b00      	cmp	r3, #0
2000321a:	d118      	bne.n	2000324e <udiv0+0x10>
2000321c:	2a00      	cmp	r2, #0
2000321e:	d00c      	beq.n	2000323a <divmod_u64u64_unsafe+0x26>
20003220:	46bc      	mov	ip, r7
20003222:	4f0d      	ldr	r7, [pc, #52]	; (20003258 <udiv0+0x1a>)
20003224:	6638      	str	r0, [r7, #96]	; 0x60
20003226:	667a      	str	r2, [r7, #100]	; 0x64
20003228:	2100      	movs	r1, #0
2000322a:	2300      	movs	r3, #0
2000322c:	e7ff      	b.n	2000322e <divmod_u64u64_unsafe+0x1a>
2000322e:	e7ff      	b.n	20003230 <divmod_u64u64_unsafe+0x1c>
20003230:	e7ff      	b.n	20003232 <divmod_u64u64_unsafe+0x1e>
20003232:	6f7a      	ldr	r2, [r7, #116]	; 0x74
20003234:	6f38      	ldr	r0, [r7, #112]	; 0x70
20003236:	4667      	mov	r7, ip
20003238:	4770      	bx	lr
2000323a:	2800      	cmp	r0, #0
2000323c:	d001      	beq.n	20003242 <udiv0+0x4>

2000323e <udiv0>:
2000323e:	4807      	ldr	r0, [pc, #28]	; (2000325c <udiv0+0x1e>)
20003240:	0001      	movs	r1, r0
20003242:	b500      	push	{lr}
20003244:	f000 fcae 	bl	20003ba4 <__aeabi_idiv0>
20003248:	2200      	movs	r2, #0
2000324a:	2300      	movs	r3, #0
2000324c:	bd00      	pop	{pc}
2000324e:	0002      	movs	r2, r0
20003250:	000b      	movs	r3, r1
20003252:	2000      	movs	r0, #0
20003254:	2100      	movs	r1, #0
20003256:	4770      	bx	lr
20003258:	d0000000 	.word	0xd0000000
2000325c:	ffffffff 	.word	0xffffffff

20003260 <y64>:
20003260:	2b00      	cmp	r3, #0
20003262:	d000      	beq.n	20003266 <y64+0x6>
20003264:	e0bf      	b.n	200033e6 <y64_x48>
20003266:	0c13      	lsrs	r3, r2, #16
20003268:	d128      	bne.n	200032bc <y64_x32>
2000326a:	2a00      	cmp	r2, #0
2000326c:	d0e7      	beq.n	2000323e <udiv0>
2000326e:	b480      	push	{r7}
20003270:	4f11      	ldr	r7, [pc, #68]	; (200032b8 <y64+0x58>)
20003272:	6639      	str	r1, [r7, #96]	; 0x60
20003274:	667a      	str	r2, [r7, #100]	; 0x64
20003276:	e7ff      	b.n	20003278 <y64+0x18>
20003278:	e7ff      	b.n	2000327a <y64+0x1a>
2000327a:	b430      	push	{r4, r5}
2000327c:	0c04      	lsrs	r4, r0, #16
2000327e:	6f7b      	ldr	r3, [r7, #116]	; 0x74
20003280:	6f39      	ldr	r1, [r7, #112]	; 0x70
20003282:	041b      	lsls	r3, r3, #16
20003284:	4323      	orrs	r3, r4
20003286:	663b      	str	r3, [r7, #96]	; 0x60
20003288:	667a      	str	r2, [r7, #100]	; 0x64
2000328a:	e7ff      	b.n	2000328c <y64+0x2c>
2000328c:	e7ff      	b.n	2000328e <y64+0x2e>
2000328e:	e7ff      	b.n	20003290 <y64+0x30>
20003290:	46c0      	nop			; (mov r8, r8)
20003292:	b284      	uxth	r4, r0
20003294:	6f7b      	ldr	r3, [r7, #116]	; 0x74
20003296:	6f3d      	ldr	r5, [r7, #112]	; 0x70
20003298:	041b      	lsls	r3, r3, #16
2000329a:	4323      	orrs	r3, r4
2000329c:	663b      	str	r3, [r7, #96]	; 0x60
2000329e:	667a      	str	r2, [r7, #100]	; 0x64
200032a0:	e7ff      	b.n	200032a2 <y64+0x42>
200032a2:	e7ff      	b.n	200032a4 <y64+0x44>
200032a4:	46c0      	nop			; (mov r8, r8)
200032a6:	2300      	movs	r3, #0
200032a8:	042c      	lsls	r4, r5, #16
200032aa:	0c2d      	lsrs	r5, r5, #16
200032ac:	6f7a      	ldr	r2, [r7, #116]	; 0x74
200032ae:	6f38      	ldr	r0, [r7, #112]	; 0x70
200032b0:	1900      	adds	r0, r0, r4
200032b2:	4169      	adcs	r1, r5
200032b4:	bcb0      	pop	{r4, r5, r7}
200032b6:	4770      	bx	lr
200032b8:	d0000000 	.word	0xd0000000

200032bc <y64_x32>:
200032bc:	b5f0      	push	{r4, r5, r6, r7, lr}
200032be:	4694      	mov	ip, r2
200032c0:	2500      	movs	r5, #0
200032c2:	0e14      	lsrs	r4, r2, #24
200032c4:	d101      	bne.n	200032ca <y64_x32+0xe>
200032c6:	0212      	lsls	r2, r2, #8
200032c8:	3508      	adds	r5, #8
200032ca:	0f14      	lsrs	r4, r2, #28
200032cc:	d101      	bne.n	200032d2 <y64_x32+0x16>
200032ce:	0112      	lsls	r2, r2, #4
200032d0:	3504      	adds	r5, #4
200032d2:	0f94      	lsrs	r4, r2, #30
200032d4:	d101      	bne.n	200032da <y64_x32+0x1e>
200032d6:	0092      	lsls	r2, r2, #2
200032d8:	3502      	adds	r5, #2
200032da:	0fd4      	lsrs	r4, r2, #31
200032dc:	d101      	bne.n	200032e2 <y64_x32+0x26>
200032de:	0052      	lsls	r2, r2, #1
200032e0:	3501      	adds	r5, #1
200032e2:	0bd4      	lsrs	r4, r2, #15
200032e4:	3401      	adds	r4, #1
200032e6:	4f25      	ldr	r7, [pc, #148]	; (2000337c <y64_x32+0xc0>)
200032e8:	667c      	str	r4, [r7, #100]	; 0x64
200032ea:	4c25      	ldr	r4, [pc, #148]	; (20003380 <y64_x32+0xc4>)
200032ec:	663c      	str	r4, [r7, #96]	; 0x60
200032ee:	0c0e      	lsrs	r6, r1, #16
200032f0:	b293      	uxth	r3, r2
200032f2:	e7ff      	b.n	200032f4 <y64_x32+0x38>
200032f4:	e7ff      	b.n	200032f6 <y64_x32+0x3a>
200032f6:	e7ff      	b.n	200032f8 <y64_x32+0x3c>
200032f8:	6f3c      	ldr	r4, [r7, #112]	; 0x70
200032fa:	4366      	muls	r6, r4
200032fc:	0c36      	lsrs	r6, r6, #16
200032fe:	0377      	lsls	r7, r6, #13
20003300:	46be      	mov	lr, r7
20003302:	4373      	muls	r3, r6
20003304:	0bdf      	lsrs	r7, r3, #15
20003306:	045b      	lsls	r3, r3, #17
20003308:	1ac0      	subs	r0, r0, r3
2000330a:	41b9      	sbcs	r1, r7
2000330c:	0c13      	lsrs	r3, r2, #16
2000330e:	4373      	muls	r3, r6
20003310:	18db      	adds	r3, r3, r3
20003312:	1ac9      	subs	r1, r1, r3
20003314:	08ce      	lsrs	r6, r1, #3
20003316:	4366      	muls	r6, r4
20003318:	0c36      	lsrs	r6, r6, #16
2000331a:	44b6      	add	lr, r6
2000331c:	b293      	uxth	r3, r2
2000331e:	4373      	muls	r3, r6
20003320:	0f1f      	lsrs	r7, r3, #28
20003322:	011b      	lsls	r3, r3, #4
20003324:	1ac0      	subs	r0, r0, r3
20003326:	41b9      	sbcs	r1, r7
20003328:	0c13      	lsrs	r3, r2, #16
2000332a:	4373      	muls	r3, r6
2000332c:	0b1f      	lsrs	r7, r3, #12
2000332e:	051b      	lsls	r3, r3, #20
20003330:	1ac0      	subs	r0, r0, r3
20003332:	41b9      	sbcs	r1, r7
20003334:	0d86      	lsrs	r6, r0, #22
20003336:	028f      	lsls	r7, r1, #10
20003338:	433e      	orrs	r6, r7
2000333a:	4366      	muls	r6, r4
2000333c:	0c36      	lsrs	r6, r6, #16
2000333e:	2d09      	cmp	r5, #9
20003340:	db24      	blt.n	2000338c <last0>
20003342:	0a52      	lsrs	r2, r2, #9
20003344:	4372      	muls	r2, r6
20003346:	1a80      	subs	r0, r0, r2
20003348:	0377      	lsls	r7, r6, #13
2000334a:	0a46      	lsrs	r6, r0, #9
2000334c:	4366      	muls	r6, r4
2000334e:	0c36      	lsrs	r6, r6, #16
20003350:	2316      	movs	r3, #22
20003352:	1b5b      	subs	r3, r3, r5
20003354:	40de      	lsrs	r6, r3
20003356:	40df      	lsrs	r7, r3
20003358:	19bf      	adds	r7, r7, r6
2000335a:	4664      	mov	r4, ip
2000335c:	4366      	muls	r6, r4
2000335e:	1b82      	subs	r2, r0, r6
20003360:	4670      	mov	r0, lr
20003362:	3504      	adds	r5, #4
20003364:	3306      	adds	r3, #6
20003366:	0001      	movs	r1, r0
20003368:	40d9      	lsrs	r1, r3
2000336a:	40a8      	lsls	r0, r5
2000336c:	19c0      	adds	r0, r0, r7
2000336e:	d300      	bcc.n	20003372 <y64_x32+0xb6>
20003370:	3101      	adds	r1, #1
20003372:	42a2      	cmp	r2, r4
20003374:	d206      	bcs.n	20003384 <y64_x32+0xc8>
20003376:	2300      	movs	r3, #0
20003378:	bdf0      	pop	{r4, r5, r6, r7, pc}
2000337a:	0000      	.short	0x0000
2000337c:	d0000000 	.word	0xd0000000
20003380:	ffffffff 	.word	0xffffffff
20003384:	1b12      	subs	r2, r2, r4
20003386:	3001      	adds	r0, #1
20003388:	d3f3      	bcc.n	20003372 <y64_x32+0xb6>
2000338a:	e7f1      	b.n	20003370 <y64_x32+0xb4>

2000338c <last0>:
2000338c:	2709      	movs	r7, #9
2000338e:	1b7f      	subs	r7, r7, r5
20003390:	40fe      	lsrs	r6, r7
20003392:	4664      	mov	r4, ip
20003394:	b2a2      	uxth	r2, r4
20003396:	4372      	muls	r2, r6
20003398:	1a80      	subs	r0, r0, r2
2000339a:	d200      	bcs.n	2000339e <last0+0x12>
2000339c:	3901      	subs	r1, #1
2000339e:	0c22      	lsrs	r2, r4, #16
200033a0:	4372      	muls	r2, r6
200033a2:	0c13      	lsrs	r3, r2, #16
200033a4:	0412      	lsls	r2, r2, #16
200033a6:	1a82      	subs	r2, r0, r2
200033a8:	4199      	sbcs	r1, r3
200033aa:	000b      	movs	r3, r1
200033ac:	4670      	mov	r0, lr
200033ae:	3504      	adds	r5, #4
200033b0:	3713      	adds	r7, #19
200033b2:	0001      	movs	r1, r0
200033b4:	40f9      	lsrs	r1, r7
200033b6:	40a8      	lsls	r0, r5
200033b8:	1980      	adds	r0, r0, r6
200033ba:	d300      	bcc.n	200033be <last0+0x32>
200033bc:	3101      	adds	r1, #1
200033be:	2b00      	cmp	r3, #0
200033c0:	d102      	bne.n	200033c8 <last0+0x3c>
200033c2:	42a2      	cmp	r2, r4
200033c4:	d20a      	bcs.n	200033dc <last0+0x50>
200033c6:	bdf0      	pop	{r4, r5, r6, r7, pc}
200033c8:	3001      	adds	r0, #1
200033ca:	d300      	bcc.n	200033ce <last0+0x42>
200033cc:	3101      	adds	r1, #1
200033ce:	1b12      	subs	r2, r2, r4
200033d0:	d2fa      	bcs.n	200033c8 <last0+0x3c>
200033d2:	3b01      	subs	r3, #1
200033d4:	d1f8      	bne.n	200033c8 <last0+0x3c>
200033d6:	42a2      	cmp	r2, r4
200033d8:	d200      	bcs.n	200033dc <last0+0x50>
200033da:	bdf0      	pop	{r4, r5, r6, r7, pc}
200033dc:	3001      	adds	r0, #1
200033de:	d300      	bcc.n	200033e2 <last0+0x56>
200033e0:	3101      	adds	r1, #1
200033e2:	1b12      	subs	r2, r2, r4
200033e4:	e7f7      	b.n	200033d6 <last0+0x4a>

200033e6 <y64_x48>:
200033e6:	b5f0      	push	{r4, r5, r6, r7, lr}
200033e8:	0c1c      	lsrs	r4, r3, #16
200033ea:	d000      	beq.n	200033ee <y64_x48+0x8>
200033ec:	e080      	b.n	200034f0 <y64_x64>
200033ee:	b40c      	push	{r2, r3}
200033f0:	2500      	movs	r5, #0
200033f2:	0a1c      	lsrs	r4, r3, #8
200033f4:	d104      	bne.n	20003400 <y64_x48+0x1a>
200033f6:	021b      	lsls	r3, r3, #8
200033f8:	0e16      	lsrs	r6, r2, #24
200033fa:	4333      	orrs	r3, r6
200033fc:	0212      	lsls	r2, r2, #8
200033fe:	3508      	adds	r5, #8
20003400:	0b1c      	lsrs	r4, r3, #12
20003402:	d104      	bne.n	2000340e <y64_x48+0x28>
20003404:	011b      	lsls	r3, r3, #4
20003406:	0f16      	lsrs	r6, r2, #28
20003408:	4333      	orrs	r3, r6
2000340a:	0112      	lsls	r2, r2, #4
2000340c:	3504      	adds	r5, #4
2000340e:	0b9c      	lsrs	r4, r3, #14
20003410:	d104      	bne.n	2000341c <y64_x48+0x36>
20003412:	009b      	lsls	r3, r3, #2
20003414:	0f96      	lsrs	r6, r2, #30
20003416:	4333      	orrs	r3, r6
20003418:	0092      	lsls	r2, r2, #2
2000341a:	3502      	adds	r5, #2
2000341c:	0bdc      	lsrs	r4, r3, #15
2000341e:	d102      	bne.n	20003426 <y64_x48+0x40>
20003420:	1892      	adds	r2, r2, r2
20003422:	415b      	adcs	r3, r3
20003424:	3501      	adds	r5, #1
20003426:	001c      	movs	r4, r3
20003428:	1897      	adds	r7, r2, r2
2000342a:	4164      	adcs	r4, r4
2000342c:	3401      	adds	r4, #1
2000342e:	4f46      	ldr	r7, [pc, #280]	; (20003548 <y64_x64+0x58>)
20003430:	667c      	str	r4, [r7, #100]	; 0x64
20003432:	4c46      	ldr	r4, [pc, #280]	; (2000354c <y64_x64+0x5c>)
20003434:	663c      	str	r4, [r7, #96]	; 0x60
20003436:	0c0e      	lsrs	r6, r1, #16
20003438:	e7ff      	b.n	2000343a <y64_x48+0x54>
2000343a:	e7ff      	b.n	2000343c <y64_x48+0x56>
2000343c:	e7ff      	b.n	2000343e <y64_x48+0x58>
2000343e:	46c0      	nop			; (mov r8, r8)
20003440:	6f3c      	ldr	r4, [r7, #112]	; 0x70
20003442:	4366      	muls	r6, r4
20003444:	0c36      	lsrs	r6, r6, #16
20003446:	0377      	lsls	r7, r6, #13
20003448:	46be      	mov	lr, r7
2000344a:	b297      	uxth	r7, r2
2000344c:	4377      	muls	r7, r6
2000344e:	1bc0      	subs	r0, r0, r7
20003450:	d200      	bcs.n	20003454 <y64_x48+0x6e>
20003452:	3901      	subs	r1, #1
20003454:	1bc0      	subs	r0, r0, r7
20003456:	d200      	bcs.n	2000345a <y64_x48+0x74>
20003458:	3901      	subs	r1, #1
2000345a:	b29f      	uxth	r7, r3
2000345c:	4377      	muls	r7, r6
2000345e:	1bc9      	subs	r1, r1, r7
20003460:	1bc9      	subs	r1, r1, r7
20003462:	0c17      	lsrs	r7, r2, #16
20003464:	4377      	muls	r7, r6
20003466:	047e      	lsls	r6, r7, #17
20003468:	0bff      	lsrs	r7, r7, #15
2000346a:	1b80      	subs	r0, r0, r6
2000346c:	41b9      	sbcs	r1, r7
2000346e:	08ce      	lsrs	r6, r1, #3
20003470:	4366      	muls	r6, r4
20003472:	0c36      	lsrs	r6, r6, #16
20003474:	2d0c      	cmp	r5, #12
20003476:	db33      	blt.n	200034e0 <last1>
20003478:	44b6      	add	lr, r6
2000347a:	0b12      	lsrs	r2, r2, #12
2000347c:	051f      	lsls	r7, r3, #20
2000347e:	433a      	orrs	r2, r7
20003480:	0b1b      	lsrs	r3, r3, #12
20003482:	b297      	uxth	r7, r2
20003484:	4377      	muls	r7, r6
20003486:	1bc0      	subs	r0, r0, r7
20003488:	d200      	bcs.n	2000348c <y64_x48+0xa6>
2000348a:	3901      	subs	r1, #1
2000348c:	b29f      	uxth	r7, r3
2000348e:	4377      	muls	r7, r6
20003490:	1bc9      	subs	r1, r1, r7
20003492:	0c17      	lsrs	r7, r2, #16
20003494:	4377      	muls	r7, r6
20003496:	043e      	lsls	r6, r7, #16
20003498:	0c3f      	lsrs	r7, r7, #16
2000349a:	1b80      	subs	r0, r0, r6
2000349c:	41b9      	sbcs	r1, r7
2000349e:	0d86      	lsrs	r6, r0, #22
200034a0:	028f      	lsls	r7, r1, #10
200034a2:	433e      	orrs	r6, r7
200034a4:	4366      	muls	r6, r4
200034a6:	2729      	movs	r7, #41	; 0x29
200034a8:	1b7f      	subs	r7, r7, r5
200034aa:	40fe      	lsrs	r6, r7
200034ac:	3d0c      	subs	r5, #12
200034ae:	4677      	mov	r7, lr
200034b0:	40af      	lsls	r7, r5
200034b2:	19bf      	adds	r7, r7, r6
200034b4:	bc30      	pop	{r4, r5}
200034b6:	b2a2      	uxth	r2, r4
200034b8:	b2ab      	uxth	r3, r5
200034ba:	4372      	muls	r2, r6
200034bc:	4373      	muls	r3, r6
200034be:	1a80      	subs	r0, r0, r2
200034c0:	4199      	sbcs	r1, r3
200034c2:	0c22      	lsrs	r2, r4, #16
200034c4:	4372      	muls	r2, r6
200034c6:	0c13      	lsrs	r3, r2, #16
200034c8:	0412      	lsls	r2, r2, #16
200034ca:	1a80      	subs	r0, r0, r2
200034cc:	4199      	sbcs	r1, r3
200034ce:	0002      	movs	r2, r0
200034d0:	000b      	movs	r3, r1
200034d2:	3701      	adds	r7, #1
200034d4:	1b00      	subs	r0, r0, r4
200034d6:	41a9      	sbcs	r1, r5
200034d8:	d2f9      	bcs.n	200034ce <y64_x48+0xe8>
200034da:	1e78      	subs	r0, r7, #1
200034dc:	2100      	movs	r1, #0
200034de:	bdf0      	pop	{r4, r5, r6, r7, pc}

200034e0 <last1>:
200034e0:	270c      	movs	r7, #12
200034e2:	1b7f      	subs	r7, r7, r5
200034e4:	40fe      	lsrs	r6, r7
200034e6:	4677      	mov	r7, lr
200034e8:	0b7f      	lsrs	r7, r7, #13
200034ea:	40af      	lsls	r7, r5
200034ec:	19ff      	adds	r7, r7, r7
200034ee:	e7e0      	b.n	200034b2 <y64_x48+0xcc>

200034f0 <y64_x64>:
200034f0:	2400      	movs	r4, #0
200034f2:	1c5d      	adds	r5, r3, #1
200034f4:	d007      	beq.n	20003506 <y64_x64+0x16>
200034f6:	4f14      	ldr	r7, [pc, #80]	; (20003548 <y64_x64+0x58>)
200034f8:	667d      	str	r5, [r7, #100]	; 0x64
200034fa:	6639      	str	r1, [r7, #96]	; 0x60
200034fc:	e7ff      	b.n	200034fe <y64_x64+0xe>
200034fe:	e7ff      	b.n	20003500 <y64_x64+0x10>
20003500:	e7ff      	b.n	20003502 <y64_x64+0x12>
20003502:	e7ff      	b.n	20003504 <y64_x64+0x14>
20003504:	6f3c      	ldr	r4, [r7, #112]	; 0x70
20003506:	b295      	uxth	r5, r2
20003508:	b29e      	uxth	r6, r3
2000350a:	4365      	muls	r5, r4
2000350c:	4366      	muls	r6, r4
2000350e:	1b40      	subs	r0, r0, r5
20003510:	41b1      	sbcs	r1, r6
20003512:	0c15      	lsrs	r5, r2, #16
20003514:	0c1e      	lsrs	r6, r3, #16
20003516:	4365      	muls	r5, r4
20003518:	4366      	muls	r6, r4
2000351a:	0436      	lsls	r6, r6, #16
2000351c:	0c2f      	lsrs	r7, r5, #16
2000351e:	433e      	orrs	r6, r7
20003520:	042d      	lsls	r5, r5, #16
20003522:	1b40      	subs	r0, r0, r5
20003524:	41b1      	sbcs	r1, r6
20003526:	4299      	cmp	r1, r3
20003528:	d204      	bcs.n	20003534 <y64_x64+0x44>
2000352a:	0002      	movs	r2, r0
2000352c:	000b      	movs	r3, r1
2000352e:	0020      	movs	r0, r4
20003530:	2100      	movs	r1, #0
20003532:	bdf0      	pop	{r4, r5, r6, r7, pc}
20003534:	d101      	bne.n	2000353a <y64_x64+0x4a>
20003536:	4290      	cmp	r0, r2
20003538:	d3f7      	bcc.n	2000352a <y64_x64+0x3a>
2000353a:	1a80      	subs	r0, r0, r2
2000353c:	4199      	sbcs	r1, r3
2000353e:	3401      	adds	r4, #1
20003540:	4299      	cmp	r1, r3
20003542:	d3f2      	bcc.n	2000352a <y64_x64+0x3a>
20003544:	e7f6      	b.n	20003534 <y64_x64+0x44>
20003546:	0000      	.short	0x0000
20003548:	d0000000 	.word	0xd0000000
2000354c:	ffffffff 	.word	0xffffffff

20003550 <__wrap___aeabi_drsub>:
20003550:	4048      	eors	r0, r1
20003552:	4041      	eors	r1, r0
20003554:	4048      	eors	r0, r1

20003556 <__wrap___aeabi_dsub>:
20003556:	b418      	push	{r3, r4}
20003558:	4b13      	ldr	r3, [pc, #76]	; (200035a8 <__wrap___aeabi_dmul+0xa>)
2000355a:	685b      	ldr	r3, [r3, #4]
2000355c:	9301      	str	r3, [sp, #4]
2000355e:	bd08      	pop	{r3, pc}

20003560 <__wrap___aeabi_dadd>:
20003560:	b418      	push	{r3, r4}
20003562:	4b11      	ldr	r3, [pc, #68]	; (200035a8 <__wrap___aeabi_dmul+0xa>)
20003564:	681b      	ldr	r3, [r3, #0]
20003566:	9301      	str	r3, [sp, #4]
20003568:	bd08      	pop	{r3, pc}

2000356a <__wrap___aeabi_ddiv>:
2000356a:	4694      	mov	ip, r2
2000356c:	4a0f      	ldr	r2, [pc, #60]	; (200035ac <__wrap___aeabi_dmul+0xe>)
2000356e:	6f92      	ldr	r2, [r2, #120]	; 0x78
20003570:	0892      	lsrs	r2, r2, #2
20003572:	d205      	bcs.n	20003580 <ddiv_save_state>
20003574:	4662      	mov	r2, ip

20003576 <ddiv_shim_call>:
20003576:	b418      	push	{r3, r4}
20003578:	4b0b      	ldr	r3, [pc, #44]	; (200035a8 <__wrap___aeabi_dmul+0xa>)
2000357a:	68db      	ldr	r3, [r3, #12]
2000357c:	9301      	str	r3, [sp, #4]
2000357e:	bd08      	pop	{r3, pc}

20003580 <ddiv_save_state>:
20003580:	4a0a      	ldr	r2, [pc, #40]	; (200035ac <__wrap___aeabi_dmul+0xe>)
20003582:	b5f0      	push	{r4, r5, r6, r7, lr}
20003584:	6e14      	ldr	r4, [r2, #96]	; 0x60
20003586:	6e55      	ldr	r5, [r2, #100]	; 0x64
20003588:	6f57      	ldr	r7, [r2, #116]	; 0x74
2000358a:	6f16      	ldr	r6, [r2, #112]	; 0x70
2000358c:	4662      	mov	r2, ip
2000358e:	f7ff fff2 	bl	20003576 <ddiv_shim_call>
20003592:	4a06      	ldr	r2, [pc, #24]	; (200035ac <__wrap___aeabi_dmul+0xe>)
20003594:	6614      	str	r4, [r2, #96]	; 0x60
20003596:	6655      	str	r5, [r2, #100]	; 0x64
20003598:	6757      	str	r7, [r2, #116]	; 0x74
2000359a:	6716      	str	r6, [r2, #112]	; 0x70
2000359c:	bdf0      	pop	{r4, r5, r6, r7, pc}

2000359e <__wrap___aeabi_dmul>:
2000359e:	b418      	push	{r3, r4}
200035a0:	4b01      	ldr	r3, [pc, #4]	; (200035a8 <__wrap___aeabi_dmul+0xa>)
200035a2:	689b      	ldr	r3, [r3, #8]
200035a4:	9301      	str	r3, [sp, #4]
200035a6:	bd08      	pop	{r3, pc}
200035a8:	200052b4 	.word	0x200052b4
200035ac:	d0000000 	.word	0xd0000000

200035b0 <__wrap___aeabi_cdrcmple>:
200035b0:	b5ff      	push	{r0, r1, r2, r3, r4, r5, r6, r7, lr}
200035b2:	4050      	eors	r0, r2
200035b4:	4042      	eors	r2, r0
200035b6:	4050      	eors	r0, r2
200035b8:	4059      	eors	r1, r3
200035ba:	404b      	eors	r3, r1
200035bc:	4059      	eors	r1, r3
200035be:	e000      	b.n	200035c2 <__aeabi_dfcmple_guts>

200035c0 <__wrap___aeabi_cdcmpeq>:
200035c0:	b5ff      	push	{r0, r1, r2, r3, r4, r5, r6, r7, lr}

200035c2 <__aeabi_dfcmple_guts>:
200035c2:	4f15      	ldr	r7, [pc, #84]	; (20003618 <__aeabi_dfcmple_guts+0x56>)
200035c4:	004c      	lsls	r4, r1, #1
200035c6:	0d64      	lsrs	r4, r4, #21
200035c8:	d003      	beq.n	200035d2 <__aeabi_dfcmple_guts+0x10>
200035ca:	42bc      	cmp	r4, r7
200035cc:	d104      	bne.n	200035d8 <__aeabi_dfcmple_guts+0x16>
200035ce:	030c      	lsls	r4, r1, #12
200035d0:	d814      	bhi.n	200035fc <__aeabi_dfcmple_guts+0x3a>
200035d2:	2000      	movs	r0, #0
200035d4:	0d09      	lsrs	r1, r1, #20
200035d6:	0509      	lsls	r1, r1, #20
200035d8:	005c      	lsls	r4, r3, #1
200035da:	0d64      	lsrs	r4, r4, #21
200035dc:	d003      	beq.n	200035e6 <__aeabi_dfcmple_guts+0x24>
200035de:	42bc      	cmp	r4, r7
200035e0:	d104      	bne.n	200035ec <__aeabi_dfcmple_guts+0x2a>
200035e2:	031c      	lsls	r4, r3, #12
200035e4:	d80a      	bhi.n	200035fc <__aeabi_dfcmple_guts+0x3a>
200035e6:	2200      	movs	r2, #0
200035e8:	0d1b      	lsrs	r3, r3, #20
200035ea:	051b      	lsls	r3, r3, #20
200035ec:	2601      	movs	r6, #1
200035ee:	404b      	eors	r3, r1
200035f0:	d409      	bmi.n	20003606 <__aeabi_dfcmple_guts+0x44>
200035f2:	404b      	eors	r3, r1
200035f4:	d503      	bpl.n	200035fe <__aeabi_dfcmple_guts+0x3c>
200035f6:	428b      	cmp	r3, r1
200035f8:	d100      	bne.n	200035fc <__aeabi_dfcmple_guts+0x3a>
200035fa:	4282      	cmp	r2, r0
200035fc:	bdff      	pop	{r0, r1, r2, r3, r4, r5, r6, r7, pc}
200035fe:	4299      	cmp	r1, r3
20003600:	d1fc      	bne.n	200035fc <__aeabi_dfcmple_guts+0x3a>
20003602:	4290      	cmp	r0, r2
20003604:	bdff      	pop	{r0, r1, r2, r3, r4, r5, r6, r7, pc}
20003606:	430b      	orrs	r3, r1
20003608:	18db      	adds	r3, r3, r3
2000360a:	4303      	orrs	r3, r0
2000360c:	4313      	orrs	r3, r2
2000360e:	d0f5      	beq.n	200035fc <__aeabi_dfcmple_guts+0x3a>
20003610:	43c9      	mvns	r1, r1
20003612:	1849      	adds	r1, r1, r1
20003614:	bdff      	pop	{r0, r1, r2, r3, r4, r5, r6, r7, pc}
20003616:	0000      	.short	0x0000
20003618:	000007ff 	.word	0x000007ff

2000361c <__wrap___aeabi_dcmplt>:
2000361c:	b500      	push	{lr}
2000361e:	f7ff ffcf 	bl	200035c0 <__wrap___aeabi_cdcmpeq>
20003622:	4180      	sbcs	r0, r0
20003624:	bd00      	pop	{pc}
20003626:	46c0      	nop			; (mov r8, r8)

20003628 <__wrap___aeabi_dcmple>:
20003628:	b500      	push	{lr}
2000362a:	f7ff ffc9 	bl	200035c0 <__wrap___aeabi_cdcmpeq>
2000362e:	d901      	bls.n	20003634 <__wrap___aeabi_dcmple+0xc>
20003630:	2000      	movs	r0, #0
20003632:	bd00      	pop	{pc}
20003634:	2001      	movs	r0, #1
20003636:	bd00      	pop	{pc}

20003638 <__wrap___aeabi_dcmpge>:
20003638:	b500      	push	{lr}
2000363a:	f7ff ffb9 	bl	200035b0 <__wrap___aeabi_cdrcmple>
2000363e:	d901      	bls.n	20003644 <__wrap___aeabi_dcmpge+0xc>
20003640:	2000      	movs	r0, #0
20003642:	bd00      	pop	{pc}
20003644:	2001      	movs	r0, #1
20003646:	bd00      	pop	{pc}

20003648 <__wrap___aeabi_dcmpgt>:
20003648:	b500      	push	{lr}
2000364a:	f7ff ffb1 	bl	200035b0 <__wrap___aeabi_cdrcmple>
2000364e:	4180      	sbcs	r0, r0
20003650:	bd00      	pop	{pc}

20003652 <__wrap___aeabi_dcmpun>:
20003652:	2001      	movs	r0, #1
20003654:	0540      	lsls	r0, r0, #21
20003656:	004a      	lsls	r2, r1, #1
20003658:	1812      	adds	r2, r2, r0
2000365a:	d804      	bhi.n	20003666 <__wrap___aeabi_dcmpun+0x14>
2000365c:	005a      	lsls	r2, r3, #1
2000365e:	1812      	adds	r2, r2, r0
20003660:	d801      	bhi.n	20003666 <__wrap___aeabi_dcmpun+0x14>
20003662:	2000      	movs	r0, #0
20003664:	4770      	bx	lr
20003666:	2001      	movs	r0, #1
20003668:	4770      	bx	lr
2000366a:	2000      	movs	r0, #0
2000366c:	4770      	bx	lr
	...

20003670 <__wrap___aeabi_ui2d>:
20003670:	2100      	movs	r1, #0
20003672:	2800      	cmp	r0, #0
20003674:	d105      	bne.n	20003682 <__wrap___aeabi_i2d+0xa>
20003676:	4770      	bx	lr

20003678 <__wrap___aeabi_i2d>:
20003678:	17c1      	asrs	r1, r0, #31
2000367a:	4048      	eors	r0, r1
2000367c:	1a40      	subs	r0, r0, r1
2000367e:	d0fa      	beq.n	20003676 <__wrap___aeabi_ui2d+0x6>
20003680:	07c9      	lsls	r1, r1, #31
20003682:	b513      	push	{r0, r1, r4, lr}
20003684:	4b06      	ldr	r3, [pc, #24]	; (200036a0 <__wrap___aeabi_i2d+0x28>)
20003686:	681b      	ldr	r3, [r3, #0]
20003688:	4798      	blx	r3
2000368a:	bc0c      	pop	{r2, r3}
2000368c:	1c44      	adds	r4, r0, #1
2000368e:	40a2      	lsls	r2, r4
20003690:	0510      	lsls	r0, r2, #20
20003692:	0b12      	lsrs	r2, r2, #12
20003694:	4903      	ldr	r1, [pc, #12]	; (200036a4 <__wrap___aeabi_i2d+0x2c>)
20003696:	1b09      	subs	r1, r1, r4
20003698:	0509      	lsls	r1, r1, #20
2000369a:	4319      	orrs	r1, r3
2000369c:	4311      	orrs	r1, r2
2000369e:	bd10      	pop	{r4, pc}
200036a0:	20005250 	.word	0x20005250
200036a4:	0000041f 	.word	0x0000041f

200036a8 <__wrap___aeabi_d2iz>:
200036a8:	b510      	push	{r4, lr}
200036aa:	004c      	lsls	r4, r1, #1
200036ac:	0d62      	lsrs	r2, r4, #21
200036ae:	2380      	movs	r3, #128	; 0x80
200036b0:	18d2      	adds	r2, r2, r3
200036b2:	00db      	lsls	r3, r3, #3
200036b4:	1ad2      	subs	r2, r2, r3
200036b6:	055b      	lsls	r3, r3, #21
200036b8:	2a7e      	cmp	r2, #126	; 0x7e
200036ba:	dd10      	ble.n	200036de <__wrap___aeabi_d2iz+0x36>
200036bc:	3a9e      	subs	r2, #158	; 0x9e
200036be:	da13      	bge.n	200036e8 <__wrap___aeabi_d2iz+0x40>
200036c0:	17cc      	asrs	r4, r1, #31
200036c2:	0309      	lsls	r1, r1, #12
200036c4:	0849      	lsrs	r1, r1, #1
200036c6:	4319      	orrs	r1, r3
200036c8:	4252      	negs	r2, r2
200036ca:	40d1      	lsrs	r1, r2
200036cc:	0064      	lsls	r4, r4, #1
200036ce:	3401      	adds	r4, #1
200036d0:	3215      	adds	r2, #21
200036d2:	2a20      	cmp	r2, #32
200036d4:	da05      	bge.n	200036e2 <__wrap___aeabi_d2iz+0x3a>
200036d6:	40d0      	lsrs	r0, r2
200036d8:	4308      	orrs	r0, r1
200036da:	4360      	muls	r0, r4
200036dc:	bd10      	pop	{r4, pc}
200036de:	2000      	movs	r0, #0
200036e0:	bd10      	pop	{r4, pc}
200036e2:	4608      	mov	r0, r1
200036e4:	4360      	muls	r0, r4
200036e6:	bd10      	pop	{r4, pc}
200036e8:	0fc8      	lsrs	r0, r1, #31
200036ea:	18c0      	adds	r0, r0, r3
200036ec:	3801      	subs	r0, #1
200036ee:	bd10      	pop	{r4, pc}

200036f0 <__wrap___aeabi_d2uiz>:
200036f0:	b418      	push	{r3, r4}
200036f2:	4b02      	ldr	r3, [pc, #8]	; (200036fc <__wrap___aeabi_d2uiz+0xc>)
200036f4:	6a5b      	ldr	r3, [r3, #36]	; 0x24
200036f6:	9301      	str	r3, [sp, #4]
200036f8:	bd08      	pop	{r3, pc}
200036fa:	0000      	.short	0x0000
200036fc:	200052b4 	.word	0x200052b4

20003700 <missing_double_func_shim>:
20003700:	b510      	push	{r4, lr}
20003702:	4801      	ldr	r0, [pc, #4]	; (20003708 <missing_double_func_shim+0x8>)
20003704:	f7fe fd40 	bl	20002188 <panic>
20003708:	20004c53 	.word	0x20004c53

2000370c <__aeabi_double_init>:
2000370c:	2313      	movs	r3, #19
2000370e:	b570      	push	{r4, r5, r6, lr}
20003710:	781d      	ldrb	r5, [r3, #0]
20003712:	4c20      	ldr	r4, [pc, #128]	; (20003794 <__aeabi_double_init+0x88>)
20003714:	2d01      	cmp	r5, #1
20003716:	d10e      	bne.n	20003736 <__aeabi_double_init+0x2a>
20003718:	2300      	movs	r3, #0
2000371a:	491f      	ldr	r1, [pc, #124]	; (20003798 <__aeabi_double_init+0x8c>)
2000371c:	009a      	lsls	r2, r3, #2
2000371e:	3301      	adds	r3, #1
20003720:	50a1      	str	r1, [r4, r2]
20003722:	2b20      	cmp	r3, #32
20003724:	d1fa      	bne.n	2000371c <__aeabi_double_init+0x10>
20003726:	4b1d      	ldr	r3, [pc, #116]	; (2000379c <__aeabi_double_init+0x90>)
20003728:	64a3      	str	r3, [r4, #72]	; 0x48
2000372a:	481d      	ldr	r0, [pc, #116]	; (200037a0 <__aeabi_double_init+0x94>)
2000372c:	f7ff fc8e 	bl	2000304c <rom_func_lookup>
20003730:	4b1c      	ldr	r3, [pc, #112]	; (200037a4 <__aeabi_double_init+0x98>)
20003732:	6018      	str	r0, [r3, #0]
20003734:	bd70      	pop	{r4, r5, r6, pc}
20003736:	2d01      	cmp	r5, #1
20003738:	ddf5      	ble.n	20003726 <__aeabi_double_init+0x1a>
2000373a:	481b      	ldr	r0, [pc, #108]	; (200037a8 <__aeabi_double_init+0x9c>)
2000373c:	f7ff fc8e 	bl	2000305c <rom_data_lookup>
20003740:	0006      	movs	r6, r0
20003742:	481a      	ldr	r0, [pc, #104]	; (200037ac <__aeabi_double_init+0xa0>)
20003744:	f7ff fc8a 	bl	2000305c <rom_data_lookup>
20003748:	3802      	subs	r0, #2
2000374a:	7803      	ldrb	r3, [r0, #0]
2000374c:	009b      	lsls	r3, r3, #2
2000374e:	2b7f      	cmp	r3, #127	; 0x7f
20003750:	dc05      	bgt.n	2000375e <__aeabi_double_init+0x52>
20003752:	4b17      	ldr	r3, [pc, #92]	; (200037b0 <__aeabi_double_init+0xa4>)
20003754:	4a17      	ldr	r2, [pc, #92]	; (200037b4 <__aeabi_double_init+0xa8>)
20003756:	2132      	movs	r1, #50	; 0x32
20003758:	4817      	ldr	r0, [pc, #92]	; (200037b8 <__aeabi_double_init+0xac>)
2000375a:	f7fe fc83 	bl	20002064 <__assert_func>
2000375e:	2280      	movs	r2, #128	; 0x80
20003760:	0031      	movs	r1, r6
20003762:	0020      	movs	r0, r4
20003764:	f000 f8b8 	bl	200038d8 <__wrap___aeabi_memcpy>
20003768:	2d02      	cmp	r5, #2
2000376a:	d1de      	bne.n	2000372a <__aeabi_double_init+0x1e>
2000376c:	4b13      	ldr	r3, [pc, #76]	; (200037bc <__aeabi_double_init+0xb0>)
2000376e:	881a      	ldrh	r2, [r3, #0]
20003770:	23b5      	movs	r3, #181	; 0xb5
20003772:	021b      	lsls	r3, r3, #8
20003774:	429a      	cmp	r2, r3
20003776:	d109      	bne.n	2000378c <__aeabi_double_init+0x80>
20003778:	4a11      	ldr	r2, [pc, #68]	; (200037c0 <__aeabi_double_init+0xb4>)
2000377a:	4b12      	ldr	r3, [pc, #72]	; (200037c4 <__aeabi_double_init+0xb8>)
2000377c:	8812      	ldrh	r2, [r2, #0]
2000377e:	429a      	cmp	r2, r3
20003780:	d104      	bne.n	2000378c <__aeabi_double_init+0x80>
20003782:	4a11      	ldr	r2, [pc, #68]	; (200037c8 <__aeabi_double_init+0xbc>)
20003784:	4b11      	ldr	r3, [pc, #68]	; (200037cc <__aeabi_double_init+0xc0>)
20003786:	8812      	ldrh	r2, [r2, #0]
20003788:	429a      	cmp	r2, r3
2000378a:	d0cc      	beq.n	20003726 <__aeabi_double_init+0x1a>
2000378c:	2000      	movs	r0, #0
2000378e:	f7fe fcfb 	bl	20002188 <panic>
20003792:	46c0      	nop			; (mov r8, r8)
20003794:	200052b4 	.word	0x200052b4
20003798:	20003701 	.word	0x20003701
2000379c:	200037d1 	.word	0x200037d1
200037a0:	0000334c 	.word	0x0000334c
200037a4:	20005250 	.word	0x20005250
200037a8:	00004453 	.word	0x00004453
200037ac:	00004653 	.word	0x00004653
200037b0:	20004ba0 	.word	0x20004ba0
200037b4:	20004c3f 	.word	0x20004c3f
200037b8:	20004bf2 	.word	0x20004bf2
200037bc:	00003854 	.word	0x00003854
200037c0:	000038d8 	.word	0x000038d8
200037c4:	00004649 	.word	0x00004649
200037c8:	0000389c 	.word	0x0000389c
200037cc:	00004659 	.word	0x00004659

200037d0 <double_table_shim_on_use_helper>:
200037d0:	b507      	push	{r0, r1, r2, lr}
200037d2:	4660      	mov	r0, ip
200037d4:	8801      	ldrh	r1, [r0, #0]
200037d6:	0a0a      	lsrs	r2, r1, #8
200037d8:	3002      	adds	r0, #2
200037da:	2adf      	cmp	r2, #223	; 0xdf
200037dc:	d1fa      	bne.n	200037d4 <double_table_shim_on_use_helper+0x4>
200037de:	b2c9      	uxtb	r1, r1
200037e0:	0882      	lsrs	r2, r0, #2
200037e2:	d304      	bcc.n	200037ee <double_table_shim_on_use_helper+0x1e>
200037e4:	8802      	ldrh	r2, [r0, #0]
200037e6:	8840      	ldrh	r0, [r0, #2]
200037e8:	0400      	lsls	r0, r0, #16
200037ea:	4310      	orrs	r0, r2
200037ec:	e000      	b.n	200037f0 <double_table_shim_on_use_helper+0x20>
200037ee:	6800      	ldr	r0, [r0, #0]
200037f0:	4a01      	ldr	r2, [pc, #4]	; (200037f8 <double_table_shim_on_use_helper+0x28>)
200037f2:	5050      	str	r0, [r2, r1]
200037f4:	9003      	str	r0, [sp, #12]
200037f6:	bd07      	pop	{r0, r1, r2, pc}
200037f8:	200052b4 	.word	0x200052b4

200037fc <__wrap___aeabi_lmul>:
200037fc:	4351      	muls	r1, r2
200037fe:	4343      	muls	r3, r0
20003800:	18c9      	adds	r1, r1, r3
20003802:	468c      	mov	ip, r1
20003804:	0c11      	lsrs	r1, r2, #16
20003806:	b283      	uxth	r3, r0
20003808:	434b      	muls	r3, r1
2000380a:	b410      	push	{r4}
2000380c:	0c04      	lsrs	r4, r0, #16
2000380e:	4361      	muls	r1, r4
20003810:	b292      	uxth	r2, r2
20003812:	b280      	uxth	r0, r0
20003814:	4350      	muls	r0, r2
20003816:	4362      	muls	r2, r4
20003818:	041c      	lsls	r4, r3, #16
2000381a:	0c1b      	lsrs	r3, r3, #16
2000381c:	1900      	adds	r0, r0, r4
2000381e:	bc10      	pop	{r4}
20003820:	4159      	adcs	r1, r3
20003822:	0413      	lsls	r3, r2, #16
20003824:	0c12      	lsrs	r2, r2, #16
20003826:	18c0      	adds	r0, r0, r3
20003828:	4151      	adcs	r1, r2
2000382a:	4461      	add	r1, ip
2000382c:	4770      	bx	lr
	...

20003830 <missing_float_func_shim>:
20003830:	b510      	push	{r4, lr}
20003832:	4801      	ldr	r0, [pc, #4]	; (20003838 <missing_float_func_shim+0x8>)
20003834:	f7fe fca8 	bl	20002188 <panic>
20003838:	20004ad4 	.word	0x20004ad4

2000383c <__aeabi_float_init>:
2000383c:	2313      	movs	r3, #19
2000383e:	b510      	push	{r4, lr}
20003840:	4816      	ldr	r0, [pc, #88]	; (2000389c <__aeabi_float_init+0x60>)
20003842:	781c      	ldrb	r4, [r3, #0]
20003844:	f7ff fc0a 	bl	2000305c <rom_data_lookup>
20003848:	0001      	movs	r1, r0
2000384a:	2c01      	cmp	r4, #1
2000384c:	d114      	bne.n	20003878 <__aeabi_float_init+0x3c>
2000384e:	4c14      	ldr	r4, [pc, #80]	; (200038a0 <__aeabi_float_init+0x64>)
20003850:	2254      	movs	r2, #84	; 0x54
20003852:	0020      	movs	r0, r4
20003854:	f000 f840 	bl	200038d8 <__wrap___aeabi_memcpy>
20003858:	2300      	movs	r3, #0
2000385a:	4a12      	ldr	r2, [pc, #72]	; (200038a4 <__aeabi_float_init+0x68>)
2000385c:	6821      	ldr	r1, [r4, #0]
2000385e:	2900      	cmp	r1, #0
20003860:	d100      	bne.n	20003864 <__aeabi_float_init+0x28>
20003862:	6022      	str	r2, [r4, #0]
20003864:	3301      	adds	r3, #1
20003866:	3404      	adds	r4, #4
20003868:	2b20      	cmp	r3, #32
2000386a:	d1f7      	bne.n	2000385c <__aeabi_float_init+0x20>
2000386c:	480e      	ldr	r0, [pc, #56]	; (200038a8 <__aeabi_float_init+0x6c>)
2000386e:	f7ff fbed 	bl	2000304c <rom_func_lookup>
20003872:	4b0e      	ldr	r3, [pc, #56]	; (200038ac <__aeabi_float_init+0x70>)
20003874:	6018      	str	r0, [r3, #0]
20003876:	bd10      	pop	{r4, pc}
20003878:	2c01      	cmp	r4, #1
2000387a:	ddf7      	ble.n	2000386c <__aeabi_float_init+0x30>
2000387c:	1e83      	subs	r3, r0, #2
2000387e:	781b      	ldrb	r3, [r3, #0]
20003880:	009b      	lsls	r3, r3, #2
20003882:	2b7f      	cmp	r3, #127	; 0x7f
20003884:	dc05      	bgt.n	20003892 <__aeabi_float_init+0x56>
20003886:	4b0a      	ldr	r3, [pc, #40]	; (200038b0 <__aeabi_float_init+0x74>)
20003888:	4a0a      	ldr	r2, [pc, #40]	; (200038b4 <__aeabi_float_init+0x78>)
2000388a:	2142      	movs	r1, #66	; 0x42
2000388c:	480a      	ldr	r0, [pc, #40]	; (200038b8 <__aeabi_float_init+0x7c>)
2000388e:	f7fe fbe9 	bl	20002064 <__assert_func>
20003892:	2280      	movs	r2, #128	; 0x80
20003894:	4802      	ldr	r0, [pc, #8]	; (200038a0 <__aeabi_float_init+0x64>)
20003896:	f000 f81f 	bl	200038d8 <__wrap___aeabi_memcpy>
2000389a:	e7e7      	b.n	2000386c <__aeabi_float_init+0x30>
2000389c:	00004653 	.word	0x00004653
200038a0:	200053b4 	.word	0x200053b4
200038a4:	20003831 	.word	0x20003831
200038a8:	0000334c 	.word	0x0000334c
200038ac:	20005250 	.word	0x20005250
200038b0:	20004c6b 	.word	0x20004c6b
200038b4:	20004ce8 	.word	0x20004ce8
200038b8:	20004c9d 	.word	0x20004c9d

200038bc <__aeabi_mem_init>:
200038bc:	4801      	ldr	r0, [pc, #4]	; (200038c4 <__aeabi_mem_init+0x8>)
200038be:	2104      	movs	r1, #4
200038c0:	4b01      	ldr	r3, [pc, #4]	; (200038c8 <__aeabi_mem_init+0xc>)
200038c2:	4718      	bx	r3
200038c4:	20004fb0 	.word	0x20004fb0
200038c8:	2000306d 	.word	0x2000306d

200038cc <__wrap_memset>:
200038cc:	4b01      	ldr	r3, [pc, #4]	; (200038d4 <__wrap_memset+0x8>)
200038ce:	681b      	ldr	r3, [r3, #0]
200038d0:	4718      	bx	r3
200038d2:	0000      	.short	0x0000
200038d4:	20004fb0 	.word	0x20004fb0

200038d8 <__wrap___aeabi_memcpy>:
200038d8:	4b01      	ldr	r3, [pc, #4]	; (200038e0 <__wrap___aeabi_memcpy+0x8>)
200038da:	685b      	ldr	r3, [r3, #4]
200038dc:	4718      	bx	r3
200038de:	0000      	.short	0x0000
200038e0:	20004fb0 	.word	0x20004fb0

200038e4 <stdio_out_chars_no_crlf>:
200038e4:	0003      	movs	r3, r0
200038e6:	b510      	push	{r4, lr}
200038e8:	0008      	movs	r0, r1
200038ea:	681b      	ldr	r3, [r3, #0]
200038ec:	0011      	movs	r1, r2
200038ee:	4798      	blx	r3
200038f0:	bd10      	pop	{r4, pc}
	...

200038f4 <stdio_out_chars_crlf>:
200038f4:	b5f8      	push	{r3, r4, r5, r6, r7, lr}
200038f6:	7d43      	ldrb	r3, [r0, #21]
200038f8:	0005      	movs	r5, r0
200038fa:	000c      	movs	r4, r1
200038fc:	0016      	movs	r6, r2
200038fe:	2b00      	cmp	r3, #0
20003900:	d132      	bne.n	20003968 <stdio_out_chars_crlf+0x74>
20003902:	6803      	ldr	r3, [r0, #0]
20003904:	0011      	movs	r1, r2
20003906:	0020      	movs	r0, r4
20003908:	4798      	blx	r3
2000390a:	e02a      	b.n	20003962 <stdio_out_chars_crlf+0x6e>
2000390c:	2900      	cmp	r1, #0
2000390e:	dd29      	ble.n	20003964 <stdio_out_chars_crlf+0x70>
20003910:	1e63      	subs	r3, r4, #1
20003912:	5c5b      	ldrb	r3, [r3, r1]
20003914:	3b0d      	subs	r3, #13
20003916:	425a      	negs	r2, r3
20003918:	4153      	adcs	r3, r2
2000391a:	b2db      	uxtb	r3, r3
2000391c:	5c62      	ldrb	r2, [r4, r1]
2000391e:	1c4f      	adds	r7, r1, #1
20003920:	2a0a      	cmp	r2, #10
20003922:	d10c      	bne.n	2000393e <stdio_out_chars_crlf+0x4a>
20003924:	2b00      	cmp	r3, #0
20003926:	d10a      	bne.n	2000393e <stdio_out_chars_crlf+0x4a>
20003928:	4281      	cmp	r1, r0
2000392a:	dd03      	ble.n	20003934 <stdio_out_chars_crlf+0x40>
2000392c:	1a09      	subs	r1, r1, r0
2000392e:	682b      	ldr	r3, [r5, #0]
20003930:	1820      	adds	r0, r4, r0
20003932:	4798      	blx	r3
20003934:	480e      	ldr	r0, [pc, #56]	; (20003970 <stdio_out_chars_crlf+0x7c>)
20003936:	2102      	movs	r1, #2
20003938:	682b      	ldr	r3, [r5, #0]
2000393a:	4798      	blx	r3
2000393c:	0038      	movs	r0, r7
2000393e:	0039      	movs	r1, r7
20003940:	428e      	cmp	r6, r1
20003942:	dce3      	bgt.n	2000390c <stdio_out_chars_crlf+0x18>
20003944:	4286      	cmp	r6, r0
20003946:	dd03      	ble.n	20003950 <stdio_out_chars_crlf+0x5c>
20003948:	1a31      	subs	r1, r6, r0
2000394a:	682b      	ldr	r3, [r5, #0]
2000394c:	1820      	adds	r0, r4, r0
2000394e:	4798      	blx	r3
20003950:	2e00      	cmp	r6, #0
20003952:	dd06      	ble.n	20003962 <stdio_out_chars_crlf+0x6e>
20003954:	19a4      	adds	r4, r4, r6
20003956:	3c01      	subs	r4, #1
20003958:	7823      	ldrb	r3, [r4, #0]
2000395a:	3b0d      	subs	r3, #13
2000395c:	425a      	negs	r2, r3
2000395e:	4153      	adcs	r3, r2
20003960:	752b      	strb	r3, [r5, #20]
20003962:	bdf8      	pop	{r3, r4, r5, r6, r7, pc}
20003964:	7d2b      	ldrb	r3, [r5, #20]
20003966:	e7d9      	b.n	2000391c <stdio_out_chars_crlf+0x28>
20003968:	2100      	movs	r1, #0
2000396a:	0008      	movs	r0, r1
2000396c:	e7e8      	b.n	20003940 <stdio_out_chars_crlf+0x4c>
2000396e:	46c0      	nop			; (mov r8, r8)
20003970:	20004d83 	.word	0x20004d83

20003974 <stdio_stack_buffer_flush.part.1>:
20003974:	b570      	push	{r4, r5, r6, lr}
20003976:	0005      	movs	r5, r0
20003978:	4b0a      	ldr	r3, [pc, #40]	; (200039a4 <stdio_stack_buffer_flush.part.1+0x30>)
2000397a:	681c      	ldr	r4, [r3, #0]
2000397c:	2c00      	cmp	r4, #0
2000397e:	d101      	bne.n	20003984 <stdio_stack_buffer_flush.part.1+0x10>
20003980:	602c      	str	r4, [r5, #0]
20003982:	bd70      	pop	{r4, r5, r6, pc}
20003984:	6823      	ldr	r3, [r4, #0]
20003986:	2b00      	cmp	r3, #0
20003988:	d00a      	beq.n	200039a0 <stdio_stack_buffer_flush.part.1+0x2c>
2000398a:	4b07      	ldr	r3, [pc, #28]	; (200039a8 <stdio_stack_buffer_flush.part.1+0x34>)
2000398c:	681b      	ldr	r3, [r3, #0]
2000398e:	2b00      	cmp	r3, #0
20003990:	d001      	beq.n	20003996 <stdio_stack_buffer_flush.part.1+0x22>
20003992:	429c      	cmp	r4, r3
20003994:	d104      	bne.n	200039a0 <stdio_stack_buffer_flush.part.1+0x2c>
20003996:	0029      	movs	r1, r5
20003998:	0020      	movs	r0, r4
2000399a:	c904      	ldmia	r1!, {r2}
2000399c:	f7ff ffaa 	bl	200038f4 <stdio_out_chars_crlf>
200039a0:	6924      	ldr	r4, [r4, #16]
200039a2:	e7eb      	b.n	2000397c <stdio_stack_buffer_flush.part.1+0x8>
200039a4:	20005234 	.word	0x20005234
200039a8:	20005238 	.word	0x20005238

200039ac <stdio_buffered_printer>:
200039ac:	680b      	ldr	r3, [r1, #0]
200039ae:	b570      	push	{r4, r5, r6, lr}
200039b0:	0005      	movs	r5, r0
200039b2:	000c      	movs	r4, r1
200039b4:	2b80      	cmp	r3, #128	; 0x80
200039b6:	d102      	bne.n	200039be <stdio_buffered_printer+0x12>
200039b8:	0008      	movs	r0, r1
200039ba:	f7ff ffdb 	bl	20003974 <stdio_stack_buffer_flush.part.1>
200039be:	6823      	ldr	r3, [r4, #0]
200039c0:	1c5a      	adds	r2, r3, #1
200039c2:	6022      	str	r2, [r4, #0]
200039c4:	18e4      	adds	r4, r4, r3
200039c6:	7125      	strb	r5, [r4, #4]
200039c8:	bd70      	pop	{r4, r5, r6, pc}
	...

200039cc <update_us_since_boot.isra.2.part.3>:
200039cc:	b510      	push	{r4, lr}
200039ce:	4b03      	ldr	r3, [pc, #12]	; (200039dc <update_us_since_boot.isra.2.part.3+0x10>)
200039d0:	4a03      	ldr	r2, [pc, #12]	; (200039e0 <update_us_since_boot.isra.2.part.3+0x14>)
200039d2:	213f      	movs	r1, #63	; 0x3f
200039d4:	4803      	ldr	r0, [pc, #12]	; (200039e4 <update_us_since_boot.isra.2.part.3+0x18>)
200039d6:	f7fe fb45 	bl	20002064 <__assert_func>
200039da:	46c0      	nop			; (mov r8, r8)
200039dc:	200046fa 	.word	0x200046fa
200039e0:	20004d6e 	.word	0x20004d6e
200039e4:	20004715 	.word	0x20004715

200039e8 <stdout_serialize_begin>:
200039e8:	b510      	push	{r4, lr}
200039ea:	f7fd fe37 	bl	2000165c <time_us_64>
200039ee:	2900      	cmp	r1, #0
200039f0:	da01      	bge.n	200039f6 <stdout_serialize_begin+0xe>
200039f2:	f7ff ffeb 	bl	200039cc <update_us_since_boot.isra.2.part.3>
200039f6:	2300      	movs	r3, #0
200039f8:	4a05      	ldr	r2, [pc, #20]	; (20003a10 <stdout_serialize_begin+0x28>)
200039fa:	1812      	adds	r2, r2, r0
200039fc:	414b      	adcs	r3, r1
200039fe:	2b00      	cmp	r3, #0
20003a00:	da02      	bge.n	20003a08 <stdout_serialize_begin+0x20>
20003a02:	2201      	movs	r2, #1
20003a04:	4b03      	ldr	r3, [pc, #12]	; (20003a14 <stdout_serialize_begin+0x2c>)
20003a06:	4252      	negs	r2, r2
20003a08:	4803      	ldr	r0, [pc, #12]	; (20003a18 <stdout_serialize_begin+0x30>)
20003a0a:	f000 f98f 	bl	20003d2c <mutex_try_enter_block_until>
20003a0e:	bd10      	pop	{r4, pc}
20003a10:	000f4240 	.word	0x000f4240
20003a14:	7fffffff 	.word	0x7fffffff
20003a18:	20004fc0 	.word	0x20004fc0

20003a1c <stdout_serialize_end>:
20003a1c:	b510      	push	{r4, lr}
20003a1e:	4802      	ldr	r0, [pc, #8]	; (20003a28 <stdout_serialize_end+0xc>)
20003a20:	f000 f99c 	bl	20003d5c <mutex_exit>
20003a24:	bd10      	pop	{r4, pc}
20003a26:	46c0      	nop			; (mov r8, r8)
20003a28:	20004fc0 	.word	0x20004fc0

20003a2c <stdio_put_string>:
20003a2c:	b5f0      	push	{r4, r5, r6, r7, lr}
20003a2e:	b085      	sub	sp, #20
20003a30:	0007      	movs	r7, r0
20003a32:	000c      	movs	r4, r1
20003a34:	9200      	str	r2, [sp, #0]
20003a36:	001d      	movs	r5, r3
20003a38:	f7ff ffd6 	bl	200039e8 <stdout_serialize_begin>
20003a3c:	9001      	str	r0, [sp, #4]
20003a3e:	1c63      	adds	r3, r4, #1
20003a40:	d103      	bne.n	20003a4a <stdio_put_string+0x1e>
20003a42:	0038      	movs	r0, r7
20003a44:	f000 f8d8 	bl	20003bf8 <strlen>
20003a48:	0004      	movs	r4, r0
20003a4a:	4e15      	ldr	r6, [pc, #84]	; (20003aa0 <stdio_put_string+0x74>)
20003a4c:	2d00      	cmp	r5, #0
20003a4e:	d100      	bne.n	20003a52 <stdio_put_string+0x26>
20003a50:	4e14      	ldr	r6, [pc, #80]	; (20003aa4 <stdio_put_string+0x78>)
20003a52:	4b15      	ldr	r3, [pc, #84]	; (20003aa8 <stdio_put_string+0x7c>)
20003a54:	681d      	ldr	r5, [r3, #0]
20003a56:	2d00      	cmp	r5, #0
20003a58:	d109      	bne.n	20003a6e <stdio_put_string+0x42>
20003a5a:	9b01      	ldr	r3, [sp, #4]
20003a5c:	2b00      	cmp	r3, #0
20003a5e:	d001      	beq.n	20003a64 <stdio_put_string+0x38>
20003a60:	f7ff ffdc 	bl	20003a1c <stdout_serialize_end>
20003a64:	1e60      	subs	r0, r4, #1
20003a66:	4184      	sbcs	r4, r0
20003a68:	b2e0      	uxtb	r0, r4
20003a6a:	b005      	add	sp, #20
20003a6c:	bdf0      	pop	{r4, r5, r6, r7, pc}
20003a6e:	682b      	ldr	r3, [r5, #0]
20003a70:	2b00      	cmp	r3, #0
20003a72:	d013      	beq.n	20003a9c <stdio_put_string+0x70>
20003a74:	4b0d      	ldr	r3, [pc, #52]	; (20003aac <stdio_put_string+0x80>)
20003a76:	681b      	ldr	r3, [r3, #0]
20003a78:	2b00      	cmp	r3, #0
20003a7a:	d001      	beq.n	20003a80 <stdio_put_string+0x54>
20003a7c:	42ab      	cmp	r3, r5
20003a7e:	d10d      	bne.n	20003a9c <stdio_put_string+0x70>
20003a80:	0022      	movs	r2, r4
20003a82:	0039      	movs	r1, r7
20003a84:	0028      	movs	r0, r5
20003a86:	47b0      	blx	r6
20003a88:	9b00      	ldr	r3, [sp, #0]
20003a8a:	2b00      	cmp	r3, #0
20003a8c:	d006      	beq.n	20003a9c <stdio_put_string+0x70>
20003a8e:	ab02      	add	r3, sp, #8
20003a90:	1dd9      	adds	r1, r3, #7
20003a92:	230a      	movs	r3, #10
20003a94:	2201      	movs	r2, #1
20003a96:	0028      	movs	r0, r5
20003a98:	700b      	strb	r3, [r1, #0]
20003a9a:	47b0      	blx	r6
20003a9c:	692d      	ldr	r5, [r5, #16]
20003a9e:	e7da      	b.n	20003a56 <stdio_put_string+0x2a>
20003aa0:	200038e5 	.word	0x200038e5
20003aa4:	200038f5 	.word	0x200038f5
20003aa8:	20005234 	.word	0x20005234
20003aac:	20005238 	.word	0x20005238

20003ab0 <stdio_flush>:
20003ab0:	4b05      	ldr	r3, [pc, #20]	; (20003ac8 <stdio_flush+0x18>)
20003ab2:	b510      	push	{r4, lr}
20003ab4:	681c      	ldr	r4, [r3, #0]
20003ab6:	2c00      	cmp	r4, #0
20003ab8:	d100      	bne.n	20003abc <stdio_flush+0xc>
20003aba:	bd10      	pop	{r4, pc}
20003abc:	6863      	ldr	r3, [r4, #4]
20003abe:	2b00      	cmp	r3, #0
20003ac0:	d000      	beq.n	20003ac4 <stdio_flush+0x14>
20003ac2:	4798      	blx	r3
20003ac4:	6924      	ldr	r4, [r4, #16]
20003ac6:	e7f6      	b.n	20003ab6 <stdio_flush+0x6>
20003ac8:	20005234 	.word	0x20005234

20003acc <__wrap_puts>:
20003acc:	b570      	push	{r4, r5, r6, lr}
20003ace:	0005      	movs	r5, r0
20003ad0:	f000 f892 	bl	20003bf8 <strlen>
20003ad4:	0004      	movs	r4, r0
20003ad6:	0001      	movs	r1, r0
20003ad8:	2300      	movs	r3, #0
20003ada:	2201      	movs	r2, #1
20003adc:	0028      	movs	r0, r5
20003ade:	f7ff ffa5 	bl	20003a2c <stdio_put_string>
20003ae2:	f7ff ffe5 	bl	20003ab0 <stdio_flush>
20003ae6:	0020      	movs	r0, r4
20003ae8:	bd70      	pop	{r4, r5, r6, pc}
	...

20003aec <__wrap_vprintf>:
20003aec:	b570      	push	{r4, r5, r6, lr}
20003aee:	b0a2      	sub	sp, #136	; 0x88
20003af0:	0004      	movs	r4, r0
20003af2:	000e      	movs	r6, r1
20003af4:	f7ff ff78 	bl	200039e8 <stdout_serialize_begin>
20003af8:	2300      	movs	r3, #0
20003afa:	0022      	movs	r2, r4
20003afc:	9301      	str	r3, [sp, #4]
20003afe:	0005      	movs	r5, r0
20003b00:	0033      	movs	r3, r6
20003b02:	a901      	add	r1, sp, #4
20003b04:	4809      	ldr	r0, [pc, #36]	; (20003b2c <__wrap_vprintf+0x40>)
20003b06:	f7ff fa89 	bl	2000301c <vfctprintf>
20003b0a:	9b01      	ldr	r3, [sp, #4]
20003b0c:	0004      	movs	r4, r0
20003b0e:	2b00      	cmp	r3, #0
20003b10:	d002      	beq.n	20003b18 <__wrap_vprintf+0x2c>
20003b12:	a801      	add	r0, sp, #4
20003b14:	f7ff ff2e 	bl	20003974 <stdio_stack_buffer_flush.part.1>
20003b18:	f7ff ffca 	bl	20003ab0 <stdio_flush>
20003b1c:	2d00      	cmp	r5, #0
20003b1e:	d001      	beq.n	20003b24 <__wrap_vprintf+0x38>
20003b20:	f7ff ff7c 	bl	20003a1c <stdout_serialize_end>
20003b24:	0020      	movs	r0, r4
20003b26:	b022      	add	sp, #136	; 0x88
20003b28:	bd70      	pop	{r4, r5, r6, pc}
20003b2a:	46c0      	nop			; (mov r8, r8)
20003b2c:	200039ad 	.word	0x200039ad

20003b30 <__wrap_printf>:
20003b30:	b40f      	push	{r0, r1, r2, r3}
20003b32:	b507      	push	{r0, r1, r2, lr}
20003b34:	a904      	add	r1, sp, #16
20003b36:	c901      	ldmia	r1!, {r0}
20003b38:	9101      	str	r1, [sp, #4]
20003b3a:	f7ff ffd7 	bl	20003aec <__wrap_vprintf>
20003b3e:	b003      	add	sp, #12
20003b40:	bc08      	pop	{r3}
20003b42:	b004      	add	sp, #16
20003b44:	4718      	bx	r3
	...

20003b48 <dma_channel_unclaim>:
20003b48:	b510      	push	{r4, lr}
20003b4a:	0001      	movs	r1, r0
20003b4c:	4801      	ldr	r0, [pc, #4]	; (20003b54 <dma_channel_unclaim+0xc>)
20003b4e:	f7fc fee3 	bl	20000918 <hw_claim_clear>
20003b52:	bd10      	pop	{r4, pc}
20003b54:	20005268 	.word	0x20005268

20003b58 <dma_claim_unused_channel>:
20003b58:	b507      	push	{r0, r1, r2, lr}
20003b5a:	4b04      	ldr	r3, [pc, #16]	; (20003b6c <dma_claim_unused_channel+0x14>)
20003b5c:	0001      	movs	r1, r0
20003b5e:	9300      	str	r3, [sp, #0]
20003b60:	2200      	movs	r2, #0
20003b62:	230b      	movs	r3, #11
20003b64:	4802      	ldr	r0, [pc, #8]	; (20003b70 <dma_claim_unused_channel+0x18>)
20003b66:	f7fc feac 	bl	200008c2 <hw_claim_unused_from_range>
20003b6a:	bd0e      	pop	{r1, r2, r3, pc}
20003b6c:	20004d85 	.word	0x20004d85
20003b70:	20005268 	.word	0x20005268

20003b74 <SystemCoreClockUpdate>:
20003b74:	b510      	push	{r4, lr}
20003b76:	2005      	movs	r0, #5
20003b78:	f7fe f974 	bl	20001e64 <clock_get_hz>
20003b7c:	4b01      	ldr	r3, [pc, #4]	; (20003b84 <SystemCoreClockUpdate+0x10>)
20003b7e:	6018      	str	r0, [r3, #0]
20003b80:	bd10      	pop	{r4, pc}
20003b82:	46c0      	nop			; (mov r8, r8)
20003b84:	200054b4 	.word	0x200054b4

20003b88 <SystemInit>:
20003b88:	b510      	push	{r4, lr}
20003b8a:	f7ff fff3 	bl	20003b74 <SystemCoreClockUpdate>
20003b8e:	bd10      	pop	{r4, pc}

20003b90 <__gnu_thumb1_case_uqi>:
20003b90:	b402      	push	{r1}
20003b92:	4671      	mov	r1, lr
20003b94:	0849      	lsrs	r1, r1, #1
20003b96:	0049      	lsls	r1, r1, #1
20003b98:	5c09      	ldrb	r1, [r1, r0]
20003b9a:	0049      	lsls	r1, r1, #1
20003b9c:	448e      	add	lr, r1
20003b9e:	bc02      	pop	{r1}
20003ba0:	4770      	bx	lr
20003ba2:	46c0      	nop			; (mov r8, r8)

20003ba4 <__aeabi_idiv0>:
20003ba4:	4770      	bx	lr
20003ba6:	46c0      	nop			; (mov r8, r8)

20003ba8 <memcmp>:
20003ba8:	b530      	push	{r4, r5, lr}
20003baa:	2a03      	cmp	r2, #3
20003bac:	d90c      	bls.n	20003bc8 <memcmp+0x20>
20003bae:	0003      	movs	r3, r0
20003bb0:	430b      	orrs	r3, r1
20003bb2:	079b      	lsls	r3, r3, #30
20003bb4:	d11c      	bne.n	20003bf0 <memcmp+0x48>
20003bb6:	6803      	ldr	r3, [r0, #0]
20003bb8:	680c      	ldr	r4, [r1, #0]
20003bba:	42a3      	cmp	r3, r4
20003bbc:	d118      	bne.n	20003bf0 <memcmp+0x48>
20003bbe:	3a04      	subs	r2, #4
20003bc0:	3004      	adds	r0, #4
20003bc2:	3104      	adds	r1, #4
20003bc4:	2a03      	cmp	r2, #3
20003bc6:	d8f6      	bhi.n	20003bb6 <memcmp+0xe>
20003bc8:	1e55      	subs	r5, r2, #1
20003bca:	2a00      	cmp	r2, #0
20003bcc:	d00e      	beq.n	20003bec <memcmp+0x44>
20003bce:	7802      	ldrb	r2, [r0, #0]
20003bd0:	780c      	ldrb	r4, [r1, #0]
20003bd2:	4294      	cmp	r4, r2
20003bd4:	d10e      	bne.n	20003bf4 <memcmp+0x4c>
20003bd6:	3501      	adds	r5, #1
20003bd8:	2301      	movs	r3, #1
20003bda:	3901      	subs	r1, #1
20003bdc:	e004      	b.n	20003be8 <memcmp+0x40>
20003bde:	5cc2      	ldrb	r2, [r0, r3]
20003be0:	3301      	adds	r3, #1
20003be2:	5ccc      	ldrb	r4, [r1, r3]
20003be4:	42a2      	cmp	r2, r4
20003be6:	d105      	bne.n	20003bf4 <memcmp+0x4c>
20003be8:	42ab      	cmp	r3, r5
20003bea:	d1f8      	bne.n	20003bde <memcmp+0x36>
20003bec:	2000      	movs	r0, #0
20003bee:	bd30      	pop	{r4, r5, pc}
20003bf0:	1e55      	subs	r5, r2, #1
20003bf2:	e7ec      	b.n	20003bce <memcmp+0x26>
20003bf4:	1b10      	subs	r0, r2, r4
20003bf6:	e7fa      	b.n	20003bee <memcmp+0x46>

20003bf8 <strlen>:
20003bf8:	b510      	push	{r4, lr}
20003bfa:	0783      	lsls	r3, r0, #30
20003bfc:	d027      	beq.n	20003c4e <strlen+0x56>
20003bfe:	7803      	ldrb	r3, [r0, #0]
20003c00:	2b00      	cmp	r3, #0
20003c02:	d026      	beq.n	20003c52 <strlen+0x5a>
20003c04:	0003      	movs	r3, r0
20003c06:	2103      	movs	r1, #3
20003c08:	e002      	b.n	20003c10 <strlen+0x18>
20003c0a:	781a      	ldrb	r2, [r3, #0]
20003c0c:	2a00      	cmp	r2, #0
20003c0e:	d01c      	beq.n	20003c4a <strlen+0x52>
20003c10:	3301      	adds	r3, #1
20003c12:	420b      	tst	r3, r1
20003c14:	d1f9      	bne.n	20003c0a <strlen+0x12>
20003c16:	6819      	ldr	r1, [r3, #0]
20003c18:	4a0f      	ldr	r2, [pc, #60]	; (20003c58 <strlen+0x60>)
20003c1a:	4c10      	ldr	r4, [pc, #64]	; (20003c5c <strlen+0x64>)
20003c1c:	188a      	adds	r2, r1, r2
20003c1e:	438a      	bics	r2, r1
20003c20:	4222      	tst	r2, r4
20003c22:	d10f      	bne.n	20003c44 <strlen+0x4c>
20003c24:	3304      	adds	r3, #4
20003c26:	6819      	ldr	r1, [r3, #0]
20003c28:	4a0b      	ldr	r2, [pc, #44]	; (20003c58 <strlen+0x60>)
20003c2a:	188a      	adds	r2, r1, r2
20003c2c:	438a      	bics	r2, r1
20003c2e:	4222      	tst	r2, r4
20003c30:	d108      	bne.n	20003c44 <strlen+0x4c>
20003c32:	3304      	adds	r3, #4
20003c34:	6819      	ldr	r1, [r3, #0]
20003c36:	4a08      	ldr	r2, [pc, #32]	; (20003c58 <strlen+0x60>)
20003c38:	188a      	adds	r2, r1, r2
20003c3a:	438a      	bics	r2, r1
20003c3c:	4222      	tst	r2, r4
20003c3e:	d0f1      	beq.n	20003c24 <strlen+0x2c>
20003c40:	e000      	b.n	20003c44 <strlen+0x4c>
20003c42:	3301      	adds	r3, #1
20003c44:	781a      	ldrb	r2, [r3, #0]
20003c46:	2a00      	cmp	r2, #0
20003c48:	d1fb      	bne.n	20003c42 <strlen+0x4a>
20003c4a:	1a18      	subs	r0, r3, r0
20003c4c:	bd10      	pop	{r4, pc}
20003c4e:	0003      	movs	r3, r0
20003c50:	e7e1      	b.n	20003c16 <strlen+0x1e>
20003c52:	2000      	movs	r0, #0
20003c54:	e7fa      	b.n	20003c4c <strlen+0x54>
20003c56:	46c0      	nop			; (mov r8, r8)
20003c58:	fefefeff 	.word	0xfefefeff
20003c5c:	80808080 	.word	0x80808080

20003c60 <_fini>:
20003c60:	b5f8      	push	{r3, r4, r5, r6, r7, lr}
20003c62:	46c0      	nop			; (mov r8, r8)

Disassembly of section .data:

20003c70 <mutex_try_enter>:
20003c70:	0003      	movs	r3, r0
20003c72:	b510      	push	{r4, lr}
20003c74:	6800      	ldr	r0, [r0, #0]
20003c76:	f3ef 8410 	mrs	r4, PRIMASK
20003c7a:	b672      	cpsid	i
20003c7c:	6802      	ldr	r2, [r0, #0]
20003c7e:	2a00      	cmp	r2, #0
20003c80:	d0fc      	beq.n	20003c7c <mutex_try_enter+0xc>
20003c82:	f3bf 8f5f 	dmb	sy
20003c86:	2204      	movs	r2, #4
20003c88:	569a      	ldrsb	r2, [r3, r2]
20003c8a:	2a00      	cmp	r2, #0
20003c8c:	da0c      	bge.n	20003ca8 <mutex_try_enter+0x38>
20003c8e:	22d0      	movs	r2, #208	; 0xd0
20003c90:	2001      	movs	r0, #1
20003c92:	0612      	lsls	r2, r2, #24
20003c94:	6812      	ldr	r2, [r2, #0]
20003c96:	711a      	strb	r2, [r3, #4]
20003c98:	681b      	ldr	r3, [r3, #0]
20003c9a:	f3bf 8f5f 	dmb	sy
20003c9e:	2200      	movs	r2, #0
20003ca0:	601a      	str	r2, [r3, #0]
20003ca2:	f384 8810 	msr	PRIMASK, r4
20003ca6:	bd10      	pop	{r4, pc}
20003ca8:	1e08      	subs	r0, r1, #0
20003caa:	d0f5      	beq.n	20003c98 <mutex_try_enter+0x28>
20003cac:	600a      	str	r2, [r1, #0]
20003cae:	2000      	movs	r0, #0
20003cb0:	e7f2      	b.n	20003c98 <mutex_try_enter+0x28>
	...

20003cb4 <mutex_enter_block_until>:
20003cb4:	b5f7      	push	{r0, r1, r2, r4, r5, r6, r7, lr}
20003cb6:	001f      	movs	r7, r3
20003cb8:	6803      	ldr	r3, [r0, #0]
20003cba:	0005      	movs	r5, r0
20003cbc:	0016      	movs	r6, r2
20003cbe:	2b00      	cmp	r3, #0
20003cc0:	d105      	bne.n	20003cce <mutex_enter_block_until+0x1a>
20003cc2:	4b17      	ldr	r3, [pc, #92]	; (20003d20 <mutex_enter_block_until+0x6c>)
20003cc4:	4a17      	ldr	r2, [pc, #92]	; (20003d24 <mutex_enter_block_until+0x70>)
20003cc6:	2185      	movs	r1, #133	; 0x85
20003cc8:	4817      	ldr	r0, [pc, #92]	; (20003d28 <mutex_enter_block_until+0x74>)
20003cca:	f7fe f9cb 	bl	20002064 <__assert_func>
20003cce:	23d0      	movs	r3, #208	; 0xd0
20003cd0:	061b      	lsls	r3, r3, #24
20003cd2:	681b      	ldr	r3, [r3, #0]
20003cd4:	9301      	str	r3, [sp, #4]
20003cd6:	6829      	ldr	r1, [r5, #0]
20003cd8:	f3ef 8310 	mrs	r3, PRIMASK
20003cdc:	b672      	cpsid	i
20003cde:	680a      	ldr	r2, [r1, #0]
20003ce0:	2a00      	cmp	r2, #0
20003ce2:	d0fc      	beq.n	20003cde <mutex_enter_block_until+0x2a>
20003ce4:	f3bf 8f5f 	dmb	sy
20003ce8:	7929      	ldrb	r1, [r5, #4]
20003cea:	682a      	ldr	r2, [r5, #0]
20003cec:	2400      	movs	r4, #0
20003cee:	297f      	cmp	r1, #127	; 0x7f
20003cf0:	d908      	bls.n	20003d04 <mutex_enter_block_until+0x50>
20003cf2:	9901      	ldr	r1, [sp, #4]
20003cf4:	7129      	strb	r1, [r5, #4]
20003cf6:	f3bf 8f5f 	dmb	sy
20003cfa:	6014      	str	r4, [r2, #0]
20003cfc:	f383 8810 	msr	PRIMASK, r3
20003d00:	2001      	movs	r0, #1
20003d02:	bdfe      	pop	{r1, r2, r3, r4, r5, r6, r7, pc}
20003d04:	f3bf 8f5f 	dmb	sy
20003d08:	6014      	str	r4, [r2, #0]
20003d0a:	f383 8810 	msr	PRIMASK, r3
20003d0e:	0030      	movs	r0, r6
20003d10:	0039      	movs	r1, r7
20003d12:	f7fd fc2b 	bl	2000156c <best_effort_wfe_or_timeout>
20003d16:	2800      	cmp	r0, #0
20003d18:	d0dd      	beq.n	20003cd6 <mutex_enter_block_until+0x22>
20003d1a:	0020      	movs	r0, r4
20003d1c:	e7f1      	b.n	20003d02 <mutex_enter_block_until+0x4e>
20003d1e:	46c0      	nop			; (mov r8, r8)
20003d20:	200043c1 	.word	0x200043c1
20003d24:	2000435b 	.word	0x2000435b
20003d28:	20004384 	.word	0x20004384

20003d2c <mutex_try_enter_block_until>:
20003d2c:	b573      	push	{r0, r1, r4, r5, r6, lr}
20003d2e:	a901      	add	r1, sp, #4
20003d30:	0006      	movs	r6, r0
20003d32:	0014      	movs	r4, r2
20003d34:	001d      	movs	r5, r3
20003d36:	f7ff ff9b 	bl	20003c70 <mutex_try_enter>
20003d3a:	2800      	cmp	r0, #0
20003d3c:	d10c      	bne.n	20003d58 <mutex_try_enter_block_until+0x2c>
20003d3e:	22d0      	movs	r2, #208	; 0xd0
20003d40:	0612      	lsls	r2, r2, #24
20003d42:	9b01      	ldr	r3, [sp, #4]
20003d44:	7812      	ldrb	r2, [r2, #0]
20003d46:	b25b      	sxtb	r3, r3
20003d48:	b252      	sxtb	r2, r2
20003d4a:	4293      	cmp	r3, r2
20003d4c:	d004      	beq.n	20003d58 <mutex_try_enter_block_until+0x2c>
20003d4e:	0022      	movs	r2, r4
20003d50:	002b      	movs	r3, r5
20003d52:	0030      	movs	r0, r6
20003d54:	f7ff ffae 	bl	20003cb4 <mutex_enter_block_until>
20003d58:	bd76      	pop	{r1, r2, r4, r5, r6, pc}
	...

20003d5c <mutex_exit>:
20003d5c:	b510      	push	{r4, lr}
20003d5e:	6801      	ldr	r1, [r0, #0]
20003d60:	f3ef 8310 	mrs	r3, PRIMASK
20003d64:	b672      	cpsid	i
20003d66:	680a      	ldr	r2, [r1, #0]
20003d68:	2a00      	cmp	r2, #0
20003d6a:	d0fc      	beq.n	20003d66 <mutex_exit+0xa>
20003d6c:	f3bf 8f5f 	dmb	sy
20003d70:	7902      	ldrb	r2, [r0, #4]
20003d72:	2a7f      	cmp	r2, #127	; 0x7f
20003d74:	d905      	bls.n	20003d82 <mutex_exit+0x26>
20003d76:	4b08      	ldr	r3, [pc, #32]	; (20003d98 <mutex_exit+0x3c>)
20003d78:	4a08      	ldr	r2, [pc, #32]	; (20003d9c <mutex_exit+0x40>)
20003d7a:	21b4      	movs	r1, #180	; 0xb4
20003d7c:	4808      	ldr	r0, [pc, #32]	; (20003da0 <mutex_exit+0x44>)
20003d7e:	f7fe f971 	bl	20002064 <__assert_func>
20003d82:	22ff      	movs	r2, #255	; 0xff
20003d84:	7102      	strb	r2, [r0, #4]
20003d86:	6802      	ldr	r2, [r0, #0]
20003d88:	f3bf 8f5f 	dmb	sy
20003d8c:	2100      	movs	r1, #0
20003d8e:	6011      	str	r1, [r2, #0]
20003d90:	f383 8810 	msr	PRIMASK, r3
20003d94:	bf40      	sev
20003d96:	bd10      	pop	{r4, pc}
20003d98:	200043d5 	.word	0x200043d5
20003d9c:	20004373 	.word	0x20004373
20003da0:	20004384 	.word	0x20004384

20003da4 <flash_init_boot2_copyout>:
20003da4:	4a08      	ldr	r2, [pc, #32]	; (20003dc8 <flash_init_boot2_copyout+0x24>)
20003da6:	b510      	push	{r4, lr}
20003da8:	7813      	ldrb	r3, [r2, #0]
20003daa:	2b00      	cmp	r3, #0
20003dac:	d10a      	bne.n	20003dc4 <flash_init_boot2_copyout+0x20>
20003dae:	2380      	movs	r3, #128	; 0x80
20003db0:	4806      	ldr	r0, [pc, #24]	; (20003dcc <flash_init_boot2_copyout+0x28>)
20003db2:	4907      	ldr	r1, [pc, #28]	; (20003dd0 <flash_init_boot2_copyout+0x2c>)
20003db4:	055b      	lsls	r3, r3, #21
20003db6:	681c      	ldr	r4, [r3, #0]
20003db8:	50c4      	str	r4, [r0, r3]
20003dba:	3304      	adds	r3, #4
20003dbc:	428b      	cmp	r3, r1
20003dbe:	d1fa      	bne.n	20003db6 <flash_init_boot2_copyout+0x12>
20003dc0:	2301      	movs	r3, #1
20003dc2:	7013      	strb	r3, [r2, #0]
20003dc4:	bd10      	pop	{r4, pc}
20003dc6:	46c0      	nop			; (mov r8, r8)
20003dc8:	2000526a 	.word	0x2000526a
20003dcc:	1000510c 	.word	0x1000510c
20003dd0:	10000100 	.word	0x10000100

20003dd4 <flash_enable_xip_via_boot2>:
20003dd4:	b510      	push	{r4, lr}
20003dd6:	4b02      	ldr	r3, [pc, #8]	; (20003de0 <flash_enable_xip_via_boot2+0xc>)
20003dd8:	3301      	adds	r3, #1
20003dda:	4798      	blx	r3
20003ddc:	bd10      	pop	{r4, pc}
20003dde:	46c0      	nop			; (mov r8, r8)
20003de0:	2000510c 	.word	0x2000510c

20003de4 <flash_range_erase>:
20003de4:	2380      	movs	r3, #128	; 0x80
20003de6:	b5f0      	push	{r4, r5, r6, r7, lr}
20003de8:	180a      	adds	r2, r1, r0
20003dea:	b085      	sub	sp, #20
20003dec:	9003      	str	r0, [sp, #12]
20003dee:	000f      	movs	r7, r1
20003df0:	045b      	lsls	r3, r3, #17
20003df2:	429a      	cmp	r2, r3
20003df4:	d905      	bls.n	20003e02 <flash_range_erase+0x1e>
20003df6:	2141      	movs	r1, #65	; 0x41
20003df8:	4b1c      	ldr	r3, [pc, #112]	; (20003e6c <flash_range_erase+0x88>)
20003dfa:	4a1d      	ldr	r2, [pc, #116]	; (20003e70 <flash_range_erase+0x8c>)
20003dfc:	481d      	ldr	r0, [pc, #116]	; (20003e74 <flash_range_erase+0x90>)
20003dfe:	f7fe f931 	bl	20002064 <__assert_func>
20003e02:	2418      	movs	r4, #24
20003e04:	2514      	movs	r5, #20
20003e06:	8823      	ldrh	r3, [r4, #0]
20003e08:	491b      	ldr	r1, [pc, #108]	; (20003e78 <flash_range_erase+0x94>)
20003e0a:	8828      	ldrh	r0, [r5, #0]
20003e0c:	4798      	blx	r3
20003e0e:	8823      	ldrh	r3, [r4, #0]
20003e10:	9002      	str	r0, [sp, #8]
20003e12:	491a      	ldr	r1, [pc, #104]	; (20003e7c <flash_range_erase+0x98>)
20003e14:	8828      	ldrh	r0, [r5, #0]
20003e16:	4798      	blx	r3
20003e18:	8823      	ldrh	r3, [r4, #0]
20003e1a:	9001      	str	r0, [sp, #4]
20003e1c:	4918      	ldr	r1, [pc, #96]	; (20003e80 <flash_range_erase+0x9c>)
20003e1e:	8828      	ldrh	r0, [r5, #0]
20003e20:	4798      	blx	r3
20003e22:	8823      	ldrh	r3, [r4, #0]
20003e24:	0006      	movs	r6, r0
20003e26:	4917      	ldr	r1, [pc, #92]	; (20003e84 <flash_range_erase+0xa0>)
20003e28:	8828      	ldrh	r0, [r5, #0]
20003e2a:	4798      	blx	r3
20003e2c:	9b02      	ldr	r3, [sp, #8]
20003e2e:	0004      	movs	r4, r0
20003e30:	2b00      	cmp	r3, #0
20003e32:	d006      	beq.n	20003e42 <flash_range_erase+0x5e>
20003e34:	9b01      	ldr	r3, [sp, #4]
20003e36:	2b00      	cmp	r3, #0
20003e38:	d003      	beq.n	20003e42 <flash_range_erase+0x5e>
20003e3a:	2e00      	cmp	r6, #0
20003e3c:	d001      	beq.n	20003e42 <flash_range_erase+0x5e>
20003e3e:	2800      	cmp	r0, #0
20003e40:	d103      	bne.n	20003e4a <flash_range_erase+0x66>
20003e42:	4b11      	ldr	r3, [pc, #68]	; (20003e88 <flash_range_erase+0xa4>)
20003e44:	4a0a      	ldr	r2, [pc, #40]	; (20003e70 <flash_range_erase+0x8c>)
20003e46:	2149      	movs	r1, #73	; 0x49
20003e48:	e7d8      	b.n	20003dfc <flash_range_erase+0x18>
20003e4a:	f7ff ffab 	bl	20003da4 <flash_init_boot2_copyout>
20003e4e:	9b02      	ldr	r3, [sp, #8]
20003e50:	4798      	blx	r3
20003e52:	9b01      	ldr	r3, [sp, #4]
20003e54:	4798      	blx	r3
20003e56:	2280      	movs	r2, #128	; 0x80
20003e58:	23d8      	movs	r3, #216	; 0xd8
20003e5a:	0252      	lsls	r2, r2, #9
20003e5c:	0039      	movs	r1, r7
20003e5e:	9803      	ldr	r0, [sp, #12]
20003e60:	47b0      	blx	r6
20003e62:	47a0      	blx	r4
20003e64:	f7ff ffb6 	bl	20003dd4 <flash_enable_xip_via_boot2>
20003e68:	b005      	add	sp, #20
20003e6a:	bdf0      	pop	{r4, r5, r6, r7, pc}
20003e6c:	20004dc9 	.word	0x20004dc9
20003e70:	20004da3 	.word	0x20004da3
20003e74:	20004df5 	.word	0x20004df5
20003e78:	00004649 	.word	0x00004649
20003e7c:	00005845 	.word	0x00005845
20003e80:	00004552 	.word	0x00004552
20003e84:	00004346 	.word	0x00004346
20003e88:	20004e3b 	.word	0x20004e3b

20003e8c <flash_range_program>:
20003e8c:	2380      	movs	r3, #128	; 0x80
20003e8e:	b5f0      	push	{r4, r5, r6, r7, lr}
20003e90:	b085      	sub	sp, #20
20003e92:	9202      	str	r2, [sp, #8]
20003e94:	1812      	adds	r2, r2, r0
20003e96:	0007      	movs	r7, r0
20003e98:	9103      	str	r1, [sp, #12]
20003e9a:	045b      	lsls	r3, r3, #17
20003e9c:	429a      	cmp	r2, r3
20003e9e:	d905      	bls.n	20003eac <flash_range_program+0x20>
20003ea0:	2158      	movs	r1, #88	; 0x58
20003ea2:	4b1c      	ldr	r3, [pc, #112]	; (20003f14 <flash_range_program+0x88>)
20003ea4:	4a1c      	ldr	r2, [pc, #112]	; (20003f18 <flash_range_program+0x8c>)
20003ea6:	481d      	ldr	r0, [pc, #116]	; (20003f1c <flash_range_program+0x90>)
20003ea8:	f7fe f8dc 	bl	20002064 <__assert_func>
20003eac:	2418      	movs	r4, #24
20003eae:	2514      	movs	r5, #20
20003eb0:	8823      	ldrh	r3, [r4, #0]
20003eb2:	491b      	ldr	r1, [pc, #108]	; (20003f20 <flash_range_program+0x94>)
20003eb4:	8828      	ldrh	r0, [r5, #0]
20003eb6:	4798      	blx	r3
20003eb8:	8823      	ldrh	r3, [r4, #0]
20003eba:	9001      	str	r0, [sp, #4]
20003ebc:	4919      	ldr	r1, [pc, #100]	; (20003f24 <flash_range_program+0x98>)
20003ebe:	8828      	ldrh	r0, [r5, #0]
20003ec0:	4798      	blx	r3
20003ec2:	8823      	ldrh	r3, [r4, #0]
20003ec4:	9000      	str	r0, [sp, #0]
20003ec6:	4918      	ldr	r1, [pc, #96]	; (20003f28 <flash_range_program+0x9c>)
20003ec8:	8828      	ldrh	r0, [r5, #0]
20003eca:	4798      	blx	r3
20003ecc:	8823      	ldrh	r3, [r4, #0]
20003ece:	0006      	movs	r6, r0
20003ed0:	4916      	ldr	r1, [pc, #88]	; (20003f2c <flash_range_program+0xa0>)
20003ed2:	8828      	ldrh	r0, [r5, #0]
20003ed4:	4798      	blx	r3
20003ed6:	9b01      	ldr	r3, [sp, #4]
20003ed8:	0004      	movs	r4, r0
20003eda:	2b00      	cmp	r3, #0
20003edc:	d006      	beq.n	20003eec <flash_range_program+0x60>
20003ede:	9b00      	ldr	r3, [sp, #0]
20003ee0:	2b00      	cmp	r3, #0
20003ee2:	d003      	beq.n	20003eec <flash_range_program+0x60>
20003ee4:	2e00      	cmp	r6, #0
20003ee6:	d001      	beq.n	20003eec <flash_range_program+0x60>
20003ee8:	2800      	cmp	r0, #0
20003eea:	d103      	bne.n	20003ef4 <flash_range_program+0x68>
20003eec:	4b10      	ldr	r3, [pc, #64]	; (20003f30 <flash_range_program+0xa4>)
20003eee:	4a0a      	ldr	r2, [pc, #40]	; (20003f18 <flash_range_program+0x8c>)
20003ef0:	2160      	movs	r1, #96	; 0x60
20003ef2:	e7d8      	b.n	20003ea6 <flash_range_program+0x1a>
20003ef4:	f7ff ff56 	bl	20003da4 <flash_init_boot2_copyout>
20003ef8:	9b01      	ldr	r3, [sp, #4]
20003efa:	4798      	blx	r3
20003efc:	9b00      	ldr	r3, [sp, #0]
20003efe:	4798      	blx	r3
20003f00:	9a02      	ldr	r2, [sp, #8]
20003f02:	9903      	ldr	r1, [sp, #12]
20003f04:	0038      	movs	r0, r7
20003f06:	47b0      	blx	r6
20003f08:	47a0      	blx	r4
20003f0a:	f7ff ff63 	bl	20003dd4 <flash_enable_xip_via_boot2>
20003f0e:	b005      	add	sp, #20
20003f10:	bdf0      	pop	{r4, r5, r6, r7, pc}
20003f12:	46c0      	nop			; (mov r8, r8)
20003f14:	20004dc9 	.word	0x20004dc9
20003f18:	20004db5 	.word	0x20004db5
20003f1c:	20004df5 	.word	0x20004df5
20003f20:	00004649 	.word	0x00004649
20003f24:	00005845 	.word	0x00005845
20003f28:	00005052 	.word	0x00005052
20003f2c:	00004346 	.word	0x00004346
20003f30:	20004e8e 	.word	0x20004e8e

20003f34 <__func__.6252>:
20003f34:	6e616863 5f6c656e 666e6f63 735f6769     channel_config_s
20003f44:	635f7465 6e696168 006f745f              et_chain_to.

20003f50 <__func__.7220>:
20003f50:	74617473 61775f65 665f7469 735f726f     state_wait_for_s
20003f60:	00636e79                                ync.

20003f64 <cmds>:
20003f64:	434e5953 00000000 00000000 00000000     SYNC............
20003f74:	2000010d 44414552 00000002 00000000     ... READ........
20003f84:	20000115 20000255 4d555343 00000002     ... U.. CSUM....
20003f94:	00000001 20000135 20000471 43435243     ....5.. q.. CRCC
20003fa4:	00000002 00000001 20000155 20000459     ........U.. Y.. 
20003fb4:	53415245 00000002 00000000 00000000     ERAS............
20003fc4:	20000215 54495257 00000002 00000001     ... WRIT........
20003fd4:	2000015d 20000435 4c414553 00000003     ].. 5.. SEAL....
	...
20003fec:	200003c1 4f474f47 00000001 00000000     ... GOGO........
20003ffc:	00000000 2000051d 4f464e49 00000000     ....... INFO....
2000400c:	00000005 00000000 2000019d 544f4f42     ........... BOOT
2000401c:	00000001 00000000 200001c9 200001d9     ........... ... 
2000402c:	69616863 6f745f6e 203d3c20 5f4d554e     chain_to <= NUM_
2000403c:	5f414d44 4e414843 534c454e 73552f00     DMA_CHANNELS./Us
2000404c:	2f737265 72646e61 696b7965 74696c73     ers/andreykislit
2000405c:	2f6e7973 6f636970 6b64732d 6372732f     syn/pico-sdk/src
2000406c:	3270722f 6d6f635f 2f6e6f6d 64726168     /rp2_common/hard
2000407c:	65726177 616d645f 636e692f 6564756c     ware_dma/include
2000408c:	7261682f 72617764 6d642f65 00682e61     /hardware/dma.h.
2000409c:	64616552 6f662079 69662072 61776d72     Ready for firmwa
200040ac:	75206572 616f6c70 74630064 6f3e2d78     re upload.ctx->o
200040bc:	646f6370 3d3d2065 444d4320 4e59535f     pcode == CMD_SYN
200040cc:	552f0043 73726573 646e612f 6b796572     C./Users/andreyk
200040dc:	696c7369 6e797374 636f442f 6e656d75     islitsyn/Documen
200040ec:	472f7374 75487469 706f2f62 6c2d6e65     ts/GitHub/open-l
200040fc:	722d6363 34303270 69622d30 61636e61     cc-rp2040-bianca
2000410c:	62696c2f 3270722f 2d303430 69726573     /lib/rp2040-seri
2000411c:	622d6c61 6c746f6f 6564616f 616d2f72     al-bootloader/ma
2000412c:	632e6e69                                 in.c.

20004131 <__func__.4489>:
20004131:	635f7768 6d69616c 656c635f 68007261     hw_claim_clear.h
20004141:	73695f77 616c635f 64656d69 74696228     w_is_claimed(bit
20004151:	62202c73 695f7469 7865646e 552f0029     s, bit_index)./U
20004161:	73726573 646e612f 6b796572 696c7369     sers/andreykisli
20004171:	6e797374 6369702f 64732d6f 72732f6b     tsyn/pico-sdk/sr
20004181:	70722f63 6f635f32 6e6f6d6d 7261682f     c/rp2_common/har
20004191:	72617764 6c635f65 2f6d6961 69616c63     dware_claim/clai
200041a1:	00632e6d                                m.c.

200041a5 <__func__.4861>:
200041a5:	5f717269 5f746573 6c637865 76697375     irq_set_exclusiv
200041b5:	61685f65 656c646e                        e_handler.

200041bf <__func__.4875>:
200041bf:	656b616d 6172625f 0068636e              make_branch.

200041cb <__func__.4883>:
200041cb:	65736e69 625f7472 636e6172 6e615f68     insert_branch_an
200041db:	696c5f64                                 d_link.

200041e2 <__func__.4887>:
200041e2:	6f736572 5f65766c 6e617262               resolve_branch.

200041f1 <__func__.4926>:
200041f1:	5f717269 6f6d6572 685f6576 6c646e61     irq_remove_handl
20004201:	                                         er.

20004204 <__func__.4948>:
20004204:	5f717269 5f646461 6c696174 5f6f745f     irq_add_tail_to_
20004214:	65657266 73696c5f 73690074 6168735f     free_list.is_sha
20004224:	5f646572 5f717269 5f776172 646e6168     red_irq_raw_hand
20004234:	2872656c 746f6c73 6e61685f 72656c64     ler(slot_handler
20004244:	78650029 74706563 006e6f69 6e756f66     ).exception.foun
20004254:	65210064 70656378 6e6f6974 207c7c20     d.!exception || 
20004264:	65637865 6f697470 3d3d206e 6d756e20     exception == num
20004274:	56202b20 4c424154 49465f45 5f545352      + VTABLE_FIRST_
20004284:	00515249 65642821 2061746c 31203e3e     IRQ.!(delta >> 1
20004294:	00297531 736c6166 75630065 6e657272     1u).false.curren
200042a4:	3d3d2074 755f5f20 6e61686e 64656c64     t == __unhandled
200042b4:	6573755f 72695f72 7c7c2071 72756320     _user_irq || cur
200042c4:	746e6572 203d3d20 646e6168 0072656c     rent == handler.
200042d4:	746c6564 3d3e2061 30322d20 26203834     delta >= -2048 &
200042e4:	65642026 2061746c 32203d3c 20363430     & delta <= 2046 
200042f4:	21202626 6c656428 26206174 00293120     && !(delta & 1).
20004304:	63317830 203d3d20 6e692a28 3e297473     0x1c == (*inst)>
20004314:	7531313e 73552f00 2f737265 72646e61     >11u./Users/andr
20004324:	696b7965 74696c73 2f6e7973 6f636970     eykislitsyn/pico
20004334:	6b64732d 6372732f 3270722f 6d6f635f     -sdk/src/rp2_com
20004344:	2f6e6f6d 64726168 65726177 7172695f     mon/hardware_irq
20004354:	7172692f                                 /irq.c.

2000435b <__func__.4776>:
2000435b:	6574756d 6e655f78 5f726574 636f6c62     mutex_enter_bloc
2000436b:	6e755f6b 006c6974                       k_until.

20004373 <__func__.4795>:
20004373:	6574756d 78655f78 74007469 6c61746f     mutex_exit.total
20004383:	73552f00 2f737265 72646e61 696b7965     ./Users/andreyki
20004393:	74696c73 2f6e7973 6f636970 6b64732d     slitsyn/pico-sdk
200043a3:	6372732f 6d6f632f 2f6e6f6d 6f636970     /src/common/pico
200043b3:	6e79735f 756d2f63 2e786574 746d0063     _sync/mutex.c.mt
200043c3:	633e2d78 2e65726f 6e697073 636f6c5f     x->core.spin_loc
200043d3:	6f6c006b 695f6b63 776f5f73 5f72656e     k.lock_is_owner_
200043e3:	765f6469 64696c61 78746d28 776f3e2d     id_valid(mtx->ow
200043f3:	2972656e 78746d00 6e653e2d 5f726574     ner).mtx->enter_
20004403:	6e756f63                                 count.

20004409 <__func__.5761>:
20004409:	61647075 755f6574 69735f73 5f65636e     update_us_since_
20004419:	746f6f62                                 boot.

2000441e <__func__.6105>:
2000441e:	675f6870 6e5f7465 0065646f              ph_get_node.

2000442a <__func__.6112>:
2000442a:	615f6870 635f6464 646c6968 646f6e5f     ph_add_child_nod
2000443a:	                                         e.

2000443c <__func__.6150>:
2000443c:	665f6870 5f656572 65646f6e               ph_free_node.

20004449 <__func__.6379>:
20004449:	5f746567 72746e65                        get_entry.

20004453 <__func__.6384>:
20004453:	5f746567 72746e65 64695f79 6769685f     get_entry_id_hig
20004463:	                                         h.

20004465 <__func__.6399>:
20004465:	72616c61 6f705f6d 675f6c6f 645f7465     alarm_pool_get_d
20004475:	75616665                                 efault.

2000447c <__func__.6410>:
2000447c:	5f646461 72616c61 6e755f6d 5f726564     add_alarm_under_
2000448c:	6b636f6c                                 lock.

20004491 <__func__.6427>:
20004491:	72616c61 6f705f6d 615f6c6f 6d72616c     alarm_pool_alarm
200044a1:	6c61635f 6361626c                        _callback.

200044ab <__func__.6480>:
200044ab:	72616c61 6f705f6d 635f6c6f 65636e61     alarm_pool_cance
200044bb:	6c615f6c 006d7261 5f687021 746e6f63     l_alarm.!ph_cont
200044cb:	736e6961 646f6e5f 6f702865 3e2d6c6f     ains_node(pool->
200044db:	70616568 6572202c 5f657375 00296469     heap, reuse_id).
200044eb:	6f6d6572 5f646576 3d206469 656e203d     removed_id == ne
200044fb:	695f7478 61630064 61626c6c 70006b63     xt_id.callback.p
2000450b:	2d6c6f6f 616c613e 695f6d72 72705f6e     ool->alarm_in_pr
2000451b:	6572676f 3d207373 616d203d 705f656b     ogress == make_p
2000452b:	696c6275 64695f63 5f646928 68676968     ublic_id(id_high
2000453b:	656e202c 695f7478 69002964 26262064     , next_id).id &&
2000454b:	68702120 6e6f635f 6e696174 6f6e5f73      !ph_contains_no
2000455b:	68286564 2c706165 29646920 65682100     de(heap, id).!he
2000456b:	3e2d7061 65657266 6961745f 64695f6c     ap->free_tail_id
2000457b:	616c6100 695f6d72 3d212064 6f6f7020     .alarm_id != poo
2000458b:	613e2d6c 6d72616c 5f6e695f 676f7270     l->alarm_in_prog
2000459b:	73736572 00637200 61666564 5f746c75     ress.rc.default_
200045ab:	72616c61 6f705f6d 695f6c6f 6974696e     alarm_pool_initi
200045bb:	7a696c61 29286465 20646900 69202626     alized().id && i
200045cb:	3d3c2064 6f6f7020 683e2d6c 2d706165     d <= pool->heap-
200045db:	78616d3e 646f6e5f 2f007365 72657355     >max_nodes./User
200045eb:	6e612f73 79657264 6c73696b 79737469     s/andreykislitsy
200045fb:	69702f6e 732d6f63 732f6b64 632f6372     n/pico-sdk/src/c
2000460b:	6f6d6d6f 69702f6e 745f6f63 2f656d69     ommon/pico_time/
2000461b:	656d6974 7000632e 6e657261 64695f74     time.c.parent_id
2000462b:	72617000 5f746e65 21206469 6863203d     .parent_id != ch
2000463b:	5f646c69 69006469 26262064 20646920     ild_id.id && id 
2000464b:	68203d3c 2d706165 78616d3e 646f6e5f     <= heap->max_nod
2000465b:	2f007365 72657355 6e612f73 79657264     es./Users/andrey
2000466b:	6c73696b 79737469 69702f6e 732d6f63     kislitsyn/pico-s
2000467b:	732f6b64 632f6372 6f6d6d6f 69702f6e     dk/src/common/pi
2000468b:	755f6f63 2f6c6974 6c636e69 2f656475     co_util/include/
2000469b:	6f636970 6974752f 68702f6c 2e706165     pico/util/pheap.
200046ab:	74410068 706d6574 20646574 73206f74     h.Attempted to s
200046bb:	7065656c 736e6920 20656469 6120666f     leep inside of a
200046cb:	7865206e 74706563 206e6f69 646e6168     n exception hand
200046db:	3b72656c 65737520 73756220 61775f79     ler; use busy_wa
200046eb:	69207469 6f792066 756d2075 75007473     it if you must.u
200046fb:	69735f73 5f65636e 746f6f62 203d3c20     s_since_boot <= 
2000470b:	36544e49 414d5f34 552f0058 73726573     INT64_MAX./Users
2000471b:	646e612f 6b796572 696c7369 6e797374     /andreykislitsyn
2000472b:	6369702f 64732d6f 72732f6b 6f632f63     /pico-sdk/src/co
2000473b:	6e6f6d6d 6369702f 61625f6f 692f6573     mmon/pico_base/i
2000474b:	756c636e 702f6564 2f6f6369 65707974     nclude/pico/type
2000475b:	00682e73                                s.h.

2000475f <__func__.4265>:
2000475f:	61647075 755f6574 69735f73 5f65636e     update_us_since_
2000476f:	746f6f62                                 boot.

20004774 <__func__.4642>:
20004774:	64726168 65726177 616c615f 735f6d72     hardware_alarm_s
20004784:	745f7465 65677261 61480074 61776472     et_target.Hardwa
20004794:	61206572 6d72616c 20642520 65726c61     re alarm %d alre
200047a4:	20796461 69616c63 0064656d 656d6974     ady claimed.time
200047b4:	77685f72 6e693e2d 26207374 20753120     r_hw->ints & 1u 
200047c4:	61203c3c 6d72616c 6d756e5f 73552f00     << alarm_num./Us
200047d4:	2f737265 72646e61 696b7965 74696c73     ers/andreykislit
200047e4:	2f6e7973 6f636970 6b64732d 6372732f     syn/pico-sdk/src
200047f4:	3270722f 6d6f635f 2f6e6f6d 64726168     /rp2_common/hard
20004804:	65726177 6d69745f 742f7265 72656d69     ware_timer/timer
20004814:	                                         .c.

20004817 <__func__.5786>:
20004817:	675f6870 6e5f7465 0065646f              ph_get_node.

20004823 <__func__.5793>:
20004823:	615f6870 635f6464 646c6968 646f6e5f     ph_add_child_nod
20004833:	                                         e.

20004835 <__func__.5879>:
20004835:	725f6870 766f6d65 6e615f65 65685f79     ph_remove_any_he
20004845:	                                         ad.

20004848 <__func__.5897>:
20004848:	725f6870 766f6d65 6e615f65 72665f64     ph_remove_and_fr
20004858:	6e5f6565 0065646f 5f77656e 5f627573     ee_node.new_sub_
20004868:	65657274 203d2120 70616568 6f723e2d     tree != heap->ro
20004878:	695f746f 552f0064 73726573 646e612f     ot_id./Users/and
20004888:	6b796572 696c7369 6e797374 6369702f     reykislitsyn/pic
20004898:	64732d6f 72732f6b 6f632f63 6e6f6d6d     o-sdk/src/common
200048a8:	6369702f 74755f6f 702f6c69 70616568     /pico_util/pheap
200048b8:	2100632e 675f6870 6e5f7465 2865646f     .c.!ph_get_node(
200048c8:	70616568 6f72202c 695f746f 3e2d2964     heap, root_id)->
200048d8:	6c626973 00676e69 5f687021 5f746567     sibling.!ph_get_
200048e8:	65646f6e 61656828 72202c70 5f746f6f     node(heap, root_
200048f8:	2d296469 7261703e 00746e65              id)->parent.

20004904 <__func__.4828>:
20004904:	636f6c63 6f635f6b 6769666e 00657275     clock_configure.
20004914:	5f637273 71657266 203d3e20 71657266     src_freq >= freq
20004924:	73552f00 2f737265 72646e61 696b7965     ./Users/andreyki
20004934:	74696c73 2f6e7973 6f636970 6b64732d     slitsyn/pico-sdk
20004944:	6372732f 3270722f 6d6f635f 2f6e6f6d     /src/rp2_common/
20004954:	64726168 65726177 6f6c635f 2f736b63     hardware_clocks/
20004964:	636f6c63 632e736b                        clocks.c.

2000496d <__func__.4485>:
2000496d:	5f6c6c70 74696e69 6f637600 6572665f     pll_init.vco_fre
2000497d:	3d3e2071 49502820 505f4f43 565f4c4c     q >= (PICO_PLL_V
2000498d:	4d5f4f43 465f4e49 5f514552 205a484b     CO_MIN_FREQ_KHZ 
2000499d:	484b202a 2620295a 63762026 72665f6f     * KHZ) && vco_fr
200049ad:	3c207165 5028203d 5f4f4349 5f4c4c50     eq <= (PICO_PLL_
200049bd:	5f4f4356 5f58414d 51455246 5a484b5f     VCO_MAX_FREQ_KHZ
200049cd:	4b202a20 00295a48 6573552f 612f7372      * KHZ)./Users/a
200049dd:	6572646e 73696b79 7374696c 702f6e79     ndreykislitsyn/p
200049ed:	2d6f6369 2f6b6473 2f637273 5f327072     ico-sdk/src/rp2_
200049fd:	6d6d6f63 682f6e6f 77647261 5f657261     common/hardware_
20004a0d:	2f6c6c70 2e6c6c70 62660063 20766964     pll/pll.c.fbdiv 
20004a1d:	31203d3e 26262036 64626620 3c207669     >= 16 && fbdiv <
20004a2d:	3233203d 70280030 5f74736f 31766964     = 320.(post_div1
20004a3d:	203d3e20 26262031 736f7020 69645f74      >= 1 && post_di
20004a4d:	3c203176 2937203d 20262620 736f7028     v1 <= 7) && (pos
20004a5d:	69645f74 3e203276 2031203d 70202626     t_div2 >= 1 && p
20004a6d:	5f74736f 32766964 203d3c20 2c002937     ost_div2 <= 7).,
20004a7d:	6e756620 6f697463 00203a6e 65737361      function: .asse
20004a8d:	6f697472 2522206e 66202273 656c6961     rtion "%s" faile
20004a9d:	66203a64 20656c69 22732522 696c202c     d: file "%s", li
20004aad:	2520656e 25732564                        ne %d%s%s..

20004ab8 <__func__.6446>:
20004ab8:	746e7572 5f656d69 74696e69 2a2a0a00     runtime_init..**
20004ac8:	4150202a 2043494e 0a2a2a2a 3d203100     * PANIC ***..1 =
20004ad8:	7528203d 70746e69 745f7274 3e2d6c29     = (uintptr_t)l->
20004ae8:	6e697073 636f6c5f 552f006b 73726573     spin_lock./Users
20004af8:	646e612f 6b796572 696c7369 6e797374     /andreykislitsyn
20004b08:	6369702f 64732d6f 72732f6b 70722f63     /pico-sdk/src/rp
20004b18:	6f635f32 6e6f6d6d 6369702f 75725f6f     2_common/pico_ru
20004b28:	6d69746e 75722f65 6d69746e 00632e65     ntime/runtime.c.
20004b38:	00696e66 2b696e66 6e616e00 696e6600     fni.fni+.nan.fni
20004b48:	0000002d 00000000                       -.......

20004b50 <pow10.5491>:
20004b50:	00000000 3ff00000 00000000 40240000     .......?......$@
20004b60:	00000000 40590000 00000000 408f4000     ......Y@.....@.@
20004b70:	00000000 40c38800 00000000 40f86a00     .......@.....j.@
20004b80:	00000000 412e8480 00000000 416312d0     .......A......cA
20004b90:	00000000 4197d784 00000000 41cdcd65     .......A....e..A
20004ba0:	7528282a 38746e69 2a20745f 6d6f7229     *((uint8_t *)rom
20004bb0:	7461645f 6f6c5f61 70756b6f 6d6f7228     _data_lookup(rom
20004bc0:	6261745f 635f656c 2865646f 2c275327     _table_code('S',
20004bd0:	27462720 322d2929 202a2029 3d3e2034      'F'))-2) * 4 >=
20004be0:	5f465320 4c424154 32565f45 5a49535f      SF_TABLE_V2_SIZ
20004bf0:	552f0045 73726573 646e612f 6b796572     E./Users/andreyk
20004c00:	696c7369 6e797374 6369702f 64732d6f     islitsyn/pico-sd
20004c10:	72732f6b 70722f63 6f635f32 6e6f6d6d     k/src/rp2_common
20004c20:	6369702f 6f645f6f 656c6275 756f642f     /pico_double/dou
20004c30:	5f656c62 74696e69 6d6f725f               ble_init_rom.c.

20004c3f <__func__.4812>:
20004c3f:	65615f5f 5f696261 62756f64 695f656c     __aeabi_double_i
20004c4f:	0074696e 7373696d 20676e69 62756f64     nit.missing doub
20004c5f:	6620656c 74636e75 006e6f69 7528282a     le function.*((u
20004c6f:	38746e69 2a20745f 6d6f7229 6261745f     int8_t *)rom_tab
20004c7f:	322d656c 202a2029 3d3e2034 5f465320     le-2) * 4 >= SF_
20004c8f:	4c424154 32565f45 5a49535f 552f0045     TABLE_V2_SIZE./U
20004c9f:	73726573 646e612f 6b796572 696c7369     sers/andreykisli
20004caf:	6e797374 6369702f 64732d6f 72732f6b     tsyn/pico-sdk/sr
20004cbf:	70722f63 6f635f32 6e6f6d6d 6369702f     c/rp2_common/pic
20004ccf:	6c665f6f 2f74616f 616f6c66 6e695f74     o_float/float_in
20004cdf:	725f7469 632e6d6f                        it_rom.c.

20004ce8 <__func__.4810>:
20004ce8:	65615f5f 5f696261 616f6c66 6e695f74     __aeabi_float_in
20004cf8:	                                         it.

20004cfb <__bi_44>:
20004cfb:	50520006 b63cffbb 20004d3b              ..RP..<.;M. 

20004d07 <__bi_75>:
20004d07:	50520006 7f8882e1 20004d27              ..RP....'M. 

20004d13 <__bi_81>:
20004d13:	50520006 4275f0d3 20004d1f 656c6552     ..RP..uB.M. Rele
20004d23:	00657361 746f6f62 32775f32 38307135     ase.boot2_w25q08
20004d33:	2e310030 00312e35 75647261 5f6f6e69     0.1.5.1.arduino_
20004d43:	6f6e616e 3270725f 5f303430 6e6e6f63     nano_rp2040_conn
20004d53:	00746365 746f6f62 64616f6c 4d007265     ect.bootloader.M
20004d63:	31207961 30322035                        ay 15 2026.

20004d6e <__func__.5626>:
20004d6e:	61647075 755f6574 69735f73 5f65636e     update_us_since_
20004d7e:	746f6f62                                 boot.

20004d83 <crlf_str.6293>:
20004d83:	6f4e0a0d 414d4420 61686320 6c656e6e     ..No DMA channel
20004d93:	72612073 76612065 616c6961 00656c62     s are available.

20004da3 <__func__.4504>:
20004da3:	73616c66 61725f68 5f65676e 73617265     flash_range_eras
20004db3:	                                         e.

20004db5 <__func__.4514>:
20004db5:	73616c66 61725f68 5f65676e 676f7270     flash_range_prog
20004dc5:	006d6172 73616c66 666f5f68 2b207366     ram.flash_offs +
20004dd5:	756f6320 3c20746e 4950203d 465f4f43      count <= PICO_F
20004de5:	4853414c 5a49535f 59425f45 00534554     LASH_SIZE_BYTES.
20004df5:	6573552f 612f7372 6572646e 73696b79     /Users/andreykis
20004e05:	7374696c 702f6e79 2d6f6369 2f6b6473     litsyn/pico-sdk/
20004e15:	2f637273 5f327072 6d6d6f63 682f6e6f     src/rp2_common/h
20004e25:	77647261 5f657261 73616c66 6c662f68     ardware_flash/fl
20004e35:	2e687361 6f630063 63656e6e 6e695f74     ash.c.connect_in
20004e45:	6e726574 665f6c61 6873616c 20262620     ternal_flash && 
20004e55:	73616c66 78655f68 785f7469 26207069     flash_exit_xip &
20004e65:	6c662026 5f687361 676e6172 72655f65     & flash_range_er
20004e75:	20657361 66202626 6873616c 756c665f     ase && flash_flu
20004e85:	635f6873 65686361 6e6f6300 7463656e     sh_cache.connect
20004e95:	746e695f 616e7265 6c665f6c 20687361     _internal_flash 
20004ea5:	66202626 6873616c 6978655f 69785f74     && flash_exit_xi
20004eb5:	26262070 616c6620 725f6873 65676e61     p && flash_range
20004ec5:	6f72705f 6d617267 20262620 73616c66     _program && flas
20004ed5:	6c665f68 5f687375 68636163 6f630065     h_flush_cache.co
20004ee5:	63656e6e 6e695f74 6e726574 665f6c61     nnect_internal_f
20004ef5:	6873616c 20262620 73616c66 78655f68     lash && flash_ex
20004f05:	785f7469 26207069 6c662026 5f687361     it_xip && flash_
20004f15:	73756c66 61635f68 00656863               flush_cache....

20004f24 <striped_spin_lock_num>:
20004f24:	00000010                                ....

20004f28 <irq_handler_chain_slots>:
20004f28:	00000000 	.word	0x00000000
20004f2c:	00010000 	.word	0x00010000
	...
20004f38:	00020000 	.word	0x00020000
	...
20004f44:	00030000 	.word	0x00030000
	...
20004f50:	00ff0000 	.word	0x00ff0000
20004f54:	00000000 	.word	0x00000000

20004f58 <irq_handler_chain_first_slot>:
20004f58:	b501      	push	{r0, lr}
20004f5a:	6848      	ldr	r0, [r1, #4]
20004f5c:	3101      	adds	r1, #1
20004f5e:	468e      	mov	lr, r1
20004f60:	4700      	bx	r0

20004f62 <irq_handler_chain_remove_tail>:
20004f62:	4670      	mov	r0, lr
20004f64:	3809      	subs	r0, #9
20004f66:	4901      	ldr	r1, [pc, #4]	; (20004f6c <irq_handler_chain_remove_tail+0xa>)
20004f68:	4788      	blx	r1
20004f6a:	bd01      	pop	{r0, pc}
20004f6c:	20000c5d 	.word	0x20000c5d

20004f70 <default_alarm_pool>:
20004f70:	20004f88 00000000 20004fe0 2000526c     .O. .....O. lR. 
	...

20004f88 <default_alarm_pool_heap>:
20004f88:	2000527c 00000000 00000000 00000010     |R. ............
	...

20004fa0 <aeabi_bits_funcs>:
20004fa0:	00003350 	.word	0x00003350
20004fa4:	0000334c 	.word	0x0000334c
20004fa8:	00003354 	.word	0x00003354
20004fac:	00003352 	.word	0x00003352

20004fb0 <aeabi_bits_funcs_end>:
20004fb0:	0000534d 	.word	0x0000534d
20004fb4:	0000434d 	.word	0x0000434d
20004fb8:	00003453 	.word	0x00003453
20004fbc:	00003443 	.word	0x00003443

20004fc0 <aeabi_mem_funcs_end>:
	...

20004fc8 <__mutex_array_end>:
20004fc8:	200038bd 	.word	0x200038bd
20004fcc:	2000303d 	.word	0x2000303d
20004fd0:	2000370d 	.word	0x2000370d
20004fd4:	2000383d 	.word	0x2000383d

20004fd8 <__frame_dummy_init_array_entry>:
20004fd8:	200000ed 20003b89                       ... .;. 
