// ASM-ified version of: /Users/andreykislitsyn/Documents/GitHub/open-lcc-rp2040-bianca/build/bootloader.bin

.cpu cortex-m0plus
.thumb

.section .boot3, "ax"

.byte 0x00, 0xb5, 0x32, 0x4b, 0x21, 0x20, 0x58, 0x60, 0x98, 0x68, 0x02, 0x21, 0x88, 0x43, 0x98, 0x60
.byte 0xd8, 0x60, 0x18, 0x61, 0x58, 0x61, 0x2e, 0x4b, 0x00, 0x21, 0x99, 0x60, 0x02, 0x21, 0x59, 0x61
.byte 0x01, 0x21, 0xf0, 0x22, 0x99, 0x50, 0x2b, 0x49, 0x19, 0x60, 0x01, 0x21, 0x99, 0x60, 0x35, 0x20
.byte 0x00, 0xf0, 0x44, 0xf8, 0x02, 0x22, 0x90, 0x42, 0x14, 0xd0, 0x06, 0x21, 0x19, 0x66, 0x00, 0xf0
.byte 0x34, 0xf8, 0x19, 0x6e, 0x01, 0x21, 0x19, 0x66, 0x00, 0x20, 0x18, 0x66, 0x1a, 0x66, 0x00, 0xf0
.byte 0x2c, 0xf8, 0x19, 0x6e, 0x19, 0x6e, 0x19, 0x6e, 0x05, 0x20, 0x00, 0xf0, 0x2f, 0xf8, 0x01, 0x21
.byte 0x08, 0x42, 0xf9, 0xd1, 0x00, 0x21, 0x99, 0x60, 0x1b, 0x49, 0x19, 0x60, 0x00, 0x21, 0x59, 0x60
.byte 0x1a, 0x49, 0x1b, 0x48, 0x01, 0x60, 0x01, 0x21, 0x99, 0x60, 0xeb, 0x21, 0x19, 0x66, 0xa0, 0x21
.byte 0x19, 0x66, 0x00, 0xf0, 0x12, 0xf8, 0x00, 0x21, 0x99, 0x60, 0x16, 0x49, 0x14, 0x48, 0x01, 0x60
.byte 0x01, 0x21, 0x99, 0x60, 0x01, 0xbc, 0x00, 0x28, 0x00, 0xd0, 0x00, 0x47, 0x12, 0x48, 0x13, 0x49
.byte 0x08, 0x60, 0x03, 0xc8, 0x80, 0xf3, 0x08, 0x88, 0x08, 0x47, 0x03, 0xb5, 0x99, 0x6a, 0x04, 0x20
.byte 0x01, 0x42, 0xfb, 0xd0, 0x01, 0x20, 0x01, 0x42, 0xf8, 0xd1, 0x03, 0xbd, 0x02, 0xb5, 0x18, 0x66
.byte 0x18, 0x66, 0xff, 0xf7, 0xf2, 0xff, 0x18, 0x6e, 0x18, 0x6e, 0x02, 0xbd, 0x00, 0x00, 0x02, 0x40
.byte 0x00, 0x00, 0x00, 0x18, 0x00, 0x00, 0x07, 0x00, 0x00, 0x03, 0x5f, 0x00, 0x21, 0x22, 0x00, 0x00
.byte 0xf4, 0x00, 0x00, 0x18, 0x22, 0x20, 0x00, 0xa0, 0x00, 0x01, 0x00, 0x10, 0x08, 0xed, 0x00, 0xe0
.byte 0x00, 0x00, 0x00, 0x00, 0x00, 0x00, 0x00, 0x00, 0x00, 0x00, 0x00, 0x00, 0x74, 0xb2, 0x4e, 0x7a
.byte 0x00, 0x20, 0x04, 0x20, 0xf7, 0x01, 0x00, 0x10, 0xc3, 0x01, 0x00, 0x10, 0xc5, 0x01, 0x00, 0x10
.byte 0xc1, 0x01, 0x00, 0x10, 0xc1, 0x01, 0x00, 0x10, 0xc1, 0x01, 0x00, 0x10, 0xc1, 0x01, 0x00, 0x10
.byte 0xc1, 0x01, 0x00, 0x10, 0xc1, 0x01, 0x00, 0x10, 0xc1, 0x01, 0x00, 0x10, 0xc7, 0x01, 0x00, 0x10
.byte 0xc1, 0x01, 0x00, 0x10, 0xc1, 0x01, 0x00, 0x10, 0xc9, 0x01, 0x00, 0x10, 0xcb, 0x01, 0x00, 0x10
.byte 0xcd, 0x01, 0x00, 0x10, 0xcd, 0x01, 0x00, 0x10, 0xcd, 0x01, 0x00, 0x10, 0xcd, 0x01, 0x00, 0x10
.byte 0xcd, 0x01, 0x00, 0x10, 0xcd, 0x01, 0x00, 0x10, 0xcd, 0x01, 0x00, 0x10, 0xcd, 0x01, 0x00, 0x10
.byte 0xcd, 0x01, 0x00, 0x10, 0xcd, 0x01, 0x00, 0x10, 0xcd, 0x01, 0x00, 0x10, 0xcd, 0x01, 0x00, 0x10
.byte 0xcd, 0x01, 0x00, 0x10, 0xcd, 0x01, 0x00, 0x10, 0xcd, 0x01, 0x00, 0x10, 0xcd, 0x01, 0x00, 0x10
.byte 0xcd, 0x01, 0x00, 0x10, 0xcd, 0x01, 0x00, 0x10, 0xcd, 0x01, 0x00, 0x10, 0xcd, 0x01, 0x00, 0x10
.byte 0xcd, 0x01, 0x00, 0x10, 0xcd, 0x01, 0x00, 0x10, 0xcd, 0x01, 0x00, 0x10, 0xcd, 0x01, 0x00, 0x10
.byte 0xcd, 0x01, 0x00, 0x10, 0xcd, 0x01, 0x00, 0x10, 0xcd, 0x01, 0x00, 0x10, 0xcd, 0x01, 0x00, 0x10
.byte 0xcd, 0x01, 0x00, 0x10, 0xcd, 0x01, 0x00, 0x10, 0xcd, 0x01, 0x00, 0x10, 0xcd, 0x01, 0x00, 0x10
.byte 0x00, 0xbe, 0x00, 0xbe, 0x00, 0xbe, 0x00, 0xbe, 0x00, 0xbe, 0x00, 0xbe, 0xef, 0xf3, 0x05, 0x80
.byte 0x10, 0x38, 0x00, 0xbe, 0xf2, 0xeb, 0x88, 0x71, 0xd8, 0x02, 0x00, 0x10, 0xf4, 0x02, 0x00, 0x10
.byte 0x34, 0x02, 0x00, 0x10, 0x90, 0xa3, 0x1a, 0xe7, 0x00, 0x20, 0x22, 0x49, 0x08, 0x60, 0x06, 0xc8
.byte 0x81, 0xf3, 0x08, 0x88, 0x10, 0x47, 0x20, 0x48, 0x00, 0x68, 0x00, 0x28, 0x35, 0xd1, 0x0d, 0xa4
.byte 0x0e, 0xcc, 0x00, 0x29, 0x02, 0xd0, 0x00, 0xf0, 0x12, 0xf8, 0xf9, 0xe7, 0x1b, 0x49, 0x1c, 0x4a
.byte 0x00, 0x20, 0x00, 0xe0, 0x01, 0xc1, 0x91, 0x42, 0xfc, 0xd1, 0x1a, 0x49, 0x88, 0x47, 0x1a, 0x49
.byte 0x88, 0x47, 0x1a, 0x49, 0x88, 0x47, 0x00, 0xbe, 0xfd, 0xe7, 0x01, 0xc9, 0x01, 0xc2, 0x9a, 0x42
.byte 0xfb, 0xd3, 0x70, 0x47, 0xf4, 0x02, 0x00, 0x10, 0xc0, 0x00, 0x00, 0x20, 0x64, 0x3c, 0x00, 0x20
.byte 0x98, 0x3e, 0x00, 0x10, 0x70, 0x3c, 0x00, 0x20, 0xe0, 0x4f, 0x00, 0x20, 0x08, 0x52, 0x00, 0x10
.byte 0x00, 0x00, 0x04, 0x20, 0x00, 0x00, 0x04, 0x20, 0x08, 0x52, 0x00, 0x10, 0x00, 0x10, 0x04, 0x20
.byte 0x00, 0x10, 0x04, 0x20, 0x00, 0x00, 0x00, 0x00, 0x70, 0x47, 0x09, 0x48, 0x00, 0xf0, 0x14, 0xf8
.byte 0x00, 0x47, 0x00, 0x00, 0x08, 0xed, 0x00, 0xe0, 0x00, 0x00, 0x00, 0xd0, 0xe0, 0x4f, 0x00, 0x20
.byte 0xb8, 0x54, 0x00, 0x20, 0x95, 0x20, 0x00, 0x20, 0x69, 0x05, 0x00, 0x20, 0x5d, 0x20, 0x00, 0x20
.byte 0x57, 0x56, 0x00, 0x00, 0x00, 0x00, 0x00, 0x00, 0x01, 0xb4, 0x02, 0x48, 0x84, 0x46, 0x01, 0xbc
.byte 0x60, 0x47, 0x00, 0xbf, 0x4d, 0x30, 0x00, 0x20, 0x06, 0x00, 0x52, 0x50, 0xab, 0xb3, 0x60, 0x53
.byte 0x35, 0x4d, 0x00, 0x20, 0x06, 0x00, 0x52, 0x50, 0x86, 0x1c, 0x03, 0x02, 0x57, 0x4d, 0x00, 0x20
.byte 0x06, 0x00, 0x52, 0x50, 0x54, 0x22, 0xa2, 0x9d, 0x62, 0x4d, 0x00, 0x20, 0x05, 0x00, 0x52, 0x50
.byte 0xde, 0x65, 0xf4, 0x68, 0x08, 0x52, 0x00, 0x10, 0xcc, 0x02, 0x00, 0x10, 0xc0, 0x02, 0x00, 0x10
.byte 0xb4, 0x02, 0x00, 0x10, 0xfb, 0x4c, 0x00, 0x20, 0xa8, 0x02, 0x00, 0x10, 0x07, 0x4d, 0x00, 0x20
.byte 0x13, 0x4d, 0x00, 0x20, 0xf8, 0xb5, 0xc0, 0x46, 0x10, 0xb5, 0x06, 0x4c, 0x23, 0x78, 0x00, 0x2b
.byte 0x07, 0xd1, 0x05, 0x4b, 0x00, 0x2b, 0x02, 0xd0, 0x04, 0x48, 0x00, 0xe0, 0x00, 0xbf, 0x01, 0x23
.byte 0x23, 0x70, 0x10, 0xbd, 0xe0, 0x50, 0x00, 0x20, 0x00, 0x00, 0x00, 0x00, 0x64, 0x3c, 0x00, 0x20
.byte 0x04, 0x4b, 0x10, 0xb5, 0x00, 0x2b, 0x03, 0xd0, 0x03, 0x49, 0x04, 0x48, 0x00, 0xe0, 0x00, 0xbf
.byte 0x10, 0xbd, 0xc0, 0x46, 0x00, 0x00, 0x00, 0x00, 0xe4, 0x50, 0x00, 0x20, 0x64, 0x3c, 0x00, 0x20
.byte 0x00, 0x48, 0x70, 0x47, 0x50, 0x49, 0x43, 0x4f, 0x43, 0x68, 0x80, 0x20, 0xc0, 0x00, 0x83, 0x42
.byte 0x04, 0xd8, 0x00, 0x20, 0x08, 0x60, 0x02, 0x48, 0x13, 0x60, 0x70, 0x47, 0x01, 0x48, 0xfc, 0xe7
.byte 0x4f, 0x4b, 0x4f, 0x4b, 0x45, 0x52, 0x52, 0x21, 0x03, 0x68, 0x40, 0x68, 0x03, 0x43, 0x03, 0x20
.byte 0x03, 0x40, 0x03, 0xd1, 0x02, 0x48, 0x0b, 0x60, 0x13, 0x60, 0x70, 0x47, 0x01, 0x48, 0xfc, 0xe7
.byte 0x4f, 0x4b, 0x4f, 0x4b, 0x45, 0x52, 0x52, 0x21, 0x10, 0xb5, 0xff, 0xf7, 0xed, 0xff, 0x10, 0xbd
.byte 0x30, 0xb5, 0x03, 0x68, 0x0a, 0x4c, 0xa3, 0x42, 0x10, 0xd9, 0x40, 0x68, 0x09, 0x4c, 0x1d, 0x18
.byte 0xa5, 0x42, 0x0b, 0xd8, 0x03, 0x43, 0xdb, 0xb2, 0x00, 0x2b, 0x07, 0xd1, 0x80, 0x24, 0xe4, 0x00
.byte 0xa0, 0x42, 0x03, 0xd8, 0x08, 0x60, 0x04, 0x48, 0x13, 0x60, 0x30, 0xbd, 0x03, 0x48, 0xfc, 0xe7
.byte 0xff, 0x6f, 0x00, 0x10, 0xff, 0xff, 0xff, 0x10, 0x4f, 0x4b, 0x4f, 0x4b, 0x45, 0x52, 0x52, 0x21
.byte 0x07, 0x4b, 0x08, 0x48, 0x13, 0x60, 0x08, 0x4b, 0x53, 0x60, 0x80, 0x23, 0x5b, 0x01, 0x93, 0x60
.byte 0x80, 0x23, 0x5b, 0x00, 0xd3, 0x60, 0x80, 0x23, 0xdb, 0x00, 0x13, 0x61, 0x70, 0x47, 0xc0, 0x46
.byte 0x00, 0x70, 0x00, 0x10, 0x4f, 0x4b, 0x4f, 0x4b, 0x00, 0x90, 0xff, 0x00, 0x00, 0x23, 0x02, 0x48
.byte 0x0b, 0x60, 0x13, 0x60, 0x70, 0x47, 0xc0, 0x46, 0x4f, 0x4b, 0x4f, 0x4b, 0x80, 0x21, 0x0a, 0x4b
.byte 0x02, 0x68, 0xc9, 0x05, 0x10, 0xb5, 0x19, 0x60, 0x08, 0x4b, 0x00, 0x2a, 0x09, 0xd0, 0x08, 0x4a
.byte 0x1a, 0x62, 0x08, 0x4a, 0x5a, 0x62, 0x00, 0x22, 0x11, 0x00, 0x10, 0x00, 0x01, 0xf0, 0xfa, 0xfe
.byte 0xfe, 0xe7, 0x1a, 0x62, 0xf6, 0xe7, 0xc0, 0x46, 0x00, 0xb0, 0x05, 0x40, 0x00, 0x80, 0x05, 0x40
.byte 0x0d, 0xf0, 0x05, 0xb1, 0xf2, 0x0f, 0xfa, 0x4e, 0x03, 0x68, 0x0b, 0x4a, 0x10, 0xb5, 0x93, 0x42
.byte 0x0f, 0xd9, 0x41, 0x68, 0x09, 0x4a, 0x58, 0x18, 0x90, 0x42, 0x0a, 0xd8, 0x1a, 0x00, 0x0a, 0x43
.byte 0x12, 0x05, 0x06, 0xd1, 0xf0, 0x22, 0x12, 0x06, 0x98, 0x18, 0x03, 0xf0, 0xd5, 0xfd, 0x04, 0x48
.byte 0x10, 0xbd, 0x04, 0x48, 0xfc, 0xe7, 0xc0, 0x46, 0xff, 0x5f, 0x00, 0x10, 0xff, 0xff, 0xff, 0x10
.byte 0x4f, 0x4b, 0x4f, 0x4b, 0x45, 0x52, 0x52, 0x21, 0x10, 0xb5, 0x06, 0xc8, 0x18, 0x00, 0x03, 0xf0
.byte 0x3d, 0xfb, 0x01, 0x48, 0x10, 0xbd, 0xc0, 0x46, 0x4f, 0x4b, 0x4f, 0x4b, 0x10, 0x22, 0x10, 0xb5
.byte 0x05, 0x4b, 0x41, 0x18, 0x88, 0x42, 0x00, 0xd1, 0x10, 0xbd, 0x9c, 0x69, 0x14, 0x42, 0xfc, 0xd1
.byte 0x1c, 0x68, 0x04, 0x70, 0x01, 0x30, 0xf5, 0xe7, 0x00, 0x40, 0x03, 0x40, 0x20, 0x22, 0x10, 0xb5
.byte 0x05, 0x4b, 0x41, 0x18, 0x88, 0x42, 0x00, 0xd1, 0x10, 0xbd, 0x9c, 0x69, 0x14, 0x42, 0xfc, 0xd1
.byte 0x04, 0x78, 0x01, 0x30, 0x1c, 0x60, 0xf5, 0xe7, 0x00, 0x40, 0x03, 0x40, 0x10, 0xb5, 0x0c, 0x28
.byte 0x05, 0xd9, 0x05, 0x4b, 0x05, 0x4a, 0xc3, 0x21, 0x05, 0x48, 0x01, 0xf0, 0xd5, 0xfe, 0x05, 0x4b
.byte 0xc0, 0x02, 0x18, 0x43, 0x10, 0xbd, 0xc0, 0x46, 0x2c, 0x40, 0x00, 0x20, 0x34, 0x3f, 0x00, 0x20
.byte 0x49, 0x40, 0x00, 0x20, 0x19, 0x80, 0x1f, 0x00, 0xf0, 0xb5, 0x06, 0x00, 0x85, 0xb0, 0x01, 0x20
.byte 0x01, 0x91, 0x03, 0xf0, 0x3b, 0xfc, 0x04, 0x00, 0xff, 0xf7, 0xe0, 0xff, 0x2c, 0x23, 0x98, 0x43
.byte 0x20, 0x4b, 0xa0, 0x22, 0x03, 0x43, 0x00, 0x93, 0x01, 0x21, 0x87, 0x23, 0xd2, 0x05, 0xdb, 0x00
.byte 0x49, 0x42, 0xd1, 0x50, 0x1c, 0x4b, 0xa1, 0x01, 0xc8, 0x18, 0x80, 0x23, 0x80, 0x27, 0x9b, 0x01
.byte 0x03, 0x43, 0x3f, 0x04, 0x1f, 0x60, 0x1e, 0x27, 0x18, 0x4b, 0x89, 0x18, 0x1b, 0x68, 0x9c, 0x46
.byte 0x63, 0x00, 0x1f, 0x40, 0x21, 0x23, 0x3b, 0x43, 0x67, 0x46, 0x7b, 0x40, 0xdb, 0x05, 0x14, 0x4f
.byte 0xdb, 0x0d, 0x3b, 0x60, 0x13, 0x4b, 0xd7, 0x58, 0xbc, 0x46, 0x80, 0x27, 0x65, 0x46, 0xff, 0x00
.byte 0x2f, 0x43, 0x01, 0x9d, 0xd7, 0x50, 0xad, 0x08, 0x0e, 0x60, 0x03, 0xae, 0x4e, 0x60, 0x8d, 0x60
.byte 0x00, 0x9d, 0xcd, 0x60, 0x80, 0x25, 0x6d, 0x04, 0x01, 0x68, 0x29, 0x40, 0xfc, 0xd1, 0x87, 0x20
.byte 0xc0, 0x00, 0x15, 0x58, 0x20, 0x00, 0xd1, 0x50, 0x03, 0xf0, 0xf0, 0xfb, 0xe8, 0x43, 0x05, 0xb0
.byte 0xf0, 0xbd, 0xc0, 0x46, 0x18, 0x00, 0x80, 0x00, 0x10, 0x00, 0x00, 0x50, 0x34, 0x04, 0x00, 0x50
.byte 0x34, 0x14, 0x00, 0x50, 0x34, 0x04, 0x00, 0x00, 0x70, 0xb5, 0x05, 0x68, 0x04, 0x00, 0x41, 0x68
.byte 0x28, 0x00, 0xff, 0xf7, 0xa1, 0xff, 0xa2, 0x68, 0x03, 0x00, 0x00, 0x20, 0x9a, 0x42, 0x0d, 0xd1
.byte 0x07, 0x4b, 0x2a, 0x68, 0x9a, 0x42, 0x09, 0xd9, 0x6a, 0x68, 0x23, 0x68, 0x9a, 0x42, 0x05, 0xd3
.byte 0x61, 0x68, 0x5b, 0x18, 0x9a, 0x42, 0x01, 0xd8, 0x01, 0x30, 0x10, 0x40, 0x70, 0xbd, 0xc0, 0x46
.byte 0xff, 0xff, 0xff, 0x1f, 0x10, 0xb5, 0x04, 0x00, 0xc2, 0xb0, 0xf4, 0x22, 0x00, 0x21, 0x05, 0xa8
.byte 0x03, 0xf0, 0x7e, 0xfa, 0xa1, 0x68, 0x23, 0x68, 0x01, 0x91, 0x04, 0x91, 0x03, 0x21, 0x62, 0x68
.byte 0x02, 0x93, 0x03, 0x92, 0xdb, 0xb2, 0x0a, 0x40, 0x13, 0x43, 0x19, 0xd1, 0x02, 0xa8, 0xff, 0xf7
.byte 0xcb, 0xff, 0x00, 0x28, 0x14, 0xd0, 0x80, 0x21, 0xc0, 0x20, 0x49, 0x01, 0xc0, 0x01, 0x03, 0xf0
.byte 0xf3, 0xfc, 0x80, 0x22, 0xc0, 0x20, 0x52, 0x00, 0x02, 0xa9, 0xc0, 0x01, 0x03, 0xf0, 0x40, 0xfd
.byte 0x80, 0x22, 0x06, 0x49, 0x52, 0x00, 0x02, 0xa8, 0x03, 0xf0, 0xc8, 0xfb, 0x00, 0x28, 0x02, 0xd0
.byte 0x03, 0x48, 0x42, 0xb0, 0x10, 0xbd, 0x03, 0x48, 0xfb, 0xe7, 0xc0, 0x46, 0x00, 0x60, 0x00, 0x10
.byte 0x45, 0x52, 0x52, 0x21, 0x4f, 0x4b, 0x4f, 0x4b, 0xf0, 0x23, 0x1b, 0x06, 0x70, 0xb5, 0x30, 0xc8
.byte 0x16, 0x00, 0xe0, 0x18, 0x2a, 0x00, 0x03, 0xf0, 0x23, 0xfd, 0x29, 0x00, 0x20, 0x00, 0xff, 0xf7
.byte 0x43, 0xff, 0x30, 0x60, 0x00, 0x48, 0x70, 0xbd, 0x4f, 0x4b, 0x4f, 0x4b, 0x10, 0xb5, 0x41, 0x68
.byte 0x00, 0x68, 0x14, 0x00, 0xff, 0xf7, 0x38, 0xff, 0x20, 0x60, 0x01, 0x48, 0x10, 0xbd, 0xc0, 0x46
.byte 0x4f, 0x4b, 0x4f, 0x4b, 0xf0, 0xb5, 0x03, 0x68, 0x85, 0xb0, 0x45, 0x68, 0x01, 0x20, 0x16, 0x00
.byte 0x00, 0x93, 0x03, 0xf0, 0x6b, 0xfb, 0x04, 0x00, 0xff, 0xf7, 0x10, 0xff, 0x2c, 0x23, 0x98, 0x43
.byte 0x1d, 0x4b, 0xa0, 0x21, 0x03, 0x43, 0x01, 0x93, 0x87, 0x23, 0x00, 0x22, 0xc9, 0x05, 0xdb, 0x00
.byte 0xca, 0x50, 0x1a, 0x4b, 0xa2, 0x01, 0xd0, 0x18, 0x80, 0x23, 0x80, 0x27, 0x9b, 0x01, 0x03, 0x43
.byte 0x3f, 0x04, 0x1f, 0x60, 0x1e, 0x27, 0x16, 0x4b, 0x52, 0x18, 0x1b, 0x68, 0xad, 0x08, 0x9c, 0x46
.byte 0x63, 0x00, 0x1f, 0x40, 0xe2, 0x23, 0xff, 0x33, 0x3b, 0x43, 0x67, 0x46, 0x7b, 0x40, 0xdb, 0x05
.byte 0x10, 0x4f, 0xdb, 0x0d, 0x3b, 0x60, 0x00, 0x9b, 0x13, 0x60, 0x03, 0xab, 0x53, 0x60, 0x01, 0x9b
.byte 0x95, 0x60, 0xd3, 0x60, 0x80, 0x22, 0x0d, 0x00, 0x52, 0x04, 0x03, 0x68, 0x13, 0x40, 0xfc, 0xd1
.byte 0x09, 0x4a, 0x20, 0x00, 0xab, 0x50, 0x03, 0xf0, 0x29, 0xfb, 0x87, 0x23, 0xdb, 0x00, 0xeb, 0x58
.byte 0x06, 0x48, 0x33, 0x60, 0x05, 0xb0, 0xf0, 0xbd, 0x18, 0x00, 0x80, 0x00, 0x10, 0x00, 0x00, 0x50
.byte 0x34, 0x04, 0x00, 0x50, 0x34, 0x14, 0x00, 0x50, 0x34, 0x04, 0x00, 0x00, 0x4f, 0x4b, 0x4f, 0x4b
.byte 0x01, 0x21, 0x0c, 0x4a, 0x13, 0x68, 0x8b, 0x43, 0x13, 0x60, 0x01, 0x23, 0x0a, 0x4a, 0x5b, 0x42
.byte 0xd3, 0x67, 0xc0, 0x22, 0x09, 0x49, 0x52, 0x00, 0x8b, 0x50, 0x09, 0x4b, 0x09, 0x4a, 0x0a, 0x49
.byte 0x1a, 0x60, 0x03, 0x68, 0x5a, 0x68, 0x8b, 0x60, 0x1b, 0x68, 0x83, 0xf3, 0x08, 0x88, 0x10, 0x47
.byte 0xfe, 0xe7, 0xc0, 0x46, 0x10, 0xe0, 0x00, 0xe0, 0x04, 0xe1, 0x00, 0xe0, 0x00, 0xe1, 0x00, 0xe0
.byte 0x00, 0xe0, 0x00, 0x40, 0xbf, 0xed, 0xfb, 0xff, 0x00, 0xed, 0x00, 0xe0, 0xf0, 0xb5, 0x8d, 0xb0
.byte 0x00, 0xaf, 0x18, 0x20, 0x00, 0xf0, 0x54, 0xf9, 0x00, 0x22, 0x01, 0x21, 0x18, 0x20, 0x00, 0xf0
.byte 0x39, 0xf9, 0xd0, 0x24, 0x80, 0x23, 0x24, 0x06, 0x5b, 0x04, 0xa3, 0x62, 0x0a, 0x20, 0x00, 0xf0
.byte 0xe5, 0xff, 0x77, 0x4a, 0x77, 0x49, 0x10, 0x6a, 0x00, 0x23, 0x88, 0x42, 0x04, 0xd1, 0x53, 0x6a
.byte 0x75, 0x4a, 0x9b, 0x18, 0x5a, 0x42, 0x53, 0x41, 0x62, 0x68, 0xd2, 0x01, 0x1f, 0xd5, 0x00, 0x2b
.byte 0x1d, 0xd1, 0x72, 0x4c, 0x20, 0x00, 0xff, 0xf7, 0xe7, 0xfe, 0x00, 0x28, 0x17, 0xd0, 0x01, 0x20
.byte 0x6f, 0x49, 0x23, 0x68, 0x0a, 0x68, 0x82, 0x43, 0x0a, 0x60, 0x01, 0x22, 0x6d, 0x49, 0x52, 0x42
.byte 0xca, 0x67, 0xc0, 0x21, 0x6c, 0x48, 0x49, 0x00, 0x42, 0x50, 0x6c, 0x4a, 0x6c, 0x49, 0x11, 0x60
.byte 0x6c, 0x49, 0x5a, 0x68, 0x8b, 0x60, 0x1b, 0x68, 0x83, 0xf3, 0x08, 0x88, 0x10, 0x47, 0xe1, 0x21
.byte 0x69, 0x4c, 0x49, 0x02, 0x20, 0x00, 0x01, 0xf0, 0xfd, 0xfa, 0x02, 0x21, 0x00, 0x20, 0x00, 0xf0
.byte 0xe3, 0xf8, 0x02, 0x21, 0x01, 0x20, 0x00, 0xf0, 0xdf, 0xf8, 0xc0, 0x22, 0x23, 0x6b, 0x12, 0x02
.byte 0x13, 0x40, 0x62, 0x4a, 0x62, 0x48, 0x13, 0x60, 0x62, 0x4b, 0x19, 0x21, 0x9d, 0x44, 0x6b, 0x46
.byte 0xbb, 0x60, 0xff, 0xf7, 0x33, 0xfe, 0x00, 0x20, 0x05, 0x28, 0xfd, 0xd8, 0x03, 0xf0, 0xb2, 0xfa
.byte 0x03, 0x28, 0x30, 0x52, 0x6d, 0x92, 0x00, 0x24, 0x5b, 0x4b, 0x7b, 0x61, 0x7b, 0x60, 0x26, 0x00
.byte 0x08, 0x23, 0xf9, 0x18, 0xcb, 0x18, 0x9d, 0x19, 0x01, 0x21, 0x28, 0x00, 0xff, 0xf7, 0x0e, 0xfe
.byte 0x08, 0x22, 0x0c, 0x23, 0xba, 0x18, 0xd3, 0x18, 0x9b, 0x5d, 0x2a, 0x78, 0x00, 0x26, 0x9a, 0x42
.byte 0x0c, 0xd1, 0x01, 0x34, 0x04, 0x2c, 0xea, 0xd1, 0x3b, 0x69, 0x7a, 0x68, 0x93, 0x42, 0x0d, 0xd0
.byte 0x4e, 0x4b, 0x4f, 0x4a, 0x4f, 0x49, 0x50, 0x48, 0x01, 0xf0, 0xf6, 0xfc, 0x34, 0x00, 0xdf, 0xe7
.byte 0x08, 0x23, 0xfa, 0x18, 0x04, 0x21, 0xd0, 0x18, 0xff, 0xf7, 0xf0, 0xfd, 0x02, 0x20, 0xcd, 0xe7
.byte 0x00, 0x22, 0x14, 0x20, 0x39, 0x69, 0x49, 0x4c, 0x03, 0x00, 0x53, 0x43, 0x1b, 0x19, 0x1d, 0x68
.byte 0xa9, 0x42, 0x11, 0xd1, 0xba, 0x68, 0xfb, 0x60, 0x10, 0x1d, 0x7a, 0x60, 0x5a, 0x68, 0x9b, 0x68
.byte 0x91, 0x00, 0x9b, 0x00, 0x42, 0x18, 0xc3, 0x18, 0xb8, 0x61, 0x38, 0x62, 0xfa, 0x61, 0x7b, 0x62
.byte 0xff, 0xf7, 0xd4, 0xfd, 0x03, 0x20, 0xb1, 0xe7, 0x01, 0x32, 0x0a, 0x2a, 0xe4, 0xd1, 0x3c, 0x4b
.byte 0x7b, 0x61, 0x10, 0xe0, 0xfb, 0x68, 0xdb, 0x68, 0x00, 0x2b, 0x0e, 0xd0, 0x08, 0x20, 0x24, 0x22
.byte 0x39, 0x18, 0x8a, 0x18, 0x20, 0x21, 0x38, 0x18, 0x41, 0x18, 0xb8, 0x69, 0x98, 0x47, 0x34, 0x4b
.byte 0x78, 0x61, 0x98, 0x42, 0x03, 0xd1, 0x05, 0x20, 0x98, 0xe7, 0xbb, 0x62, 0xfb, 0x62, 0xf8, 0x69
.byte 0xb9, 0x6a, 0xff, 0xf7, 0xb3, 0xfd, 0x04, 0x20, 0x90, 0xe7, 0xfc, 0x68, 0x25, 0x69, 0x00, 0x2d
.byte 0x1d, 0xd0, 0x7b, 0x6a, 0x3a, 0x6a, 0xf9, 0x69, 0xb8, 0x69, 0xa8, 0x47, 0x28, 0x4b, 0x78, 0x61
.byte 0x98, 0x42, 0xe8, 0xd0, 0xa4, 0x68, 0xfb, 0x6a, 0x01, 0x34, 0xa4, 0x00, 0xe4, 0x18, 0xbb, 0x68
.byte 0x08, 0x21, 0x7b, 0x60, 0x0c, 0x23, 0x79, 0x18, 0xc9, 0x18, 0x04, 0x22, 0x78, 0x68, 0x03, 0xf0
.byte 0xcd, 0xf8, 0xb8, 0x68, 0x21, 0x00, 0xff, 0xf7, 0xa1, 0xfd, 0x01, 0x20, 0x6e, 0xe7, 0x1d, 0x4b
.byte 0x7b, 0x61, 0xe7, 0xe7, 0x08, 0x21, 0x0c, 0x23, 0x79, 0x18, 0xc9, 0x18, 0x04, 0x22, 0xb8, 0x68
.byte 0x03, 0xf0, 0xbc, 0xf8, 0xb8, 0x68, 0x04, 0x21, 0xff, 0xf7, 0x90, 0xfd, 0x00, 0x20, 0x5d, 0xe7
.byte 0x00, 0x80, 0x05, 0x40, 0x0d, 0xf0, 0x05, 0xb1, 0x0e, 0xf0, 0x05, 0xb1, 0x00, 0x60, 0x00, 0x10
.byte 0x10, 0xe0, 0x00, 0xe0, 0x04, 0xe1, 0x00, 0xe0, 0x00, 0xe1, 0x00, 0xe0, 0x00, 0xe0, 0x00, 0x40
.byte 0xbf, 0xed, 0xfb, 0xff, 0x00, 0xed, 0x00, 0xe0, 0x00, 0x40, 0x03, 0x40, 0x30, 0x50, 0x03, 0x40
.byte 0x9c, 0x40, 0x00, 0x20, 0xe8, 0xfb, 0xff, 0xff, 0x53, 0x59, 0x4e, 0x43, 0xb6, 0x40, 0x00, 0x20
.byte 0x50, 0x3f, 0x00, 0x20, 0x4b, 0x02, 0x00, 0x00, 0xce, 0x40, 0x00, 0x20, 0x64, 0x3f, 0x00, 0x20
.byte 0x45, 0x52, 0x52, 0x21, 0x4f, 0x4b, 0x4f, 0x4b, 0x08, 0x4b, 0x82, 0x00, 0xd2, 0x18, 0x40, 0x23
.byte 0x10, 0xb5, 0x14, 0x68, 0xc0, 0x00, 0x63, 0x40, 0xc0, 0x24, 0x23, 0x40, 0x80, 0x24, 0x64, 0x01
.byte 0x22, 0x43, 0x13, 0x60, 0x02, 0x4b, 0xc0, 0x18, 0x41, 0x60, 0x10, 0xbd, 0x04, 0xc0, 0x01, 0x40
.byte 0x00, 0x40, 0x01, 0x40, 0x09, 0x4b, 0x80, 0x00, 0xc0, 0x18, 0x4b, 0x1e, 0x99, 0x41, 0x53, 0x1e
.byte 0x9a, 0x41, 0xc9, 0x00, 0x03, 0x68, 0x92, 0x00, 0x11, 0x43, 0x59, 0x40, 0x80, 0x23, 0x0c, 0x22
.byte 0x5b, 0x01, 0x11, 0x40, 0x18, 0x43, 0x01, 0x60, 0x70, 0x47, 0xc0, 0x46, 0x04, 0xc0, 0x01, 0x40
.byte 0x01, 0x23, 0xd0, 0x22, 0x83, 0x40, 0x10, 0xb5, 0x12, 0x06, 0x93, 0x62, 0x05, 0x21, 0x93, 0x61
.byte 0xff, 0xf7, 0xca, 0xff, 0x10, 0xbd, 0x00, 0x00, 0x02, 0x4b, 0x18, 0x68, 0x80, 0x07, 0xc0, 0x0f
.byte 0x70, 0x47, 0xc0, 0x46, 0x00, 0xc0, 0x06, 0x40, 0xef, 0xf3, 0x10, 0x80, 0x72, 0xb6, 0x03, 0x4a
.byte 0x13, 0x68, 0x00, 0x2b, 0xfc, 0xd0, 0xbf, 0xf3, 0x5f, 0x8f, 0x70, 0x47, 0x2c, 0x01, 0x00, 0xd0
.byte 0xbf, 0xf3, 0x5f, 0x8f, 0x00, 0x22, 0x02, 0x4b, 0x1a, 0x60, 0x80, 0xf3, 0x10, 0x88, 0x70, 0x47
.byte 0x2c, 0x01, 0x00, 0xd0, 0xcb, 0x08, 0x07, 0x22, 0xc3, 0x5c, 0x01, 0x20, 0x11, 0x40, 0x88, 0x40
.byte 0x18, 0x40, 0x43, 0x1e, 0x98, 0x41, 0xc0, 0xb2, 0x70, 0x47, 0xf8, 0xb5, 0x05, 0x00, 0x0c, 0x00
.byte 0x17, 0x00, 0xff, 0xf7, 0xd9, 0xff, 0x21, 0x00, 0x06, 0x00, 0x28, 0x00, 0xff, 0xf7, 0xea, 0xff
.byte 0x00, 0x28, 0x03, 0xd0, 0x21, 0x00, 0x38, 0x00, 0x01, 0xf0, 0x70, 0xfc, 0xe3, 0x08, 0xed, 0x18
.byte 0x07, 0x23, 0x1c, 0x40, 0x06, 0x3b, 0xa3, 0x40, 0x2a, 0x78, 0x30, 0x00, 0x13, 0x43, 0x2b, 0x70
.byte 0xff, 0xf7, 0xce, 0xff, 0xf8, 0xbd, 0xf7, 0xb5, 0x05, 0x00, 0x01, 0x91, 0x14, 0x00, 0x1f, 0x00
.byte 0xff, 0xf7, 0xba, 0xff, 0x06, 0x00, 0xbc, 0x42, 0x02, 0xd9, 0x01, 0x24, 0x64, 0x42, 0x0e, 0xe0
.byte 0x21, 0x00, 0x28, 0x00, 0xff, 0xf7, 0xc6, 0xff, 0x00, 0x28, 0x13, 0xd1, 0xe3, 0x08, 0x07, 0x22
.byte 0xed, 0x18, 0x01, 0x23, 0x22, 0x40, 0x93, 0x40, 0x2a, 0x78, 0x13, 0x43, 0x2b, 0x70, 0x30, 0x00
.byte 0xff, 0xf7, 0xae, 0xff, 0x00, 0x2c, 0x07, 0xda, 0x01, 0x9b, 0x00, 0x2b, 0x04, 0xd0, 0x08, 0x98
.byte 0x01, 0xf0, 0x3c, 0xfc, 0x01, 0x34, 0xde, 0xe7, 0x20, 0x00, 0xfe, 0xbd, 0x70, 0xb5, 0x04, 0x00
.byte 0x0d, 0x00, 0xff, 0xf7, 0x91, 0xff, 0x29, 0x00, 0x06, 0x00, 0x20, 0x00, 0xff, 0xf7, 0xa2, 0xff
.byte 0x00, 0x28, 0x05, 0xd1, 0x09, 0x4b, 0x0a, 0x4a, 0x33, 0x21, 0x0a, 0x48, 0x01, 0xf0, 0x94, 0xfb
.byte 0xeb, 0x08, 0xe4, 0x18, 0x07, 0x23, 0x01, 0x22, 0x1d, 0x40, 0xaa, 0x40, 0x23, 0x78, 0x30, 0x00
.byte 0x93, 0x43, 0x23, 0x70, 0xff, 0xf7, 0x84, 0xff, 0x70, 0xbd, 0xc0, 0x46, 0x40, 0x41, 0x00, 0x20
.byte 0x31, 0x41, 0x00, 0x20, 0x5f, 0x41, 0x00, 0x20, 0x00, 0x21, 0x04, 0x4b, 0x04, 0x4a, 0xbf, 0xf3
.byte 0x5f, 0x8f, 0x02, 0xc3, 0x93, 0x42, 0xfa, 0xd1, 0x70, 0x47, 0xc0, 0x46, 0x00, 0x01, 0x00, 0xd0
.byte 0x80, 0x01, 0x00, 0xd0, 0x04, 0x4a, 0x10, 0x78, 0x43, 0x1c, 0xdb, 0xb2, 0x17, 0x2b, 0x01, 0xd8
.byte 0x13, 0x70, 0x70, 0x47, 0x10, 0x23, 0xfb, 0xe7, 0x24, 0x4f, 0x00, 0x20, 0x07, 0x4b, 0x10, 0x30
.byte 0x9b, 0x68, 0x80, 0x00, 0xc1, 0x50, 0xbf, 0xf3, 0x5f, 0x8f, 0xbf, 0xf3, 0x5f, 0x8f, 0x00, 0x21
.byte 0x03, 0x4b, 0x19, 0x60, 0x82, 0xf3, 0x10, 0x88, 0x70, 0x47, 0xc0, 0x46, 0x00, 0xed, 0x00, 0xe0
.byte 0x24, 0x01, 0x00, 0xd0, 0x03, 0x88, 0x10, 0xb5, 0xda, 0x0a, 0x1c, 0x2a, 0x05, 0xd0, 0x05, 0x4b
.byte 0x05, 0x4a, 0xb1, 0x21, 0x05, 0x48, 0x01, 0xf0, 0x47, 0xfb, 0x5b, 0x05, 0x1b, 0x15, 0x04, 0x33
.byte 0xc0, 0x18, 0x10, 0xbd, 0x04, 0x43, 0x00, 0x20, 0xe2, 0x41, 0x00, 0x20, 0x19, 0x43, 0x00, 0x20
.byte 0x0a, 0x4b, 0x09, 0x1a, 0x0a, 0x4a, 0x08, 0x1f, 0xc9, 0x18, 0x10, 0xb5, 0x91, 0x42, 0x01, 0xd8
.byte 0xc3, 0x07, 0x05, 0xd5, 0x07, 0x4b, 0x08, 0x4a, 0xa3, 0x21, 0x08, 0x48, 0x01, 0xf0, 0x2c, 0xfb
.byte 0xe0, 0x23, 0x00, 0x05, 0x40, 0x0d, 0x1b, 0x02, 0x18, 0x43, 0x10, 0xbd, 0xfc, 0x07, 0x00, 0x00
.byte 0xfe, 0x0f, 0x00, 0x00, 0xd4, 0x42, 0x00, 0x20, 0xbf, 0x41, 0x00, 0x20, 0x19, 0x43, 0x00, 0x20
.byte 0x01, 0x22, 0x82, 0x40, 0x03, 0x4b, 0x1b, 0x68, 0x13, 0x40, 0x58, 0x1e, 0x83, 0x41, 0xd8, 0xb2
.byte 0x70, 0x47, 0xc0, 0x46, 0x00, 0xe1, 0x00, 0xe0, 0x00, 0x29, 0x04, 0xd0, 0x03, 0x4b, 0x18, 0x60
.byte 0x03, 0x4b, 0x18, 0x60, 0x70, 0x47, 0x03, 0x4b, 0xfb, 0xe7, 0xc0, 0x46, 0x80, 0xe2, 0x00, 0xe0
.byte 0x00, 0xe1, 0x00, 0xe0, 0x80, 0xe1, 0x00, 0xe0, 0x01, 0x23, 0x83, 0x40, 0x10, 0xb5, 0x18, 0x00
.byte 0xff, 0xf7, 0xea, 0xff, 0x10, 0xbd, 0x00, 0x00, 0x02, 0x4b, 0x10, 0x30, 0x9b, 0x68, 0x80, 0x00
.byte 0xc0, 0x58, 0x70, 0x47, 0x00, 0xed, 0x00, 0xe0, 0x70, 0xb5, 0x04, 0x00, 0x0d, 0x00, 0xef, 0xf3
.byte 0x10, 0x86, 0x72, 0xb6, 0x0c, 0x4a, 0x13, 0x68, 0x00, 0x2b, 0xfc, 0xd0, 0xbf, 0xf3, 0x5f, 0x8f
.byte 0x20, 0x00, 0xff, 0xf7, 0xe9, 0xff, 0x09, 0x4b, 0x98, 0x42, 0x07, 0xd0, 0xa8, 0x42, 0x05, 0xd0
.byte 0x07, 0x4b, 0x08, 0x4a, 0x86, 0x21, 0x08, 0x48, 0x01, 0xf0, 0xd6, 0xfa, 0x32, 0x00, 0x29, 0x00
.byte 0x20, 0x00, 0xff, 0xf7, 0x6b, 0xff, 0x70, 0xbd, 0x24, 0x01, 0x00, 0xd0, 0xcd, 0x01, 0x00, 0x10
.byte 0x9e, 0x42, 0x00, 0x20, 0xa5, 0x41, 0x00, 0x20, 0x19, 0x43, 0x00, 0x20, 0xf0, 0xb5, 0x85, 0xb0
.byte 0x01, 0x90, 0x0f, 0x00, 0xef, 0xf3, 0x10, 0x83, 0x72, 0xb6, 0x4c, 0x4a, 0x02, 0x93, 0x13, 0x68
.byte 0x00, 0x2b, 0xfc, 0xd0, 0xbf, 0xf3, 0x5f, 0x8f, 0x49, 0x4b, 0x01, 0x9c, 0x9b, 0x68, 0x10, 0x34
.byte 0xa2, 0x00, 0xd6, 0x58, 0x47, 0x4b, 0x9e, 0x42, 0x65, 0xd0, 0xbe, 0x42, 0x00, 0xd1, 0x7f, 0xe0
.byte 0x45, 0x4b, 0xf3, 0x1a, 0x2f, 0x2b, 0x5e, 0xd8, 0x01, 0x98, 0xff, 0xf7, 0x89, 0xff, 0x00, 0x21
.byte 0x03, 0x90, 0x01, 0x98, 0xff, 0xf7, 0xa0, 0xff, 0xbf, 0xf3, 0x5f, 0x8f, 0xef, 0xf3, 0x05, 0x82
.byte 0x00, 0x2a, 0x06, 0xd0, 0x94, 0x42, 0x04, 0xd0, 0x36, 0x21, 0x3c, 0x4b, 0x3c, 0x4a, 0xff, 0x31
.byte 0x5d, 0xe0, 0x01, 0x23, 0x34, 0x00, 0x0c, 0x21, 0x9c, 0x43, 0x8c, 0x46, 0x00, 0x23, 0x36, 0x48
.byte 0x06, 0x25, 0xa1, 0x68, 0x65, 0x57, 0xb9, 0x42, 0x14, 0xd1, 0x00, 0x2d, 0x19, 0xda, 0x00, 0x2a
.byte 0x44, 0xd1, 0x00, 0x2b, 0x40, 0xd0, 0xff, 0x32, 0x9a, 0x71, 0x32, 0x4a, 0x9a, 0x80, 0x32, 0x4a
.byte 0x2d, 0x49, 0x13, 0x78, 0xa3, 0x71, 0x31, 0x4b, 0x64, 0x1a, 0x64, 0x41, 0x63, 0x43, 0x1b, 0x0d
.byte 0x13, 0x70, 0x24, 0xe0, 0x00, 0x2d, 0x45, 0xdb, 0x63, 0x46, 0x5d, 0x43, 0x23, 0x00, 0x44, 0x19
.byte 0xde, 0xe7, 0x0c, 0x20, 0x68, 0x43, 0x24, 0x4f, 0x3b, 0x18, 0x9a, 0x68, 0xa2, 0x60, 0xda, 0x79
.byte 0xe2, 0x71, 0x9b, 0x79, 0x5b, 0xb2, 0xa3, 0x71, 0x00, 0x2b, 0x1b, 0xdb, 0x04, 0x30, 0xc0, 0x19
.byte 0xff, 0xf7, 0x08, 0xff, 0x23, 0x1d, 0x01, 0x00, 0x18, 0x00, 0xff, 0xf7, 0x19, 0xff, 0x0c, 0x23
.byte 0x6b, 0x43, 0xff, 0x18, 0x1c, 0x4b, 0xa0, 0x80, 0x1a, 0x78, 0x1d, 0x70, 0xba, 0x71, 0x03, 0x99
.byte 0x01, 0x98, 0xff, 0xf7, 0x49, 0xff, 0x02, 0x9a, 0x31, 0x00, 0x01, 0x98, 0xff, 0xf7, 0xde, 0xfe
.byte 0x05, 0xb0, 0xf0, 0xbd, 0x16, 0x48, 0xea, 0xe7, 0x0e, 0x4e, 0xc0, 0xe7, 0x15, 0x4b, 0x1b, 0x1b
.byte 0x08, 0x3b, 0x5a, 0x08, 0x1b, 0x0b, 0x05, 0xd0, 0xab, 0x21, 0x13, 0x4b, 0x13, 0x4a, 0x14, 0x48
.byte 0x01, 0xf0, 0x32, 0xfa, 0x13, 0x4b, 0xa3, 0x80, 0x13, 0x4b, 0x13, 0x43, 0xe3, 0x80, 0xde, 0xe7
.byte 0x1e, 0x00, 0xe0, 0xe7, 0x11, 0x4b, 0x06, 0x4a, 0x6a, 0x21, 0x90, 0xe7, 0x24, 0x01, 0x00, 0xd0
.byte 0x00, 0xed, 0x00, 0xe0, 0xcd, 0x01, 0x00, 0x10, 0x28, 0x4f, 0x00, 0x20, 0x56, 0x42, 0x00, 0x20
.byte 0xf1, 0x41, 0x00, 0x20, 0x01, 0xbd, 0xff, 0xff, 0xac, 0x52, 0x00, 0x20, 0xaa, 0xaa, 0x00, 0x00
.byte 0x01, 0xbd, 0x00, 0x00, 0x62, 0x4f, 0x00, 0x20, 0x88, 0x42, 0x00, 0x20, 0xcb, 0x41, 0x00, 0x20
.byte 0x19, 0x43, 0x00, 0x20, 0x00, 0xf0, 0xff, 0xff, 0x00, 0xf8, 0xff, 0xff, 0x98, 0x42, 0x00, 0x20
.byte 0xf8, 0xb5, 0x01, 0x25, 0x29, 0x4a, 0x05, 0x43, 0xab, 0x1a, 0x2f, 0x2b, 0x04, 0xd9, 0xc7, 0x21
.byte 0x27, 0x4b, 0x28, 0x4a, 0x49, 0x00, 0x07, 0xe0, 0xef, 0xf3, 0x05, 0x81, 0x00, 0x29, 0x06, 0xd1
.byte 0x92, 0x21, 0x25, 0x4b, 0x23, 0x4a, 0xff, 0x31, 0x24, 0x48, 0x01, 0xf0, 0xed, 0xf9, 0xef, 0xf3
.byte 0x10, 0x87, 0x72, 0xb6, 0x22, 0x4b, 0x9c, 0x46, 0x1c, 0x68, 0x00, 0x2c, 0xfc, 0xd0, 0xbf, 0xf3
.byte 0x5f, 0x8f, 0x20, 0x4b, 0x04, 0x00, 0xa4, 0x1a, 0x64, 0x41, 0x63, 0x43, 0x1b, 0x0d, 0x1e, 0x4c
.byte 0x89, 0x00, 0xa4, 0x68, 0x5b, 0xb2, 0x64, 0x58, 0x26, 0x00, 0x00, 0x24, 0xae, 0x42, 0x0f, 0xd1
.byte 0x19, 0x4a, 0x1a, 0x4c, 0x92, 0x68, 0x54, 0x50, 0x19, 0x4a, 0x11, 0x78, 0x13, 0x70, 0x81, 0x71
.byte 0xbf, 0xf3, 0x5f, 0x8f, 0x00, 0x23, 0x62, 0x46, 0x13, 0x60, 0x87, 0xf3, 0x10, 0x88, 0xf8, 0xbd
.byte 0x06, 0x21, 0x51, 0x56, 0x99, 0x42, 0x08, 0xd1, 0x0c, 0x22, 0x54, 0x43, 0x07, 0x4a, 0x14, 0x19
.byte 0xff, 0x22, 0xa2, 0x71, 0x0f, 0x4a, 0xa2, 0x80, 0xe6, 0xe7, 0x01, 0x34, 0x0c, 0x32, 0x04, 0x2c
.byte 0xee, 0xd1, 0x0d, 0x4b, 0x03, 0x4a, 0xd1, 0x21, 0xb4, 0xe7, 0xc0, 0x46, 0x28, 0x4f, 0x00, 0x20
.byte 0x1e, 0x42, 0x00, 0x20, 0x04, 0x42, 0x00, 0x20, 0x46, 0x42, 0x00, 0x20, 0x19, 0x43, 0x00, 0x20
.byte 0x24, 0x01, 0x00, 0xd0, 0xaa, 0xaa, 0x00, 0x00, 0x00, 0xed, 0x00, 0xe0, 0xcd, 0x01, 0x00, 0x10
.byte 0xac, 0x52, 0x00, 0x20, 0x01, 0xbd, 0xff, 0xff, 0x50, 0x42, 0x00, 0x20, 0x05, 0x4b, 0x06, 0x4a
.byte 0x13, 0x60, 0x06, 0x4a, 0x13, 0x60, 0x53, 0x60, 0x93, 0x60, 0xd3, 0x60, 0x13, 0x61, 0x53, 0x61
.byte 0x93, 0x61, 0x70, 0x47, 0x80, 0x80, 0x80, 0x80, 0x00, 0xe4, 0x00, 0xe0, 0x04, 0xe4, 0x00, 0xe0
.byte 0x02, 0x4b, 0xc9, 0x18, 0x89, 0x00, 0x01, 0x60, 0x70, 0x47, 0xc0, 0x46, 0x40, 0x00, 0x00, 0x34
.byte 0x10, 0xb5, 0x04, 0x00, 0xff, 0xf7, 0x06, 0xfe, 0x01, 0x00, 0x20, 0x00, 0xff, 0xf7, 0xf0, 0xff
.byte 0xff, 0x23, 0x23, 0x71, 0xbf, 0xf3, 0x5f, 0x8f, 0x10, 0xbd, 0x10, 0xb5, 0x04, 0x00, 0xff, 0xf7
.byte 0xf9, 0xfd, 0x01, 0x00, 0x20, 0x00, 0xff, 0xf7, 0xe3, 0xff, 0xff, 0x23, 0xa3, 0x80, 0xbf, 0xf3
.byte 0x5f, 0x8f, 0x10, 0xbd, 0x30, 0xb5, 0x08, 0x4d, 0x01, 0x22, 0x6c, 0x6a, 0x00, 0x23, 0x8c, 0x42
.byte 0x06, 0xd3, 0xad, 0x6a, 0x13, 0x00, 0x85, 0x42, 0x02, 0xd2, 0x0b, 0x1b, 0x59, 0x1e, 0x8b, 0x41
.byte 0x13, 0x40, 0x18, 0x00, 0x30, 0xbd, 0xc0, 0x46, 0x00, 0x40, 0x05, 0x40, 0x0a, 0x4b, 0x18, 0x68
.byte 0xef, 0xf3, 0x10, 0x82, 0x72, 0xb6, 0x01, 0x68, 0x00, 0x29, 0xfc, 0xd0, 0xbf, 0xf3, 0x5f, 0x8f
.byte 0x1b, 0x68, 0xbf, 0xf3, 0x5f, 0x8f, 0x00, 0x21, 0x19, 0x60, 0x82, 0xf3, 0x10, 0x88, 0x40, 0xbf
.byte 0x00, 0x20, 0x00, 0x21, 0x70, 0x47, 0xc0, 0x46, 0x54, 0x52, 0x00, 0x20, 0x70, 0xb5, 0x0c, 0x00
.byte 0x05, 0x00, 0x08, 0x00, 0x00, 0xf0, 0x22, 0xfd, 0x09, 0x49, 0x20, 0x00, 0x00, 0xf0, 0x64, 0xfc
.byte 0xff, 0xf7, 0xb8, 0xfd, 0x07, 0x4b, 0x2c, 0x75, 0xc0, 0x18, 0xd0, 0x23, 0x1b, 0x06, 0x1b, 0x68
.byte 0x80, 0x00, 0x6b, 0x75, 0x04, 0x4b, 0xa4, 0x00, 0x68, 0x60, 0xe5, 0x50, 0x70, 0xbd, 0xc0, 0x46
.byte 0x95, 0x10, 0x00, 0x20, 0x40, 0x00, 0x00, 0x34, 0x40, 0x52, 0x00, 0x20, 0x10, 0xb5, 0x00, 0x29
.byte 0x03, 0xd0, 0x03, 0x68, 0x1b, 0x7b, 0x8b, 0x42, 0x05, 0xd2, 0x06, 0x4b, 0x06, 0x4a, 0x3c, 0x21
.byte 0x06, 0x48, 0x01, 0xf0, 0x09, 0xf9, 0x06, 0x4b, 0x80, 0x68, 0xc9, 0x18, 0x09, 0x01, 0x40, 0x18
.byte 0x10, 0xbd, 0xc0, 0x46, 0xc4, 0x45, 0x00, 0x20, 0x49, 0x44, 0x00, 0x20, 0xe6, 0x45, 0x00, 0x20
.byte 0xff, 0xff, 0xff, 0x0f, 0x70, 0xb5, 0x16, 0x00, 0x05, 0x00, 0xff, 0xf7, 0xdf, 0xff, 0x31, 0x00
.byte 0x04, 0x00, 0x28, 0x00, 0xff, 0xf7, 0xda, 0xff, 0x62, 0x68, 0x41, 0x68, 0x01, 0x23, 0x91, 0x42
.byte 0x05, 0xd8, 0x03, 0xd1, 0x01, 0x68, 0x22, 0x68, 0x91, 0x42, 0x00, 0xd8, 0x00, 0x23, 0xd8, 0xb2
.byte 0x70, 0xbd, 0x00, 0x00, 0x10, 0xb5, 0x03, 0x4b, 0x03, 0x4a, 0x3f, 0x21, 0x03, 0x48, 0x01, 0xf0
.byte 0xdb, 0xf8, 0xc0, 0x46, 0xfa, 0x46, 0x00, 0x20, 0x09, 0x44, 0x00, 0x20, 0x15, 0x47, 0x00, 0x20
.byte 0x10, 0xb5, 0x04, 0x00, 0x00, 0xf0, 0xcc, 0xfb, 0x00, 0x29, 0x01, 0xda, 0xff, 0xf7, 0xea, 0xff
.byte 0x20, 0x60, 0x61, 0x60, 0x20, 0x00, 0x10, 0xbd, 0x10, 0xb5, 0x00, 0x29, 0x02, 0xd0, 0x03, 0x7b
.byte 0x8b, 0x42, 0x05, 0xd2, 0x05, 0x4b, 0x06, 0x4a, 0x68, 0x21, 0x06, 0x48, 0x01, 0xf0, 0xbc, 0xf8
.byte 0x03, 0x23, 0x4b, 0x43, 0x00, 0x68, 0x03, 0x3b, 0xc0, 0x18, 0x10, 0xbd, 0x42, 0x46, 0x00, 0x20
.byte 0x1e, 0x44, 0x00, 0x20, 0x5e, 0x46, 0x00, 0x20, 0x10, 0xb5, 0x42, 0x7b, 0x01, 0x23, 0x8a, 0x42
.byte 0x04, 0xd0, 0xff, 0xf7, 0xe1, 0xff, 0x83, 0x78, 0x58, 0x1e, 0x83, 0x41, 0x18, 0x00, 0x10, 0xbd
.byte 0xf8, 0xb5, 0x07, 0x00, 0x0d, 0x00, 0x14, 0x00, 0xff, 0xf7, 0xd6, 0xff, 0x06, 0x00, 0x00, 0x2d
.byte 0x05, 0xd1, 0x6f, 0x21, 0x0e, 0x4b, 0x0f, 0x4a, 0x0f, 0x48, 0x01, 0xf0, 0x95, 0xf8, 0x00, 0x2c
.byte 0x03, 0xd1, 0x0e, 0x4b, 0x0b, 0x4a, 0x70, 0x21, 0xf6, 0xe7, 0xa5, 0x42, 0x03, 0xd1, 0x0c, 0x4b
.byte 0x08, 0x4a, 0x71, 0x21, 0xf0, 0xe7, 0x21, 0x00, 0x38, 0x00, 0xff, 0xf7, 0xbd, 0xff, 0x85, 0x70
.byte 0x33, 0x78, 0x00, 0x2b, 0x01, 0xd1, 0x34, 0x70, 0xf8, 0xbd, 0x43, 0x70, 0xfb, 0xe7, 0xc0, 0x46
.byte 0x22, 0x46, 0x00, 0x20, 0x2a, 0x44, 0x00, 0x20, 0x5e, 0x46, 0x00, 0x20, 0x39, 0x46, 0x00, 0x20
.byte 0x2c, 0x46, 0x00, 0x20, 0xf0, 0xb5, 0x85, 0xb0, 0x00, 0x92, 0x01, 0x93, 0x0c, 0xab, 0x1c, 0x78
.byte 0x0d, 0xab, 0x1b, 0x78, 0x07, 0x00, 0x03, 0x93, 0x05, 0x68, 0x00, 0x2c, 0x0b, 0xd0, 0x21, 0x00
.byte 0x28, 0x00, 0xff, 0xf7, 0xb1, 0xff, 0x00, 0x28, 0x15, 0xd0, 0x2c, 0x4b, 0x2c, 0x4a, 0x67, 0x21
.byte 0x2c, 0x48, 0x01, 0xf0, 0x59, 0xf8, 0xac, 0x7b, 0x00, 0x2c, 0x44, 0xd0, 0x21, 0x00, 0x28, 0x00
.byte 0xff, 0xf7, 0x8a, 0xff, 0x43, 0x78, 0xab, 0x73, 0x00, 0x2b, 0x00, 0xd1, 0xeb, 0x73, 0x00, 0x23
.byte 0x83, 0x70, 0x43, 0x70, 0x03, 0x70, 0x21, 0x00, 0x38, 0x00, 0xff, 0xf7, 0x2f, 0xff, 0x00, 0x9a
.byte 0x01, 0x9b, 0x02, 0x60, 0x43, 0x60, 0x0a, 0x9b, 0x21, 0x00, 0x83, 0x60, 0x0b, 0x9b, 0xc3, 0x60
.byte 0x28, 0x00, 0xff, 0xf7, 0x71, 0xff, 0x00, 0x23, 0x83, 0x70, 0x43, 0x70, 0x03, 0x70, 0x6e, 0x7b
.byte 0x9e, 0x42, 0x28, 0xd0, 0x22, 0x00, 0x31, 0x00, 0xa8, 0x68, 0x6b, 0x68, 0x98, 0x47, 0x00, 0x28
.byte 0x1c, 0xd0, 0x22, 0x00, 0x31, 0x00, 0x28, 0x00, 0xff, 0xf7, 0x82, 0xff, 0x6e, 0x73, 0xa6, 0x42
.byte 0x11, 0xd1, 0x00, 0x9a, 0x01, 0x9b, 0x38, 0x7d, 0x00, 0xf0, 0xa0, 0xfb, 0x05, 0x1e, 0x06, 0xd0
.byte 0x03, 0x9b, 0x00, 0x2b, 0x03, 0xd1, 0x21, 0x00, 0x38, 0x68, 0x00, 0xf0, 0x31, 0xfd, 0x0e, 0x9b
.byte 0x00, 0x2b, 0x00, 0xd0, 0x1d, 0x70, 0x20, 0x00, 0x05, 0xb0, 0xf0, 0xbd, 0x32, 0x00, 0x21, 0x00
.byte 0x28, 0x00, 0xff, 0xf7, 0x65, 0xff, 0x26, 0x00, 0xe0, 0xe7, 0xc0, 0x46, 0xc3, 0x44, 0x00, 0x20
.byte 0x7c, 0x44, 0x00, 0x20, 0xe6, 0x45, 0x00, 0x20, 0x10, 0xb5, 0x00, 0x29, 0x03, 0xd0, 0x03, 0x68
.byte 0x1b, 0x7b, 0x8b, 0x42, 0x05, 0xd2, 0x05, 0x4b, 0x05, 0x4a, 0x41, 0x21, 0x05, 0x48, 0x00, 0xf0
.byte 0xf3, 0xff, 0xc0, 0x68, 0x01, 0x39, 0x40, 0x18, 0x10, 0xbd, 0xc0, 0x46, 0xc4, 0x45, 0x00, 0x20
.byte 0x53, 0x44, 0x00, 0x20, 0xe6, 0x45, 0x00, 0x20, 0x00, 0x23, 0xf0, 0xb5, 0x93, 0xb0, 0x0a, 0x93
.byte 0x77, 0x4b, 0x82, 0x00, 0xd6, 0x58, 0x0e, 0x90, 0x10, 0xa8, 0xff, 0xf7, 0x09, 0xff, 0x10, 0x9b
.byte 0x11, 0x9c, 0x72, 0x68, 0x08, 0x93, 0x09, 0x94, 0xef, 0xf3, 0x10, 0x85, 0x72, 0xb6, 0x13, 0x68
.byte 0x00, 0x2b, 0xfc, 0xd0, 0xbf, 0xf3, 0x5f, 0x8f, 0x33, 0x68, 0x5f, 0x7b, 0x07, 0x93, 0x00, 0x2f
.byte 0x6b, 0xd0, 0x39, 0x00, 0x30, 0x00, 0xff, 0xf7, 0xb1, 0xfe, 0x02, 0x68, 0x43, 0x68, 0x04, 0x00
.byte 0x08, 0x98, 0x09, 0x99, 0x12, 0x1a, 0x8b, 0x41, 0x00, 0x2b, 0x52, 0xdc, 0x01, 0xd1, 0x00, 0x2a
.byte 0x4f, 0xd1, 0x00, 0x21, 0x07, 0x98, 0x00, 0xf0, 0xc9, 0xfc, 0xb8, 0x42, 0x05, 0xd0, 0x8e, 0x21
.byte 0x60, 0x4b, 0x61, 0x4a, 0x61, 0x48, 0x00, 0xf0, 0xaf, 0xff, 0x22, 0x68, 0x63, 0x68, 0x0c, 0x92
.byte 0x0d, 0x93, 0xa3, 0x68, 0x07, 0x93, 0xe3, 0x68, 0x08, 0x93, 0x07, 0x9b, 0x00, 0x2b, 0x03, 0xd1
.byte 0x5b, 0x4b, 0x59, 0x4a, 0x92, 0x21, 0xed, 0xe7, 0x39, 0x00, 0x30, 0x00, 0xff, 0xf7, 0x9c, 0xff
.byte 0x03, 0x78, 0x00, 0x20, 0x0a, 0x93, 0x1b, 0x02, 0x3b, 0x43, 0x33, 0x61, 0x73, 0x68, 0xbf, 0xf3
.byte 0x5f, 0x8f, 0x00, 0x22, 0x1a, 0x60, 0x85, 0xf3, 0x10, 0x88, 0x07, 0x9b, 0x93, 0x42, 0x00, 0xd1
.byte 0x90, 0xe0, 0x0a, 0x9b, 0x08, 0x99, 0x1b, 0x02, 0x3b, 0x43, 0x0b, 0x93, 0x18, 0x00, 0x07, 0x9b
.byte 0x98, 0x47, 0x72, 0x68, 0x04, 0x00, 0x0d, 0x00, 0xef, 0xf3, 0x10, 0x83, 0x72, 0xb6, 0x0f, 0x93
.byte 0x13, 0x68, 0x00, 0x2b, 0xfc, 0xd0, 0xbf, 0xf3, 0x5f, 0x8f, 0x00, 0x2d, 0x3c, 0xda, 0x33, 0x69
.byte 0x00, 0x2b, 0x4e, 0xd0, 0x0b, 0x9a, 0x93, 0x42, 0x17, 0xd0, 0x42, 0x4b, 0x3e, 0x4a, 0xa1, 0x21
.byte 0xb8, 0xe7, 0x22, 0x68, 0x63, 0x68, 0x0e, 0x98, 0x00, 0xf0, 0xe8, 0xfa, 0x00, 0x24, 0x00, 0x23
.byte 0x0c, 0x93, 0x0d, 0x94, 0x08, 0x93, 0x07, 0x93, 0xc8, 0xe7, 0x00, 0x23, 0x00, 0x24, 0x08, 0x97
.byte 0x0c, 0x93, 0x0d, 0x94, 0x07, 0x97, 0x38, 0x00, 0xc0, 0xe7, 0x0c, 0x9a, 0x0d, 0x9b, 0x12, 0x1b
.byte 0xab, 0x41, 0x00, 0x2b, 0x02, 0xda, 0x01, 0x22, 0x33, 0x4b, 0x52, 0x42, 0x00, 0x21, 0x04, 0x91
.byte 0x01, 0x31, 0x03, 0x91, 0x08, 0x99, 0x02, 0x97, 0x01, 0x91, 0x07, 0x99, 0x30, 0x00, 0x00, 0x91
.byte 0xff, 0xf7, 0xd0, 0xfe, 0x00, 0x23, 0x72, 0x68, 0x33, 0x61, 0xbf, 0xf3, 0x5f, 0x8f, 0x13, 0x60
.byte 0x0f, 0x9b, 0x83, 0xf3, 0x10, 0x88, 0x57, 0xe7, 0x23, 0x00, 0x2b, 0x43, 0x11, 0xd0, 0x33, 0x69
.byte 0x00, 0x2b, 0x0e, 0xd0, 0x0b, 0x9a, 0x93, 0x42, 0x03, 0xd0, 0x22, 0x4b, 0x1e, 0x4a, 0xa4, 0x21
.byte 0x78, 0xe7, 0x10, 0xa8, 0xff, 0xf7, 0x54, 0xfe, 0x10, 0x9a, 0x11, 0x9b, 0x12, 0x19, 0x6b, 0x41
.byte 0xcf, 0xe7, 0x34, 0x68, 0x00, 0x2f, 0x05, 0xd0, 0x39, 0x00, 0x20, 0x00, 0xff, 0xf7, 0x6c, 0xfe
.byte 0x00, 0x28, 0x04, 0xd0, 0xf6, 0x21, 0x19, 0x4b, 0x19, 0x4a, 0x1a, 0x48, 0x63, 0xe7, 0xe5, 0x7b
.byte 0x00, 0x2d, 0x04, 0xd0, 0x29, 0x00, 0x20, 0x00, 0xff, 0xf7, 0x46, 0xfe, 0x47, 0x70, 0xa3, 0x7b
.byte 0x00, 0x2b, 0x06, 0xd1, 0x00, 0x2d, 0x03, 0xd0, 0x13, 0x4b, 0x11, 0x4a, 0xfb, 0x21, 0xec, 0xe7
.byte 0xa7, 0x73, 0xe7, 0x73, 0x39, 0x00, 0x30, 0x00, 0xff, 0xf7, 0xfe, 0xfe, 0x03, 0x78, 0x01, 0x33
.byte 0x03, 0x70, 0xb7, 0xe7, 0x00, 0x28, 0x00, 0xd0, 0x16, 0xe7, 0x13, 0xb0, 0xf0, 0xbd, 0xc0, 0x46
.byte 0x40, 0x52, 0x00, 0x20, 0xeb, 0x44, 0x00, 0x20, 0x91, 0x44, 0x00, 0x20, 0xe6, 0x45, 0x00, 0x20
.byte 0x01, 0x45, 0x00, 0x20, 0x0a, 0x45, 0x00, 0x20, 0xff, 0xff, 0xff, 0x7f, 0x46, 0x45, 0x00, 0x20
.byte 0x3c, 0x44, 0x00, 0x20, 0x5e, 0x46, 0x00, 0x20, 0x68, 0x45, 0x00, 0x20, 0x10, 0xb5, 0x0b, 0x4c
.byte 0x63, 0x68, 0x00, 0x2b, 0x0c, 0xd1, 0x10, 0x21, 0x23, 0x00, 0x09, 0x4a, 0x20, 0x68, 0x00, 0xf0
.byte 0x63, 0xfb, 0x03, 0x20, 0x00, 0xf0, 0xc0, 0xf9, 0x03, 0x21, 0x20, 0x00, 0xff, 0xf7, 0x96, 0xfd
.byte 0x0a, 0x21, 0x04, 0x48, 0xff, 0xf7, 0x44, 0xfd, 0x10, 0xbd, 0xc0, 0x46, 0x70, 0x4f, 0x00, 0x20
.byte 0x71, 0x0e, 0x00, 0x20, 0x54, 0x52, 0x00, 0x20, 0x05, 0x48, 0x10, 0xb5, 0x43, 0x68, 0x00, 0x2b
.byte 0x05, 0xd1, 0x04, 0x4b, 0x04, 0x4a, 0x5e, 0x21, 0x04, 0x48, 0x00, 0xf0, 0xb5, 0xfe, 0x10, 0xbd
.byte 0x70, 0x4f, 0x00, 0x20, 0xa3, 0x45, 0x00, 0x20, 0x65, 0x44, 0x00, 0x20, 0xe6, 0x45, 0x00, 0x20
.byte 0xf0, 0xb5, 0x8f, 0xb0, 0x07, 0x93, 0x27, 0x23, 0x00, 0x24, 0x05, 0x00, 0x16, 0xa9, 0x09, 0x78
.byte 0x06, 0x92, 0x04, 0xaa, 0x9b, 0x18, 0x09, 0x91, 0x1c, 0x70, 0x6a, 0x68, 0xef, 0xf3, 0x10, 0x87
.byte 0x72, 0xb6, 0x13, 0x68, 0x00, 0x2b, 0xfc, 0xd0, 0xbf, 0xf3, 0x5f, 0x8f, 0x27, 0x23, 0x04, 0xaa
.byte 0x9b, 0x18, 0x04, 0x93, 0x15, 0x9b, 0x03, 0x94, 0x01, 0x93, 0x14, 0x9b, 0x02, 0x94, 0x00, 0x93
.byte 0x28, 0x00, 0x06, 0x9a, 0x07, 0x9b, 0xff, 0xf7, 0x15, 0xfe, 0x06, 0x00, 0x00, 0x20, 0x86, 0x42
.byte 0x04, 0xd0, 0x31, 0x00, 0x28, 0x00, 0xff, 0xf7, 0x7f, 0xfe, 0x00, 0x78, 0x6b, 0x68, 0xbf, 0xf3
.byte 0x5f, 0x8f, 0x1c, 0x60, 0x87, 0xf3, 0x10, 0x88, 0x00, 0x2e, 0x23, 0xd0, 0x27, 0x23, 0x04, 0xaa
.byte 0x9b, 0x18, 0x1b, 0x78, 0x00, 0x2b, 0x20, 0xd1, 0x00, 0x02, 0x30, 0x43, 0x0f, 0xb0, 0xf0, 0xbd
.byte 0x06, 0x00, 0x0f, 0x1e, 0x0e, 0xda, 0x06, 0x9a, 0x07, 0x9b, 0x92, 0x1b, 0xbb, 0x41, 0x06, 0x92
.byte 0x07, 0x93, 0x07, 0x9b, 0x00, 0x2b, 0xc0, 0xda, 0x01, 0x22, 0x0e, 0x4b, 0x52, 0x42, 0x06, 0x92
.byte 0x07, 0x93, 0xba, 0xe7, 0x0a, 0xa8, 0xff, 0xf7, 0x83, 0xfd, 0x0a, 0x9a, 0x0b, 0x9b, 0x92, 0x19
.byte 0x7b, 0x41, 0xec, 0xe7, 0x01, 0x20, 0x40, 0x42, 0xe0, 0xe7, 0x09, 0x9b, 0x00, 0x2b, 0x06, 0xd0
.byte 0x14, 0x9b, 0x15, 0x99, 0x00, 0x20, 0x98, 0x47, 0x03, 0x00, 0x0b, 0x43, 0xd8, 0xd1, 0x00, 0x20
.byte 0xd4, 0xe7, 0xc0, 0x46, 0xff, 0xff, 0xff, 0x7f, 0xf7, 0xb5, 0x05, 0x00, 0x0c, 0x1e, 0x3b, 0xd0
.byte 0x42, 0x68, 0xef, 0xf3, 0x10, 0x87, 0x72, 0xb6, 0x13, 0x68, 0x00, 0x2b, 0xfc, 0xd0, 0xbf, 0xf3
.byte 0x5f, 0x8f, 0x2b, 0x68, 0xe6, 0xb2, 0x18, 0x00, 0x31, 0x00, 0x01, 0x93, 0xff, 0xf7, 0x7c, 0xfd
.byte 0x2b, 0x69, 0x00, 0x28, 0x1d, 0xd0, 0x9c, 0x42, 0x06, 0xd1, 0x2c, 0x21, 0x13, 0x4b, 0x14, 0x4a
.byte 0xff, 0x31, 0x14, 0x48, 0x00, 0xf0, 0x20, 0xfe, 0x31, 0x00, 0x28, 0x00, 0xff, 0xf7, 0x1c, 0xfe
.byte 0x24, 0x0a, 0x03, 0x78, 0xe4, 0xb2, 0x00, 0x20, 0xa3, 0x42, 0x0d, 0xd1, 0x31, 0x00, 0x01, 0x98
.byte 0x00, 0xf0, 0x2e, 0xfb, 0x00, 0x28, 0x07, 0xd1, 0x99, 0x21, 0x0b, 0x4b, 0x08, 0x4a, 0x49, 0x00
.byte 0xe7, 0xe7, 0x9c, 0x42, 0x00, 0xd1, 0x28, 0x61, 0x6b, 0x68, 0xbf, 0xf3, 0x5f, 0x8f, 0x00, 0x22
.byte 0x1a, 0x60, 0x87, 0xf3, 0x10, 0x88, 0xfe, 0xbd, 0x08, 0x00, 0xfc, 0xe7, 0x7c, 0x45, 0x00, 0x20
.byte 0xab, 0x44, 0x00, 0x20, 0xe6, 0x45, 0x00, 0x20, 0xa0, 0x45, 0x00, 0x20, 0xf0, 0xb5, 0xef, 0xf3
.byte 0x05, 0x83, 0x87, 0xb0, 0x06, 0x00, 0x0f, 0x00, 0x00, 0x2b, 0x02, 0xd0, 0x26, 0x48, 0x00, 0xf0
.byte 0x7d, 0xfe, 0x06, 0x24, 0x64, 0x42, 0xe5, 0x17, 0xa4, 0x19, 0x7d, 0x41, 0x8d, 0x42, 0x06, 0xd8
.byte 0x01, 0xd1, 0x84, 0x42, 0x03, 0xd8, 0x00, 0x2d, 0x03, 0xda, 0xff, 0xf7, 0xfb, 0xfc, 0x00, 0x24
.byte 0x00, 0x25, 0x04, 0xa8, 0xff, 0xf7, 0x04, 0xfd, 0x04, 0x98, 0x05, 0x99, 0x22, 0x00, 0x2b, 0x00
.byte 0x12, 0x1a, 0x8b, 0x41, 0x00, 0x2b, 0x08, 0xdc, 0x01, 0xd1, 0x00, 0x2a, 0x05, 0xd1, 0x30, 0x00
.byte 0x39, 0x00, 0x00, 0xf0, 0xd1, 0xf8, 0x07, 0xb0, 0xf0, 0xbd, 0xff, 0xf7, 0x05, 0xff, 0x00, 0x23
.byte 0x02, 0x93, 0x01, 0x93, 0x11, 0x4b, 0x22, 0x00, 0x00, 0x93, 0x2b, 0x00, 0xff, 0xf7, 0x10, 0xff
.byte 0x00, 0x28, 0xec, 0xdb, 0x20, 0x00, 0x29, 0x00, 0xff, 0xf7, 0x54, 0xfc, 0x00, 0x28, 0xe6, 0xd1
.byte 0x0b, 0x4b, 0x18, 0x68, 0xef, 0xf3, 0x10, 0x82, 0x72, 0xb6, 0x01, 0x68, 0x00, 0x29, 0xfc, 0xd0
.byte 0xbf, 0xf3, 0x5f, 0x8f, 0x1b, 0x68, 0xbf, 0xf3, 0x5f, 0x8f, 0x00, 0x21, 0x19, 0x60, 0x82, 0xf3
.byte 0x10, 0x88, 0x20, 0xbf, 0xe6, 0xe7, 0xc0, 0x46, 0xad, 0x46, 0x00, 0x20, 0xc9, 0x0d, 0x00, 0x20
.byte 0x54, 0x52, 0x00, 0x20, 0x37, 0xb5, 0x0d, 0x00, 0x04, 0x00, 0x68, 0x46, 0xff, 0xf7, 0xc0, 0xfc
.byte 0x00, 0x98, 0x01, 0x99, 0x00, 0x19, 0x69, 0x41, 0x00, 0x29, 0x02, 0xda, 0x01, 0x20, 0x02, 0x49
.byte 0x40, 0x42, 0xff, 0xf7, 0x93, 0xff, 0x37, 0xbd, 0xff, 0xff, 0xff, 0x7f, 0xfa, 0x22, 0x10, 0xb5
.byte 0x92, 0x00, 0x00, 0x23, 0x00, 0x21, 0x02, 0xf0, 0x4b, 0xf9, 0xff, 0xf7, 0xe3, 0xff, 0x10, 0xbd
.byte 0x7f, 0xb5, 0xef, 0xf3, 0x05, 0x86, 0x04, 0x00, 0x0d, 0x00, 0x00, 0x2e, 0x05, 0xd0, 0x20, 0x00
.byte 0x29, 0x00, 0xff, 0xf7, 0x0f, 0xfc, 0x04, 0xb0, 0x70, 0xbd, 0xff, 0xf7, 0xad, 0xfe, 0x08, 0x4b
.byte 0x02, 0x96, 0x01, 0x96, 0x00, 0x93, 0x22, 0x00, 0x2b, 0x00, 0xff, 0xf7, 0xb9, 0xfe, 0x06, 0x1e
.byte 0xed, 0xdd, 0x20, 0xbf, 0xff, 0xf7, 0xa0, 0xfe, 0x31, 0x00, 0xff, 0xf7, 0x1d, 0xff, 0xe6, 0xe7
.byte 0xc9, 0x0d, 0x00, 0x20, 0xf7, 0xb5, 0xef, 0xf3, 0x05, 0x83, 0x18, 0x00, 0x01, 0x93, 0x10, 0x38
.byte 0xef, 0xf3, 0x10, 0x87, 0x72, 0xb6, 0x19, 0x4b, 0x1a, 0x68, 0x00, 0x2a, 0xfc, 0xd0, 0xbf, 0xf3
.byte 0x5f, 0x8f, 0x01, 0x26, 0x31, 0x00, 0x81, 0x40, 0x15, 0x4b, 0x16, 0x4d, 0x69, 0x63, 0x19, 0x60
.byte 0x15, 0x4b, 0x1b, 0x78, 0x1a, 0x00, 0xc2, 0x40, 0x94, 0x46, 0x64, 0x46, 0x00, 0x22, 0x34, 0x42
.byte 0x0a, 0xd0, 0x12, 0x4e, 0x6c, 0x6a, 0x85, 0x00, 0xae, 0x59, 0xb4, 0x42, 0x0f, 0xd3, 0x10, 0x4a
.byte 0x8b, 0x43, 0x0d, 0x49, 0xaa, 0x58, 0x0b, 0x70, 0xbf, 0xf3, 0x5f, 0x8f, 0x00, 0x23, 0x07, 0x49
.byte 0x0b, 0x60, 0x87, 0xf3, 0x10, 0x88, 0x9a, 0x42, 0x00, 0xd0, 0x90, 0x47, 0xf7, 0xbd, 0x01, 0x9b
.byte 0x08, 0x49, 0x9b, 0x00, 0x5b, 0x18, 0x19, 0x68, 0x19, 0x60, 0xed, 0xe7, 0x28, 0x01, 0x00, 0xd0
.byte 0x3c, 0x70, 0x05, 0x40, 0x00, 0x40, 0x05, 0x40, 0xad, 0x52, 0x00, 0x20, 0x58, 0x52, 0x00, 0x20
.byte 0xfc, 0x50, 0x00, 0x20, 0xd0, 0x3f, 0x05, 0x40, 0x10, 0xb5, 0x01, 0x00, 0x02, 0x4a, 0x03, 0x48
.byte 0xff, 0xf7, 0x1b, 0xf9, 0x10, 0xbd, 0xc0, 0x46, 0x8e, 0x47, 0x00, 0x20, 0x6b, 0x52, 0x00, 0x20
.byte 0x04, 0x4b, 0x59, 0x6a, 0x98, 0x6a, 0x5a, 0x6a, 0x91, 0x42, 0x00, 0xd1, 0x70, 0x47, 0x11, 0x00
.byte 0xf8, 0xe7, 0xc0, 0x46, 0x00, 0x40, 0x05, 0x40, 0x05, 0x4b, 0x5a, 0x6a, 0x8a, 0x42, 0xfc, 0xd3
.byte 0x8a, 0x42, 0x02, 0xd1, 0x9a, 0x6a, 0x82, 0x42, 0x00, 0xd3, 0x70, 0x47, 0x5a, 0x6a, 0xf7, 0xe7
.byte 0x00, 0x40, 0x05, 0x40, 0x70, 0xb5, 0x04, 0x00, 0x0d, 0x00, 0xff, 0xf7, 0xe1, 0xff, 0x02, 0x00
.byte 0x0b, 0x00, 0x20, 0x00, 0x29, 0x00, 0x80, 0x18, 0x59, 0x41, 0x8b, 0x42, 0x04, 0xd8, 0x01, 0xd1
.byte 0x82, 0x42, 0x01, 0xd8, 0x00, 0x29, 0x05, 0xda, 0x04, 0x4b, 0x05, 0x4a, 0x3f, 0x21, 0x05, 0x48
.byte 0x00, 0xf0, 0xd2, 0xfc, 0xff, 0xf7, 0xd8, 0xff, 0x70, 0xbd, 0xc0, 0x46, 0xfa, 0x46, 0x00, 0x20
.byte 0x5f, 0x47, 0x00, 0x20, 0x15, 0x47, 0x00, 0x20, 0xf7, 0xb5, 0x04, 0x00, 0x0d, 0x00, 0xef, 0xf3
.byte 0x10, 0x87, 0x72, 0xb6, 0x1c, 0x4b, 0x1a, 0x68, 0x00, 0x2a, 0xfc, 0xd0, 0xbf, 0xf3, 0x5f, 0x8f
.byte 0xa3, 0x00, 0x1a, 0x4e, 0x01, 0x93, 0x00, 0x2d, 0x1b, 0xd0, 0x20, 0x00, 0xff, 0xf7, 0xbc, 0xf9
.byte 0xb0, 0x42, 0x0b, 0xd0, 0x31, 0x00, 0x20, 0x00, 0xff, 0xf7, 0xbe, 0xf9, 0x01, 0x21, 0x20, 0x00
.byte 0xff, 0xf7, 0xaa, 0xf9, 0x01, 0x23, 0xa3, 0x40, 0x11, 0x4a, 0x13, 0x60, 0x11, 0x4b, 0x01, 0x9a
.byte 0x9d, 0x50, 0xbf, 0xf3, 0x5f, 0x8f, 0x00, 0x23, 0x0b, 0x4a, 0x13, 0x60, 0x87, 0xf3, 0x10, 0x88
.byte 0xf7, 0xbd, 0x0c, 0x4b, 0xa2, 0x00, 0x9d, 0x50, 0x01, 0x22, 0xa2, 0x40, 0x0a, 0x49, 0x20, 0x00
.byte 0x0b, 0x78, 0x93, 0x43, 0x0b, 0x70, 0x31, 0x00, 0xff, 0xf7, 0xc8, 0xf9, 0x29, 0x00, 0x20, 0x00
.byte 0xff, 0xf7, 0x8a, 0xf9, 0xe5, 0xe7, 0xc0, 0x46, 0x28, 0x01, 0x00, 0xd0, 0xb1, 0x15, 0x00, 0x20
.byte 0x38, 0x60, 0x05, 0x40, 0xfc, 0x50, 0x00, 0x20, 0xad, 0x52, 0x00, 0x20, 0xf0, 0xb5, 0x87, 0xb0
.byte 0x17, 0x00, 0x05, 0x00, 0x03, 0x93, 0xff, 0xf7, 0x73, 0xff, 0x03, 0x9e, 0x05, 0x97, 0x8e, 0x42
.byte 0x02, 0xd8, 0x50, 0xd1, 0x87, 0x42, 0x4e, 0xd9, 0xef, 0xf3, 0x10, 0x83, 0x72, 0xb6, 0x04, 0x93
.byte 0x26, 0x4b, 0x1a, 0x68, 0x00, 0x2a, 0xfc, 0xd0, 0xbf, 0xf3, 0x5f, 0x8f, 0x01, 0x24, 0xac, 0x40
.byte 0x23, 0x4b, 0x24, 0x49, 0x1b, 0x78, 0x03, 0x98, 0x01, 0x93, 0x23, 0x43, 0xdb, 0xb2, 0x02, 0x93
.byte 0x02, 0x9a, 0x1f, 0x4b, 0x1a, 0x70, 0x20, 0x4b, 0x2a, 0x1d, 0x92, 0x00, 0x5c, 0x63, 0xd7, 0x50
.byte 0xaa, 0x00, 0x50, 0x50, 0x1a, 0x6a, 0x1f, 0x00, 0x22, 0x42, 0x13, 0xd1, 0x1b, 0x6c, 0x23, 0x42
.byte 0x0a, 0xd0, 0x00, 0x20, 0xbf, 0xf3, 0x5f, 0x8f, 0x00, 0x23, 0x14, 0x4a, 0x13, 0x60, 0x04, 0x9b
.byte 0x83, 0xf3, 0x10, 0x88, 0x07, 0xb0, 0xf0, 0xbd, 0x14, 0x4b, 0x15, 0x4a, 0xc5, 0x21, 0x15, 0x48
.byte 0x00, 0xf0, 0x3a, 0xfc, 0xff, 0xf7, 0x34, 0xff, 0x8e, 0x42, 0xea, 0xd8, 0x02, 0xd1, 0x05, 0x9b
.byte 0x83, 0x42, 0xe6, 0xd8, 0x02, 0x9b, 0x01, 0x9a, 0x01, 0x20, 0x93, 0x42, 0xe2, 0xd0, 0x1f, 0x23
.byte 0x02, 0x00, 0x1d, 0x40, 0xaa, 0x40, 0x0c, 0x4b, 0x3c, 0x62, 0x7c, 0x63, 0x1a, 0x60, 0x04, 0x4b
.byte 0x01, 0x9a, 0x1a, 0x70, 0xd6, 0xe7, 0x01, 0x20, 0xdc, 0xe7, 0xc0, 0x46, 0x28, 0x01, 0x00, 0xd0
.byte 0xad, 0x52, 0x00, 0x20, 0x58, 0x52, 0x00, 0x20, 0x00, 0x40, 0x05, 0x40, 0xb0, 0x47, 0x00, 0x20
.byte 0x74, 0x47, 0x00, 0x20, 0xd1, 0x47, 0x00, 0x20, 0x80, 0xe2, 0x00, 0xe0, 0x10, 0xb5, 0xef, 0xf3
.byte 0x10, 0x84, 0x72, 0xb6, 0x0a, 0x49, 0x0b, 0x68, 0x00, 0x2b, 0xfc, 0xd0, 0xbf, 0xf3, 0x5f, 0x8f
.byte 0x01, 0x23, 0x83, 0x40, 0x07, 0x4a, 0x08, 0x48, 0x13, 0x62, 0x02, 0x78, 0x9a, 0x43, 0x02, 0x70
.byte 0xbf, 0xf3, 0x5f, 0x8f, 0x00, 0x23, 0x0b, 0x60, 0x84, 0xf3, 0x10, 0x88, 0x10, 0xbd, 0xc0, 0x46
.byte 0x28, 0x01, 0x00, 0xd0, 0x00, 0x40, 0x05, 0x40, 0xad, 0x52, 0x00, 0x20, 0x10, 0xb5, 0x00, 0x29
.byte 0x02, 0xd0, 0x03, 0x7b, 0x8b, 0x42, 0x05, 0xd2, 0x05, 0x4b, 0x06, 0x4a, 0x68, 0x21, 0x06, 0x48
.byte 0x00, 0xf0, 0xe2, 0xfb, 0x03, 0x23, 0x4b, 0x43, 0x00, 0x68, 0x03, 0x3b, 0xc0, 0x18, 0x10, 0xbd
.byte 0x42, 0x46, 0x00, 0x20, 0x17, 0x48, 0x00, 0x20, 0x5e, 0x46, 0x00, 0x20, 0xf8, 0xb5, 0x07, 0x00
.byte 0x0d, 0x00, 0x14, 0x00, 0xff, 0xf7, 0xe2, 0xff, 0x06, 0x00, 0x00, 0x2d, 0x05, 0xd1, 0x6f, 0x21
.byte 0x0e, 0x4b, 0x0f, 0x4a, 0x0f, 0x48, 0x00, 0xf0, 0xc7, 0xfb, 0x00, 0x2c, 0x03, 0xd1, 0x0e, 0x4b
.byte 0x0b, 0x4a, 0x70, 0x21, 0xf6, 0xe7, 0xa5, 0x42, 0x03, 0xd1, 0x0c, 0x4b, 0x08, 0x4a, 0x71, 0x21
.byte 0xf0, 0xe7, 0x21, 0x00, 0x38, 0x00, 0xff, 0xf7, 0xc9, 0xff, 0x85, 0x70, 0x33, 0x78, 0x00, 0x2b
.byte 0x01, 0xd1, 0x34, 0x70, 0xf8, 0xbd, 0x43, 0x70, 0xfb, 0xe7, 0xc0, 0x46, 0x22, 0x46, 0x00, 0x20
.byte 0x23, 0x48, 0x00, 0x20, 0x5e, 0x46, 0x00, 0x20, 0x39, 0x46, 0x00, 0x20, 0x2c, 0x46, 0x00, 0x20
.byte 0x70, 0xb5, 0x06, 0x00, 0x0c, 0x00, 0x15, 0x00, 0x00, 0x29, 0x12, 0xd0, 0x00, 0x2a, 0x09, 0xd0
.byte 0x80, 0x68, 0x73, 0x68, 0x98, 0x47, 0x00, 0x28, 0x06, 0xd0, 0x2a, 0x00, 0x21, 0x00, 0x30, 0x00
.byte 0xff, 0xf7, 0xbc, 0xff, 0x20, 0x00, 0x70, 0xbd, 0x22, 0x00, 0x29, 0x00, 0x30, 0x00, 0xff, 0xf7
.byte 0xb5, 0xff, 0x2c, 0x00, 0xf6, 0xe7, 0x70, 0xb5, 0x00, 0x23, 0x01, 0x24, 0x05, 0x00, 0x06, 0x7b
.byte 0x43, 0x73, 0x84, 0x73, 0xc6, 0x73, 0xa6, 0x42, 0x06, 0xd8, 0x31, 0x00, 0x28, 0x00, 0xff, 0xf7
.byte 0x8d, 0xff, 0x00, 0x23, 0x43, 0x70, 0x70, 0xbd, 0x21, 0x00, 0x28, 0x00, 0xff, 0xf7, 0x86, 0xff
.byte 0x01, 0x34, 0xe4, 0xb2, 0x44, 0x70, 0xee, 0xe7, 0x10, 0xb5, 0x01, 0x73, 0x42, 0x60, 0x83, 0x60
.byte 0xff, 0xf7, 0xe1, 0xff, 0x10, 0xbd, 0xf7, 0xb5, 0x05, 0x00, 0x0c, 0x1e, 0x21, 0xd0, 0xff, 0xf7
.byte 0x75, 0xff, 0x46, 0x78, 0x00, 0x2e, 0x1c, 0xd0, 0x31, 0x00, 0x28, 0x00, 0xff, 0xf7, 0x6e, 0xff
.byte 0x00, 0x27, 0x43, 0x78, 0x21, 0x00, 0x47, 0x70, 0x28, 0x00, 0x01, 0x93, 0xff, 0xf7, 0x66, 0xff
.byte 0x32, 0x00, 0x21, 0x00, 0x47, 0x70, 0x28, 0x00, 0xff, 0xf7, 0xaa, 0xff, 0x01, 0x99, 0x04, 0x00
.byte 0x28, 0x00, 0xff, 0xf7, 0xe0, 0xff, 0x21, 0x00, 0x02, 0x00, 0x28, 0x00, 0xff, 0xf7, 0xa0, 0xff
.byte 0x04, 0x00, 0x20, 0x00, 0xfe, 0xbd, 0x00, 0x00, 0xf8, 0xb5, 0x04, 0x00, 0x0d, 0x00, 0x17, 0x00
.byte 0x00, 0x29, 0x05, 0xd1, 0x38, 0x21, 0x1f, 0x4b, 0x1f, 0x4a, 0x20, 0x48, 0x00, 0xf0, 0x34, 0xfb
.byte 0xff, 0xf7, 0x44, 0xff, 0x43, 0x78, 0x00, 0x2b, 0x03, 0xd0, 0x1d, 0x4b, 0x1a, 0x4a, 0x3a, 0x21
.byte 0xf3, 0xe7, 0x83, 0x78, 0x00, 0x2b, 0x03, 0xd0, 0x1a, 0x4b, 0x17, 0x4a, 0x3b, 0x21, 0xec, 0xe7
.byte 0x01, 0x78, 0x20, 0x00, 0xff, 0xf7, 0xb7, 0xff, 0x06, 0x00, 0x00, 0x2f, 0x12, 0xd0, 0xe7, 0x7b
.byte 0x00, 0x2f, 0x04, 0xd0, 0x39, 0x00, 0x20, 0x00, 0xff, 0xf7, 0x28, 0xff, 0x45, 0x70, 0xa3, 0x7b
.byte 0x00, 0x2b, 0x06, 0xd1, 0x00, 0x2f, 0x03, 0xd0, 0x0f, 0x4b, 0x0b, 0x4a, 0x42, 0x21, 0xd4, 0xe7
.byte 0xa5, 0x73, 0xe5, 0x73, 0x00, 0x2e, 0x05, 0xd0, 0x31, 0x00, 0x20, 0x00, 0xff, 0xf7, 0x16, 0xff
.byte 0x00, 0x23, 0x83, 0x70, 0x29, 0x00, 0x20, 0x00, 0xff, 0xf7, 0x10, 0xff, 0x00, 0x23, 0x43, 0x70
.byte 0x30, 0x00, 0xf8, 0xbd, 0x76, 0x48, 0x00, 0x20, 0x35, 0x48, 0x00, 0x20, 0x7e, 0x48, 0x00, 0x20
.byte 0xbb, 0x48, 0x00, 0x20, 0xe0, 0x48, 0x00, 0x20, 0x68, 0x45, 0x00, 0x20, 0x70, 0xb5, 0x45, 0x7b
.byte 0x0a, 0x00, 0x29, 0x00, 0x04, 0x00, 0xff, 0xf7, 0xa7, 0xff, 0x60, 0x73, 0x28, 0x00, 0x70, 0xbd
.byte 0x70, 0xb5, 0x04, 0x00, 0x0d, 0x1e, 0x3c, 0xd0, 0x43, 0x7b, 0x8b, 0x42, 0x04, 0xd1, 0x01, 0x21
.byte 0xff, 0xf7, 0xec, 0xff, 0x01, 0x20, 0x70, 0xbd, 0xff, 0xf7, 0xe8, 0xfe, 0x06, 0x00, 0x81, 0x78
.byte 0x00, 0x20, 0x81, 0x42, 0xf7, 0xd0, 0x20, 0x00, 0xff, 0xf7, 0xe0, 0xfe, 0x01, 0x78, 0xa9, 0x42
.byte 0x11, 0xd1, 0x73, 0x78, 0x03, 0x70, 0x00, 0x23, 0x01, 0x22, 0x29, 0x00, 0xb3, 0x70, 0x73, 0x70
.byte 0x20, 0x00, 0xff, 0xf7, 0x81, 0xff, 0x61, 0x7b, 0x02, 0x00, 0x81, 0x42, 0x14, 0xd1, 0x0e, 0x4b
.byte 0x0e, 0x4a, 0x71, 0x21, 0x0d, 0xe0, 0x20, 0x00, 0xff, 0xf7, 0xc8, 0xfe, 0x41, 0x78, 0xa9, 0x42
.byte 0x02, 0xd1, 0x73, 0x78, 0x43, 0x70, 0xe6, 0xe7, 0x00, 0x29, 0xf4, 0xd1, 0x08, 0x4b, 0x07, 0x4a
.byte 0x6b, 0x31, 0x08, 0x48, 0x00, 0xf0, 0xa8, 0xfa, 0x20, 0x00, 0xff, 0xf7, 0x01, 0xff, 0x60, 0x73
.byte 0xc8, 0xe7, 0x08, 0x00, 0xc7, 0xe7, 0xc0, 0x46, 0x60, 0x48, 0x00, 0x20, 0x48, 0x48, 0x00, 0x20
.byte 0x50, 0x42, 0x00, 0x20, 0x7e, 0x48, 0x00, 0x20, 0xf7, 0xb5, 0x07, 0x6b, 0x04, 0x00, 0x0e, 0x00
.byte 0x01, 0x92, 0xfb, 0x07, 0x18, 0xd5, 0x02, 0x00, 0xc0, 0x23, 0x30, 0x32, 0x9b, 0x01, 0x13, 0x43
.byte 0x10, 0x4a, 0x1a, 0x60, 0x45, 0x6a, 0x83, 0x6a, 0xad, 0x01, 0x06, 0x20, 0xed, 0x18, 0x00, 0xf0
.byte 0x83, 0xf9, 0x0d, 0x49, 0x01, 0xf0, 0xbe, 0xfa, 0xad, 0x02, 0x01, 0x00, 0x28, 0x00, 0x01, 0xf0
.byte 0xb9, 0xfa, 0x00, 0x21, 0xff, 0xf7, 0x8e, 0xfd, 0xe3, 0x6a, 0x22, 0x00, 0x5e, 0x40, 0x01, 0x9b
.byte 0x2c, 0x32, 0x33, 0x40, 0x1e, 0x00, 0x80, 0x23, 0x5b, 0x01, 0x13, 0x43, 0x1e, 0x60, 0x27, 0x63
.byte 0xf7, 0xbd, 0xc0, 0x46, 0x01, 0x03, 0x00, 0x00, 0x4e, 0x0e, 0x00, 0x00, 0x70, 0xb5, 0x06, 0x00
.byte 0x06, 0x20, 0x0c, 0x00, 0x00, 0xf0, 0x60, 0xf9, 0x21, 0x00, 0xc0, 0x00, 0x01, 0xf0, 0x9a, 0xfa
.byte 0x01, 0x24, 0xc5, 0x09, 0x07, 0xd0, 0x0d, 0x4b, 0x9d, 0x42, 0x14, 0xd8, 0x7f, 0x23, 0x18, 0x40
.byte 0x00, 0x19, 0x2c, 0x00, 0x45, 0x08, 0x00, 0x22, 0x74, 0x62, 0x11, 0x00, 0xb5, 0x62, 0x30, 0x00
.byte 0xff, 0xf7, 0xb2, 0xff, 0x06, 0x20, 0x00, 0xf0, 0x47, 0xf9, 0xa1, 0x01, 0x49, 0x19, 0x80, 0x00
.byte 0x01, 0xf0, 0x80, 0xfa, 0x70, 0xbd, 0x00, 0x25, 0x01, 0x4c, 0xec, 0xe7, 0xfe, 0xff, 0x00, 0x00
.byte 0xff, 0xff, 0x00, 0x00, 0x70, 0xb5, 0x04, 0x00, 0x06, 0x20, 0x0d, 0x00, 0x00, 0xf0, 0x34, 0xf9
.byte 0x06, 0x1e, 0x2b, 0xd0, 0x18, 0x4b, 0x9c, 0x42, 0x2a, 0xd0, 0x80, 0x23, 0xdb, 0x03, 0x17, 0x4a
.byte 0x17, 0x49, 0x13, 0x60, 0x17, 0x4a, 0x13, 0x60, 0x18, 0x00, 0x8a, 0x68, 0x90, 0x43, 0xfb, 0xd1
.byte 0x15, 0x4b, 0x80, 0x21, 0xe3, 0x18, 0x5a, 0x42, 0x53, 0x41, 0x14, 0x4a, 0x5b, 0x00, 0x49, 0x00
.byte 0x99, 0x52, 0x20, 0x00, 0x29, 0x00, 0xff, 0xf7, 0xb1, 0xff, 0x6e, 0x22, 0x06, 0x00, 0x60, 0x21
.byte 0x20, 0x00, 0xff, 0xf7, 0x79, 0xff, 0x22, 0x00, 0x80, 0x23, 0x2c, 0x32, 0x9b, 0x01, 0x13, 0x43
.byte 0x10, 0x22, 0x1a, 0x60, 0x0a, 0x4b, 0x23, 0x63, 0x03, 0x23, 0xa3, 0x64, 0x30, 0x00, 0x70, 0xbd
.byte 0x80, 0x23, 0x1b, 0x04, 0xd3, 0xe7, 0xc0, 0x46, 0x00, 0x80, 0x03, 0x40, 0x00, 0xe0, 0x00, 0x40
.byte 0x00, 0xc0, 0x00, 0x40, 0x00, 0xf0, 0x00, 0x40, 0x00, 0x80, 0xfc, 0xbf, 0xae, 0x52, 0x00, 0x20
.byte 0x01, 0x03, 0x00, 0x00, 0xf0, 0xb5, 0x85, 0xb0, 0x03, 0x92, 0x0a, 0x9a, 0x05, 0x00, 0x0f, 0x00
.byte 0x93, 0x42, 0x05, 0xd2, 0x32, 0x4b, 0x33, 0x4a, 0x33, 0x21, 0x33, 0x48, 0x00, 0xf0, 0xe4, 0xf9
.byte 0x0c, 0x24, 0x1a, 0x0e, 0x1b, 0x02, 0x02, 0x92, 0x01, 0x93, 0x0a, 0x9a, 0x00, 0x23, 0x01, 0x98
.byte 0x02, 0x99, 0x01, 0xf0, 0x55, 0xfa, 0x6c, 0x43, 0x2c, 0x4b, 0x06, 0x00, 0xe4, 0x18, 0x63, 0x68
.byte 0x83, 0x42, 0x00, 0xd2, 0x60, 0x60, 0x2b, 0x1f, 0xdb, 0xb2, 0x00, 0x93, 0xc0, 0x23, 0x00, 0x9a
.byte 0x9b, 0x01, 0x23, 0x43, 0x01, 0x2a, 0x31, 0xd8, 0x01, 0x2f, 0x2f, 0xd1, 0x03, 0x22, 0x1a, 0x60
.byte 0x3b, 0x00, 0xa2, 0x68, 0x1a, 0x42, 0xfc, 0xd0, 0x03, 0x9b, 0x22, 0x68, 0x5b, 0x01, 0x53, 0x40
.byte 0xe0, 0x22, 0x13, 0x40, 0x80, 0x22, 0x52, 0x01, 0x22, 0x43, 0x13, 0x60, 0x00, 0x9b, 0x01, 0x2b
.byte 0x09, 0xd8, 0x03, 0x21, 0x23, 0x68, 0x7b, 0x40, 0x0b, 0x40, 0x13, 0x60, 0x01, 0x23, 0xbb, 0x40
.byte 0xa2, 0x68, 0x13, 0x42, 0xfc, 0xd0, 0x80, 0x23, 0x80, 0x22, 0x9b, 0x01, 0x23, 0x43, 0x12, 0x01
.byte 0x1a, 0x60, 0x01, 0x98, 0x66, 0x60, 0x32, 0x00, 0x00, 0x23, 0x02, 0x99, 0x01, 0xf0, 0x18, 0xfa
.byte 0x0f, 0x4b, 0xad, 0x00, 0xe8, 0x50, 0x01, 0x20, 0x05, 0xb0, 0xf0, 0xbd, 0x80, 0x22, 0x12, 0x01
.byte 0x1a, 0x60, 0x0b, 0x4b, 0xaa, 0x00, 0xd1, 0x58, 0x00, 0x29, 0xcd, 0xd0, 0x58, 0x69, 0x01, 0xf0
.byte 0xc9, 0xf9, 0x43, 0x1c, 0x03, 0x20, 0x58, 0x43, 0x03, 0x38, 0xfd, 0xd2, 0xc4, 0xe7, 0xc0, 0x46
.byte 0x14, 0x49, 0x00, 0x20, 0x04, 0x49, 0x00, 0x20, 0x25, 0x49, 0x00, 0x20, 0x00, 0x80, 0x00, 0x40
.byte 0x0c, 0x52, 0x00, 0x20, 0x73, 0xb5, 0x0c, 0x20, 0x00, 0xf0, 0xf8, 0xf8, 0xfe, 0xf7, 0x5c, 0xfd
.byte 0x00, 0x28, 0x0a, 0xd0, 0x00, 0x23, 0x2c, 0x4a, 0x2c, 0x48, 0x99, 0x00, 0x01, 0x33, 0x88, 0x50
.byte 0x0a, 0x2b, 0xfa, 0xd1, 0x2a, 0x4b, 0x53, 0x62, 0x73, 0xbd, 0x2a, 0x4c, 0xa0, 0x67, 0x00, 0xf0
.byte 0x49, 0xf9, 0x01, 0x22, 0x28, 0x4b, 0x1a, 0x60, 0x63, 0x6c, 0x01, 0x2b, 0xfc, 0xd1, 0x03, 0x22
.byte 0x26, 0x4b, 0x1a, 0x60, 0xa6, 0x6b, 0x01, 0x2e, 0xfc, 0xd1, 0x02, 0x25, 0x05, 0x24, 0x00, 0x95
.byte 0x31, 0x00, 0x06, 0x23, 0x22, 0x4a, 0x23, 0x48, 0x00, 0xf0, 0x54, 0xf8, 0x00, 0x94, 0x23, 0x00
.byte 0x31, 0x00, 0x21, 0x4a, 0x21, 0x48, 0x00, 0xf0, 0x4d, 0xf8, 0x21, 0x4b, 0x29, 0x00, 0x21, 0x4d
.byte 0x00, 0x93, 0x00, 0x22, 0x04, 0x20, 0xff, 0xf7, 0x4d, 0xff, 0x2b, 0x00, 0x31, 0x00, 0x00, 0x95
.byte 0x00, 0x22, 0x20, 0x00, 0xff, 0xf7, 0x46, 0xff, 0x00, 0x22, 0x10, 0x4c, 0x11, 0x00, 0x23, 0x00
.byte 0x00, 0x94, 0x07, 0x20, 0xff, 0xf7, 0x3e, 0xff, 0x00, 0x22, 0x23, 0x00, 0x11, 0x00, 0x00, 0x94
.byte 0x08, 0x20, 0xff, 0xf7, 0x37, 0xff, 0x00, 0x22, 0x09, 0x4b, 0x11, 0x00, 0x00, 0x93, 0x09, 0x20
.byte 0x23, 0x00, 0xff, 0xf7, 0x2f, 0xff, 0x00, 0x22, 0x00, 0x95, 0x2b, 0x00, 0x11, 0x00, 0x06, 0x20
.byte 0xff, 0xf7, 0x28, 0xff, 0xb0, 0xe7, 0xc0, 0x46, 0x0c, 0x52, 0x00, 0x20, 0x00, 0x6c, 0xdc, 0x02
.byte 0x1b, 0xb7, 0x00, 0x00, 0x00, 0x80, 0x00, 0x40, 0x3c, 0xb0, 0x00, 0x40, 0x30, 0xb0, 0x00, 0x40
.byte 0x00, 0x2f, 0x68, 0x59, 0x00, 0x80, 0x02, 0x40, 0x00, 0x8c, 0x86, 0x47, 0x00, 0xc0, 0x02, 0x40
.byte 0x00, 0x1b, 0xb7, 0x00, 0x40, 0x59, 0x73, 0x07, 0x01, 0x4b, 0x80, 0x00, 0xc0, 0x58, 0x70, 0x47
.byte 0x0c, 0x52, 0x00, 0x20, 0xf8, 0xb5, 0x17, 0x00, 0x04, 0x00, 0x30, 0x48, 0x0e, 0x00, 0x1d, 0x00
.byte 0x01, 0xf0, 0x30, 0xf9, 0x2e, 0x4b, 0x01, 0x00, 0xfa, 0x18, 0x2e, 0x4b, 0x9a, 0x42, 0x05, 0xd9
.byte 0x11, 0x21, 0x2d, 0x4b, 0x2d, 0x4a, 0x2e, 0x48, 0x00, 0xf0, 0xe6, 0xf8, 0x38, 0x00, 0x01, 0xf0
.byte 0x21, 0xf9, 0x02, 0x00, 0x98, 0x23, 0x10, 0x3a, 0x5b, 0x00, 0x9a, 0x42, 0x03, 0xd9, 0x29, 0x4b
.byte 0x26, 0x4a, 0x19, 0x21, 0xef, 0xe7, 0x6b, 0x1e, 0x06, 0x2b, 0x03, 0xd8, 0x06, 0x9b, 0x01, 0x3b
.byte 0x06, 0x2b, 0x03, 0xd9, 0x24, 0x4b, 0x21, 0x4a, 0x1c, 0x21, 0xe4, 0xe7, 0x06, 0x9a, 0x2b, 0x04
.byte 0x15, 0x03, 0x1d, 0x43, 0x23, 0x68, 0x00, 0x2b, 0x0f, 0xda, 0x3f, 0x22, 0x23, 0x68, 0x13, 0x40
.byte 0xb3, 0x42, 0x0a, 0xd1, 0xa3, 0x68, 0x1b, 0x05, 0x1b, 0x0d, 0x83, 0x42, 0x05, 0xd1, 0xee, 0x22
.byte 0xe3, 0x68, 0xd2, 0x02, 0x13, 0x40, 0xab, 0x42, 0x1b, 0xd0, 0x18, 0x4b, 0x9c, 0x42, 0x19, 0xd0
.byte 0x80, 0x23, 0x5b, 0x01, 0x16, 0x4a, 0x17, 0x49, 0x13, 0x60, 0x17, 0x4a, 0x13, 0x60, 0x1f, 0x00
.byte 0x8a, 0x68, 0x97, 0x43, 0xfb, 0xd1, 0xc0, 0x23, 0x22, 0x1d, 0x9b, 0x01, 0x13, 0x43, 0x21, 0x22
.byte 0x26, 0x60, 0xa0, 0x60, 0x1a, 0x60, 0x22, 0x68, 0x00, 0x2a, 0xfc, 0xda, 0x08, 0x22, 0xe5, 0x60
.byte 0x1a, 0x60, 0xf8, 0xbd, 0x80, 0x23, 0x9b, 0x01, 0xe4, 0xe7, 0xc0, 0x46, 0x00, 0x1b, 0xb7, 0x00
.byte 0x80, 0xe8, 0x4b, 0xd3, 0x80, 0xf8, 0xa9, 0x32, 0x76, 0x49, 0x00, 0x20, 0x6d, 0x49, 0x00, 0x20
.byte 0xd5, 0x49, 0x00, 0x20, 0x17, 0x4a, 0x00, 0x20, 0x33, 0x4a, 0x00, 0x20, 0x00, 0xc0, 0x02, 0x40
.byte 0x00, 0xe0, 0x00, 0x40, 0x00, 0xc0, 0x00, 0x40, 0x00, 0xf0, 0x00, 0x40, 0x80, 0x23, 0x02, 0x4a
.byte 0x9b, 0x00, 0x03, 0x43, 0xd3, 0x62, 0x70, 0x47, 0x00, 0x80, 0x05, 0x40, 0x02, 0x4b, 0x1a, 0x68
.byte 0x02, 0x4b, 0x5a, 0x60, 0x70, 0x47, 0xc0, 0x46, 0x3c, 0x52, 0x00, 0x20, 0x00, 0x80, 0x05, 0x40
.byte 0x80, 0x22, 0x12, 0x4b, 0xd2, 0x05, 0x10, 0xb5, 0x1a, 0x60, 0x11, 0x4c, 0x11, 0x4a, 0x14, 0x60
.byte 0xe0, 0x22, 0x11, 0x4c, 0xd2, 0x04, 0x00, 0x29, 0x06, 0xd0, 0x22, 0x60, 0x00, 0x28, 0x05, 0xd1
.byte 0x80, 0x23, 0x1b, 0x06, 0x23, 0x60, 0x10, 0xbd, 0x1a, 0x60, 0xf7, 0xe7, 0xfa, 0x23, 0xdb, 0x00
.byte 0x58, 0x43, 0x0a, 0x4a, 0x0a, 0x4b, 0x90, 0x42, 0x05, 0xd8, 0x18, 0x60, 0xff, 0xf7, 0xd6, 0xff
.byte 0x80, 0x23, 0xdb, 0x05, 0xee, 0xe7, 0x1a, 0x60, 0xf8, 0xe7, 0xc0, 0x46, 0x00, 0xb0, 0x05, 0x40
.byte 0xfc, 0xff, 0x01, 0x00, 0x08, 0x20, 0x01, 0x40, 0x00, 0xa0, 0x05, 0x40, 0xff, 0xff, 0xff, 0x00
.byte 0x3c, 0x52, 0x00, 0x20, 0x70, 0xb5, 0x80, 0x24, 0x0a, 0x4b, 0xe4, 0x05, 0x1c, 0x60, 0x0a, 0x4b
.byte 0x00, 0x28, 0x0d, 0xd0, 0x01, 0x24, 0x09, 0x4d, 0x04, 0x43, 0x09, 0x48, 0x65, 0x40, 0xd8, 0x61
.byte 0x1d, 0x62, 0x59, 0x62, 0x9c, 0x62, 0x00, 0x21, 0x10, 0x00, 0xff, 0xf7, 0xb9, 0xff, 0x70, 0xbd
.byte 0xd8, 0x61, 0xf8, 0xe7, 0x00, 0xb0, 0x05, 0x40, 0x00, 0x80, 0x05, 0x40, 0x2d, 0x3f, 0xf8, 0x4f
.byte 0xd3, 0xc0, 0x07, 0xb0, 0xaa, 0x22, 0x06, 0x4b, 0x12, 0x01, 0x1a, 0x60, 0x2f, 0x22, 0x05, 0x49
.byte 0xda, 0x60, 0x05, 0x4a, 0x11, 0x60, 0x5a, 0x68, 0x00, 0x2a, 0xfc, 0xda, 0x70, 0x47, 0xc0, 0x46
.byte 0x00, 0x40, 0x02, 0x40, 0x00, 0xb0, 0xfa, 0x00, 0x00, 0x60, 0x02, 0x40, 0x00, 0xbe, 0xfd, 0xe7
.byte 0x10, 0xb5, 0xff, 0xf7, 0xfb, 0xff, 0x00, 0x00, 0x13, 0xb5, 0x0c, 0x00, 0x19, 0x00, 0x07, 0x4b
.byte 0x00, 0x2a, 0x01, 0xd1, 0x06, 0x4b, 0x1a, 0x00, 0x01, 0x92, 0x00, 0x93, 0x02, 0x00, 0x23, 0x00
.byte 0x04, 0x48, 0x01, 0xf0, 0x57, 0xfd, 0x01, 0x20, 0xff, 0xf7, 0xe8, 0xff, 0x7c, 0x4a, 0x00, 0x20
.byte 0xd4, 0x4a, 0x00, 0x20, 0x89, 0x4a, 0x00, 0x20, 0x2a, 0x4b, 0x2b, 0x4a, 0x70, 0xb5, 0x1a, 0x60
.byte 0x2a, 0x4a, 0x2b, 0x4c, 0x15, 0x00, 0x2b, 0x4b, 0x23, 0x60, 0x18, 0x00, 0x91, 0x68, 0x88, 0x43
.byte 0xfb, 0xd1, 0x29, 0x4e, 0x29, 0x4b, 0x9e, 0x42, 0x29, 0xd3, 0xff, 0xf7, 0x5b, 0xfe, 0x28, 0x4b
.byte 0x23, 0x60, 0xab, 0x68, 0xdb, 0x01, 0x80, 0x33, 0xfb, 0xd1, 0x40, 0x22, 0x25, 0x4b, 0x26, 0x48
.byte 0x9a, 0x67, 0x5a, 0x67, 0x1a, 0x67, 0xda, 0x66, 0x24, 0x4b, 0x98, 0x42, 0x1a, 0xd3, 0x24, 0x4d
.byte 0x24, 0x4c, 0xc0, 0x22, 0xa1, 0x68, 0x28, 0x00, 0x01, 0xf0, 0xf8, 0xfb, 0xef, 0xf3, 0x05, 0x83
.byte 0xa5, 0x60, 0x00, 0x2b, 0x00, 0xd0, 0x00, 0xbe, 0xfe, 0xf7, 0x36, 0xfc, 0xfe, 0xf7, 0x1e, 0xfe
.byte 0xff, 0xf7, 0xd4, 0xf8, 0x1c, 0x4c, 0x1d, 0x4b, 0x9c, 0x42, 0x17, 0xd3, 0x70, 0xbd, 0x08, 0xce
.byte 0x98, 0x47, 0xcf, 0xe7, 0x04, 0x00, 0x03, 0x68, 0x08, 0x34, 0x00, 0x2b, 0x0b, 0xd0, 0x01, 0x2b
.byte 0x05, 0xd0, 0x17, 0x4b, 0x17, 0x4a, 0x87, 0x21, 0x17, 0x48, 0xff, 0xf7, 0x9d, 0xff, 0xfe, 0xf7
.byte 0x2c, 0xfe, 0x20, 0x00, 0xd0, 0xe7, 0xfe, 0xf7, 0x1b, 0xfe, 0xfa, 0xe7, 0x08, 0xcc, 0x98, 0x47
.byte 0xe1, 0xe7, 0xc0, 0x46, 0x00, 0xe0, 0x00, 0x40, 0xbf, 0xcd, 0xfb, 0xfe, 0x00, 0xc0, 0x00, 0x40
.byte 0x00, 0xf0, 0x00, 0x40, 0xfe, 0x7f, 0x3c, 0x00, 0xc8, 0x4f, 0x00, 0x20, 0xd8, 0x4f, 0x00, 0x20
.byte 0xff, 0xff, 0xff, 0x01, 0x00, 0xf0, 0x01, 0x40, 0xc0, 0x4f, 0x00, 0x20, 0xc8, 0x4f, 0x00, 0x20
.byte 0x00, 0x00, 0x00, 0x20, 0x00, 0xed, 0x00, 0xe0, 0xd8, 0x4f, 0x00, 0x20, 0xe0, 0x4f, 0x00, 0x20
.byte 0xd5, 0x4a, 0x00, 0x20, 0xb8, 0x4a, 0x00, 0x20, 0xf2, 0x4a, 0x00, 0x20, 0x0f, 0xb4, 0x07, 0xb5
.byte 0x08, 0x48, 0x01, 0xf0, 0x9d, 0xfc, 0x04, 0x9b, 0x00, 0x2b, 0x07, 0xd0, 0x05, 0xa9, 0x18, 0x00
.byte 0x01, 0x91, 0x01, 0xf0, 0xa5, 0xfc, 0x04, 0x48, 0x01, 0xf0, 0x92, 0xfc, 0x01, 0x20, 0xff, 0xf7
.byte 0x55, 0xff, 0xc0, 0x46, 0xc5, 0x4a, 0x00, 0x20, 0xd3, 0x4a, 0x00, 0x20, 0x70, 0x47, 0xf7, 0xb5
.byte 0x01, 0x93, 0x0b, 0x9b, 0x06, 0x00, 0x00, 0x91, 0x15, 0x00, 0x14, 0x00, 0x9b, 0x07, 0x11, 0xd0
.byte 0x09, 0x9f, 0x09, 0x9b, 0xe0, 0x18, 0xc2, 0x1b, 0x00, 0x2f, 0x12, 0xd1, 0x0b, 0x9b, 0x44, 0x1b
.byte 0x9b, 0x07, 0x1b, 0xd4, 0xfe, 0xbd, 0x22, 0x00, 0x67, 0x1c, 0x01, 0x9b, 0x00, 0x99, 0x20, 0x20
.byte 0xb0, 0x47, 0x3c, 0x00, 0x09, 0x9b, 0x0a, 0x9a, 0x5b, 0x1b, 0x1b, 0x19, 0x9a, 0x42, 0xf2, 0xd8
.byte 0xe6, 0xe7, 0x08, 0x9b, 0x01, 0x3f, 0xd8, 0x5d, 0x00, 0x99, 0x01, 0x9b, 0xb0, 0x47, 0xe0, 0xe7
.byte 0x02, 0x00, 0x01, 0x9b, 0x00, 0x99, 0x20, 0x20, 0xb0, 0x47, 0x01, 0x34, 0x0a, 0x9b, 0x28, 0x19
.byte 0xa3, 0x42, 0xf5, 0xd8, 0xde, 0xe7, 0xf0, 0xb5, 0x89, 0xb0, 0x10, 0xac, 0x27, 0x78, 0x14, 0x9c
.byte 0x05, 0x90, 0x06, 0x91, 0x07, 0x93, 0x0e, 0x98, 0x0f, 0x99, 0x13, 0x9e, 0xa3, 0x07, 0x1e, 0xd4
.byte 0x01, 0x25, 0x25, 0x40, 0x00, 0x2e, 0x07, 0xd0, 0x00, 0x2d, 0x05, 0xd0, 0x00, 0x2f, 0x02, 0xd1
.byte 0x0c, 0x23, 0x1c, 0x42, 0x00, 0xd0, 0x01, 0x3e, 0x30, 0x23, 0x9c, 0x46, 0x02, 0xe0, 0x63, 0x46
.byte 0x43, 0x54, 0x01, 0x31, 0x12, 0x9b, 0x99, 0x42, 0x01, 0xd2, 0x20, 0x29, 0xf7, 0xd1, 0x30, 0x23
.byte 0x9c, 0x46, 0x00, 0x2d, 0x03, 0xd0, 0xb1, 0x42, 0x01, 0xd2, 0x1f, 0x29, 0x19, 0xd9, 0xe3, 0x06
.byte 0x39, 0xd5, 0x63, 0x05, 0x1a, 0xd4, 0x00, 0x29, 0x18, 0xd0, 0x12, 0x9b, 0x99, 0x42, 0x01, 0xd0
.byte 0xb1, 0x42, 0x13, 0xd1, 0x4d, 0x1e, 0x00, 0x2d, 0x0f, 0xd0, 0x11, 0x9b, 0x02, 0x39, 0x10, 0x2b
.byte 0x0f, 0xd0, 0x29, 0x00, 0x11, 0x9b, 0x02, 0x2b, 0x20, 0xd1, 0x1f, 0x29, 0x0e, 0xd8, 0x62, 0x25
.byte 0x1a, 0xe0, 0x63, 0x46, 0x43, 0x54, 0x01, 0x31, 0xdb, 0xe7, 0x29, 0x00, 0x11, 0x9b, 0x10, 0x2b
.byte 0xf0, 0xd1, 0xa3, 0x06, 0x0d, 0xd4, 0x78, 0x25, 0x1f, 0x29, 0x0d, 0xd9, 0x01, 0x91, 0x00, 0x90
.byte 0x03, 0x94, 0x02, 0x96, 0x07, 0x9b, 0x06, 0x99, 0x05, 0x98, 0xff, 0xf7, 0x70, 0xff, 0x09, 0xb0
.byte 0xf0, 0xbd, 0x58, 0x25, 0x1f, 0x29, 0xf1, 0xd8, 0x45, 0x54, 0x01, 0x31, 0x1f, 0x29, 0xed, 0xd8
.byte 0x30, 0x25, 0x45, 0x54, 0x01, 0x31, 0x1f, 0x29, 0xe8, 0xd8, 0x2d, 0x25, 0x00, 0x2f, 0x05, 0xd1
.byte 0x2b, 0x25, 0x63, 0x07, 0x02, 0xd4, 0x23, 0x07, 0xe0, 0xd5, 0x20, 0x25, 0x45, 0x54, 0x01, 0x31
.byte 0xdc, 0xe7, 0xf0, 0xb5, 0x97, 0xb0, 0x0a, 0x92, 0x1c, 0xaa, 0x0b, 0x93, 0x08, 0xca, 0x09, 0x90
.byte 0x12, 0x78, 0x0f, 0x00, 0x0c, 0x92, 0x21, 0x9d, 0x00, 0x2b, 0x01, 0xd1, 0x10, 0x22, 0x95, 0x43
.byte 0x6a, 0x05, 0x01, 0xd5, 0x00, 0x2b, 0x20, 0xd0, 0x61, 0x22, 0xa9, 0x06, 0x00, 0xd5, 0x41, 0x22
.byte 0x1e, 0x00, 0x00, 0x24, 0xd2, 0xb2, 0x0a, 0x3a, 0x0d, 0x92, 0x1e, 0x99, 0x30, 0x00, 0x00, 0xf0
.byte 0xc9, 0xfe, 0x0d, 0x9a, 0xcb, 0xb2, 0x9a, 0x18, 0x84, 0x46, 0xd2, 0xb2, 0x09, 0x29, 0x01, 0xd8
.byte 0x30, 0x33, 0xda, 0xb2, 0x20, 0x20, 0x06, 0xa9, 0x09, 0x18, 0x0a, 0x55, 0x1e, 0x9a, 0x63, 0x1c
.byte 0x96, 0x42, 0x02, 0xd3, 0x1c, 0x00, 0x83, 0x42, 0x13, 0xd1, 0x20, 0x9a, 0x01, 0x93, 0x05, 0x92
.byte 0x1f, 0x9a, 0x0e, 0xab, 0x04, 0x92, 0x1e, 0x9a, 0x00, 0x93, 0x03, 0x92, 0x0c, 0x9a, 0x06, 0x95
.byte 0x02, 0x92, 0x0b, 0x9b, 0x0a, 0x9a, 0x39, 0x00, 0x09, 0x98, 0xff, 0xf7, 0x44, 0xff, 0x17, 0xb0
.byte 0xf0, 0xbd, 0x66, 0x46, 0xd1, 0xe7, 0xf0, 0xb5, 0x99, 0xb0, 0x0c, 0x93, 0x20, 0xab, 0x1b, 0x78
.byte 0x1e, 0x9d, 0x0d, 0x93, 0x22, 0x9b, 0x1f, 0x9c, 0x08, 0x93, 0x2b, 0x00, 0x09, 0x90, 0x0a, 0x91
.byte 0x0b, 0x92, 0x23, 0x9f, 0x23, 0x43, 0x03, 0xd1, 0x26, 0x9a, 0x10, 0x33, 0x9a, 0x43, 0x26, 0x92
.byte 0x26, 0x9b, 0x5b, 0x05, 0x04, 0xd5, 0x2b, 0x00, 0x00, 0x22, 0x23, 0x43, 0x93, 0x42, 0x26, 0xd0
.byte 0x26, 0x9a, 0x61, 0x23, 0x92, 0x06, 0x00, 0xd5, 0x41, 0x23, 0x00, 0x26, 0xdb, 0xb2, 0x0a, 0x3b
.byte 0x0e, 0x93, 0x08, 0x9a, 0x3b, 0x00, 0x28, 0x00, 0x21, 0x00, 0x00, 0xf0, 0xb1, 0xfe, 0x0e, 0x9b
.byte 0xd2, 0xb2, 0xd3, 0x18, 0x84, 0x46, 0x0f, 0x91, 0xdb, 0xb2, 0x09, 0x2a, 0x01, 0xd8, 0x30, 0x32
.byte 0xd3, 0xb2, 0x20, 0x20, 0x08, 0xa9, 0x09, 0x18, 0x72, 0x1c, 0x8b, 0x55, 0xa7, 0x42, 0x06, 0xd8
.byte 0x02, 0xd1, 0x08, 0x9b, 0xab, 0x42, 0x02, 0xd8, 0x16, 0x00, 0x20, 0x2a, 0x14, 0xd1, 0x26, 0x9b
.byte 0x01, 0x92, 0x06, 0x93, 0x25, 0x9b, 0x0b, 0x9a, 0x05, 0x93, 0x24, 0x9b, 0x0a, 0x99, 0x04, 0x93
.byte 0x08, 0x9b, 0x09, 0x98, 0x03, 0x93, 0x0d, 0x9b, 0x02, 0x93, 0x10, 0xab, 0x00, 0x93, 0x0c, 0x9b
.byte 0xff, 0xf7, 0xe9, 0xfe, 0x19, 0xb0, 0xf0, 0xbd, 0x65, 0x46, 0x0f, 0x9c, 0xc9, 0xe7, 0x10, 0xb5
.byte 0x00, 0x28, 0x02, 0xd0, 0x0b, 0x68, 0x49, 0x68, 0x98, 0x47, 0x10, 0xbd, 0xf0, 0xb5, 0x95, 0xb0
.byte 0x0d, 0x93, 0x1a, 0x9b, 0x0b, 0x90, 0x09, 0x93, 0x1b, 0x9b, 0x0c, 0x91, 0x0a, 0x93, 0x10, 0x92
.byte 0x0a, 0x9b, 0x09, 0x9a, 0x09, 0x98, 0x0a, 0x99, 0x01, 0xf0, 0xe5, 0xf8, 0x00, 0x28, 0x11, 0xd1
.byte 0x01, 0x22, 0xd1, 0x4b, 0x52, 0x42, 0x09, 0x98, 0x0a, 0x99, 0x01, 0xf0, 0xd7, 0xf8, 0x00, 0x28
.byte 0x08, 0xd1, 0x01, 0x22, 0xcd, 0x4b, 0x52, 0x42, 0x09, 0x98, 0x0a, 0x99, 0x01, 0xf0, 0xb8, 0xf8
.byte 0x00, 0x28, 0x11, 0xd0, 0x1e, 0x9b, 0x09, 0x9a, 0x04, 0x93, 0x1d, 0x9b, 0x0c, 0x99, 0x03, 0x93
.byte 0x1c, 0x9b, 0x0b, 0x98, 0x02, 0x93, 0x0a, 0x9b, 0x00, 0x92, 0x01, 0x93, 0x0d, 0x9b, 0x10, 0x9a
.byte 0x00, 0xf0, 0xb6, 0xf9, 0x15, 0xb0, 0xf0, 0xbd, 0x00, 0x22, 0x00, 0x23, 0x09, 0x98, 0x0a, 0x99
.byte 0x01, 0xf0, 0x9e, 0xf8, 0x00, 0x28, 0x00, 0xd1, 0x64, 0xe1, 0x80, 0x22, 0x12, 0x06, 0x94, 0x46
.byte 0x09, 0x9b, 0x06, 0x93, 0x0a, 0x9b, 0x63, 0x44, 0x07, 0x93, 0x80, 0x23, 0x1e, 0x9a, 0xdb, 0x00
.byte 0x1a, 0x40, 0x11, 0x92, 0x13, 0x1e, 0x01, 0xd1, 0x06, 0x33, 0x1c, 0x93, 0x06, 0x9d, 0x07, 0x9b
.byte 0x06, 0x9e, 0x07, 0x9f, 0x1d, 0x43, 0x00, 0xd1, 0xac, 0xe0, 0x58, 0x00, 0xb0, 0x4b, 0x40, 0x0d
.byte 0xc0, 0x18, 0x01, 0xf0, 0xab, 0xf8, 0xaf, 0x4a, 0xaf, 0x4b, 0x01, 0xf0, 0x3a, 0xf8, 0xaf, 0x4a
.byte 0xaf, 0x4b, 0x01, 0xf0, 0x17, 0xf8, 0x07, 0x9b, 0xae, 0x4a, 0x1b, 0x03, 0x1b, 0x0b, 0x1a, 0x43
.byte 0x04, 0x00, 0x0d, 0x00, 0x30, 0x00, 0x11, 0x00, 0xab, 0x4b, 0x00, 0x22, 0x01, 0xf0, 0x05, 0xf8
.byte 0xaa, 0x4a, 0xab, 0x4b, 0x01, 0xf0, 0x25, 0xf8, 0x02, 0x00, 0x0b, 0x00, 0x20, 0x00, 0x29, 0x00
.byte 0x01, 0xf0, 0x00, 0xf8, 0x01, 0xf0, 0xa2, 0xf8, 0x05, 0x00, 0x01, 0xf0, 0x87, 0xf8, 0xa5, 0x4a
.byte 0xa5, 0x4b, 0x06, 0x00, 0x0f, 0x00, 0x01, 0xf0, 0x14, 0xf8, 0x00, 0x22, 0xa3, 0x4b, 0x00, 0xf0
.byte 0xf1, 0xff, 0x01, 0xf0, 0x93, 0xf8, 0xa2, 0x4a, 0x04, 0x00, 0xa2, 0x4b, 0x30, 0x00, 0x39, 0x00
.byte 0x01, 0xf0, 0x07, 0xf8, 0x06, 0x00, 0x20, 0x00, 0x0f, 0x00, 0x01, 0xf0, 0x6f, 0xf8, 0x9e, 0x4a
.byte 0x9e, 0x4b, 0x00, 0xf0, 0xfe, 0xff, 0x02, 0x00, 0x0b, 0x00, 0x30, 0x00, 0x39, 0x00, 0x00, 0xf0
.byte 0xd4, 0xff, 0x02, 0x00, 0x0b, 0x00, 0x0e, 0x90, 0x0f, 0x91, 0x00, 0xf0, 0xf2, 0xff, 0x0e, 0x9a
.byte 0x0f, 0x9b, 0x06, 0x00, 0x0f, 0x00, 0x10, 0x00, 0x19, 0x00, 0x00, 0xf0, 0xcb, 0xff, 0x00, 0x22
.byte 0x12, 0x90, 0x13, 0x91, 0x92, 0x4b, 0x30, 0x00, 0x39, 0x00, 0x00, 0xf0, 0xc8, 0xff, 0x00, 0x22
.byte 0x90, 0x4b, 0x00, 0xf0, 0xbf, 0xff, 0x02, 0x00, 0x0b, 0x00, 0x30, 0x00, 0x39, 0x00, 0x00, 0xf0
.byte 0xbe, 0xff, 0x00, 0x22, 0x8c, 0x4b, 0x00, 0xf0, 0xb5, 0xff, 0x02, 0x00, 0x0b, 0x00, 0x30, 0x00
.byte 0x39, 0x00, 0x00, 0xf0, 0xb4, 0xff, 0x0e, 0x9a, 0x0f, 0x9b, 0x0f, 0x00, 0x80, 0x21, 0x06, 0x00
.byte 0xc9, 0x05, 0x00, 0x20, 0x00, 0xf0, 0xa1, 0xff, 0x02, 0x00, 0x0b, 0x00, 0x30, 0x00, 0x39, 0x00
.byte 0x00, 0xf0, 0xa0, 0xff, 0x02, 0x00, 0x0b, 0x00, 0x12, 0x98, 0x13, 0x99, 0x00, 0xf0, 0x9f, 0xff
.byte 0x00, 0x22, 0x70, 0x4b, 0x00, 0xf0, 0x96, 0xff, 0x7c, 0x4b, 0x00, 0x22, 0xe4, 0x18, 0x23, 0x05
.byte 0x00, 0xf0, 0xaf, 0xff, 0x06, 0x00, 0x0f, 0x00, 0x02, 0x00, 0x0b, 0x00, 0x06, 0x98, 0x07, 0x99
.byte 0x00, 0xf0, 0xe6, 0xff, 0x00, 0x28, 0x08, 0xd0, 0x30, 0x00, 0x39, 0x00, 0x00, 0x22, 0x71, 0x4b
.byte 0x00, 0xf0, 0x85, 0xff, 0x06, 0x00, 0x0f, 0x00, 0x01, 0x3d, 0x2b, 0x00, 0x63, 0x33, 0x05, 0x24
.byte 0xc6, 0x2b, 0x00, 0xd8, 0x04, 0x24, 0x1e, 0x9b, 0x1b, 0x05, 0x22, 0xd5, 0x33, 0x00, 0x3b, 0x43
.byte 0x11, 0xd0, 0x06, 0x98, 0x07, 0x99, 0x6a, 0x4a, 0x6a, 0x4b, 0x00, 0xf0, 0xd7, 0xff, 0x00, 0x28
.byte 0x00, 0xd1, 0x96, 0xe0, 0x06, 0x98, 0x07, 0x99, 0x00, 0x22, 0x67, 0x4b, 0x00, 0xf0, 0xc0, 0xff
.byte 0x00, 0x28, 0x00, 0xd1, 0x8d, 0xe0, 0x1c, 0x9b, 0x9d, 0x42, 0x00, 0xdb, 0x87, 0xe0, 0x5d, 0x1b
.byte 0x6b, 0x1e, 0x00, 0x24, 0x1c, 0x93, 0x80, 0x23, 0x25, 0x00, 0x1e, 0x9a, 0xdb, 0x00, 0x1a, 0x43
.byte 0x1e, 0x92, 0x00, 0x23, 0x0e, 0x93, 0x1d, 0x9b, 0xa3, 0x42, 0x01, 0xd9, 0x1b, 0x1b, 0x0e, 0x93
.byte 0x02, 0x23, 0x1e, 0x9a, 0x1a, 0x40, 0x11, 0x92, 0x05, 0xd0, 0x63, 0x42, 0x63, 0x41, 0x0e, 0x9a
.byte 0x5b, 0x42, 0x1a, 0x40, 0x0e, 0x92, 0x00, 0x2d, 0x07, 0xd0, 0x06, 0x98, 0x07, 0x99, 0x32, 0x00
.byte 0x3b, 0x00, 0x00, 0xf0, 0x3c, 0xff, 0x06, 0x90, 0x07, 0x91, 0x00, 0x22, 0x00, 0x23, 0x09, 0x98
.byte 0x0a, 0x99, 0x00, 0xf0, 0x8d, 0xff, 0x00, 0x28, 0x09, 0xd0, 0x80, 0x20, 0x00, 0x06, 0x84, 0x46
.byte 0x06, 0x99, 0x0a, 0x00, 0x07, 0x99, 0x61, 0x44, 0x0b, 0x00, 0x06, 0x92, 0x07, 0x93, 0x1e, 0x9a
.byte 0x46, 0x4b, 0x0c, 0x99, 0x13, 0x40, 0x04, 0x93, 0x0e, 0x9b, 0x0b, 0x98, 0x03, 0x93, 0x1c, 0x9b
.byte 0x02, 0x93, 0x06, 0x9a, 0x07, 0x9b, 0x00, 0x92, 0x01, 0x93, 0x0d, 0x9b, 0x10, 0x9a, 0x00, 0xf0
.byte 0x7f, 0xf8, 0x00, 0x2c, 0x00, 0xd1, 0xc5, 0xe6, 0x45, 0x23, 0x9c, 0x46, 0x1e, 0x9b, 0x9b, 0x06
.byte 0x01, 0xd4, 0x65, 0x23, 0x9c, 0x46, 0x02, 0x00, 0x47, 0x1c, 0x0d, 0x9b, 0x60, 0x46, 0x0c, 0x99
.byte 0x0b, 0x9e, 0xb0, 0x47, 0x05, 0x23, 0x05, 0x93, 0x00, 0x23, 0x03, 0x93, 0x0a, 0x33, 0x02, 0x93
.byte 0xeb, 0x0f, 0x01, 0x93, 0xeb, 0x17, 0xed, 0x18, 0x5d, 0x40, 0x01, 0x3c, 0x0d, 0x9b, 0x04, 0x94
.byte 0x00, 0x95, 0x3a, 0x00, 0x0c, 0x99, 0x0b, 0x98, 0xff, 0xf7, 0xc3, 0xfd, 0x11, 0x9b, 0x00, 0x2b
.byte 0x00, 0xd1, 0x9f, 0xe6, 0x10, 0x9b, 0xc4, 0x1a, 0x10, 0x9b, 0x18, 0x19, 0x1d, 0x9b, 0xa3, 0x42
.byte 0x00, 0xd8, 0x97, 0xe6, 0x02, 0x00, 0x0d, 0x9b, 0x0c, 0x99, 0x20, 0x20, 0x0b, 0x9d, 0xa8, 0x47
.byte 0x01, 0x34, 0xf1, 0xe7, 0x09, 0x9a, 0x0a, 0x9b, 0x06, 0x92, 0x07, 0x93, 0x9d, 0xe6, 0x00, 0x23
.byte 0x77, 0xe7, 0x1c, 0x9b, 0x00, 0x2b, 0x00, 0xd1, 0x7b, 0xe7, 0x11, 0x9b, 0x5a, 0x1e, 0x93, 0x41
.byte 0x1c, 0x9a, 0xd3, 0x1a, 0x1c, 0x93, 0x74, 0xe7, 0xff, 0xff, 0xef, 0x7f, 0xff, 0xff, 0xef, 0xff
.byte 0x01, 0xfc, 0xff, 0xff, 0xfb, 0x79, 0x9f, 0x50, 0x13, 0x44, 0xd3, 0x3f, 0xb3, 0xc8, 0x60, 0x8b
.byte 0x28, 0x8a, 0xc6, 0x3f, 0x00, 0x00, 0xf0, 0x3f, 0x00, 0x00, 0xf8, 0x3f, 0x61, 0x43, 0x6f, 0x63
.byte 0xa7, 0x87, 0xd2, 0x3f, 0x71, 0xa3, 0x79, 0x09, 0x4f, 0x93, 0x0a, 0x40, 0x00, 0x00, 0xe0, 0x3f
.byte 0x16, 0x55, 0xb5, 0xbb, 0xb1, 0x6b, 0x02, 0x40, 0xef, 0x39, 0xfa, 0xfe, 0x42, 0x2e, 0xe6, 0x3f
.byte 0x00, 0x00, 0x2c, 0x40, 0x00, 0x00, 0x24, 0x40, 0x00, 0x00, 0x18, 0x40, 0xff, 0x03, 0x00, 0x00
.byte 0x2d, 0x43, 0x1c, 0xeb, 0xe2, 0x36, 0x1a, 0x3f, 0x80, 0x84, 0x2e, 0x41, 0xff, 0xf7, 0xff, 0xff
.byte 0xf0, 0xb5, 0x99, 0xb0, 0x09, 0x90, 0x0a, 0x91, 0x0b, 0x92, 0x0c, 0x93, 0x1e, 0x9a, 0x1f, 0x9b
.byte 0x10, 0x00, 0x19, 0x00, 0x20, 0x9d, 0x00, 0xf0, 0xfe, 0xfe, 0x00, 0x28, 0x08, 0xd0, 0x22, 0x9b
.byte 0x03, 0x93, 0x21, 0x9b, 0x02, 0x93, 0x03, 0x23, 0x01, 0x93, 0xaf, 0x4b, 0x00, 0x93, 0x24, 0xe0
.byte 0x01, 0x22, 0x1e, 0x98, 0x1f, 0x99, 0x52, 0x42, 0xac, 0x4b, 0x00, 0xf0, 0xd1, 0xfe, 0x00, 0x28
.byte 0x07, 0xd0, 0x22, 0x9b, 0x03, 0x93, 0x21, 0x9b, 0x02, 0x93, 0x04, 0x23, 0x01, 0x93, 0xa8, 0x4b
.byte 0xec, 0xe7, 0x01, 0x22, 0x1e, 0x98, 0x1f, 0x99, 0x52, 0x42, 0xa6, 0x4b, 0x00, 0xf0, 0xd6, 0xfe
.byte 0x00, 0x28, 0x14, 0xd0, 0x04, 0x23, 0x22, 0x9a, 0x1a, 0x42, 0x0d, 0xd0, 0xa2, 0x4a, 0x22, 0x99
.byte 0x01, 0x93, 0x03, 0x91, 0x21, 0x99, 0x00, 0x92, 0x02, 0x91, 0x0c, 0x9b, 0x0b, 0x9a, 0x0a, 0x99
.byte 0x09, 0x98, 0xff, 0xf7, 0x7c, 0xfc, 0x21, 0xe0, 0x9c, 0x4a, 0x03, 0x23, 0xef, 0xe7, 0x00, 0x22
.byte 0x1e, 0x98, 0x1f, 0x99, 0x9a, 0x4b, 0x00, 0xf0, 0xb9, 0xfe, 0x00, 0x28, 0x07, 0xd1, 0x1e, 0x98
.byte 0x1f, 0x99, 0x00, 0x22, 0x97, 0x4b, 0x00, 0xf0, 0x9b, 0xfe, 0x00, 0x28, 0x10, 0xd0, 0x22, 0x9b
.byte 0x02, 0x95, 0x04, 0x93, 0x21, 0x9b, 0x0b, 0x9a, 0x03, 0x93, 0x0a, 0x99, 0x1e, 0x9b, 0x1f, 0x9c
.byte 0x09, 0x98, 0x00, 0x93, 0x01, 0x94, 0x0c, 0x9b, 0xff, 0xf7, 0xb0, 0xfd, 0x19, 0xb0, 0xf0, 0xbd
.byte 0x00, 0x22, 0x1e, 0x98, 0x1f, 0x99, 0x00, 0x23, 0x00, 0xf0, 0x82, 0xfe, 0x00, 0x28, 0x00, 0xd1
.byte 0x81, 0xe0, 0x1e, 0x9a, 0x1f, 0x9b, 0x00, 0x20, 0x00, 0x21, 0x00, 0xf0, 0x16, 0xfe, 0x01, 0x23
.byte 0x1e, 0x90, 0x1f, 0x91, 0x0d, 0x93, 0x22, 0x9b, 0x5b, 0x05, 0x76, 0xd5, 0x2a, 0x00, 0x30, 0x21
.byte 0x10, 0xab, 0x20, 0x3a, 0x08, 0x95, 0x08, 0x98, 0x2c, 0x1a, 0x09, 0x28, 0x07, 0xd9, 0x08, 0x98
.byte 0x19, 0x70, 0x01, 0x38, 0x08, 0x90, 0x01, 0x33, 0x90, 0x42, 0xf4, 0xd1, 0x20, 0x24, 0x1e, 0x98
.byte 0x1f, 0x99, 0x00, 0xf0, 0xa3, 0xfe, 0x08, 0x9b, 0x07, 0x90, 0xda, 0x00, 0x76, 0x4b, 0x9b, 0x18
.byte 0x1a, 0x68, 0x5b, 0x68, 0x0e, 0x92, 0x0f, 0x93, 0x00, 0xf0, 0x80, 0xfe, 0x02, 0x00, 0x0b, 0x00
.byte 0x1e, 0x98, 0x1f, 0x99, 0x00, 0xf0, 0xe9, 0xfd, 0x0e, 0x9a, 0x0f, 0x9b, 0x00, 0xf0, 0x09, 0xfe
.byte 0x0f, 0x00, 0x06, 0x00, 0x00, 0xf0, 0xae, 0xfe, 0x05, 0x00, 0x00, 0xf0, 0x6b, 0xfe, 0x02, 0x00
.byte 0x0b, 0x00, 0x30, 0x00, 0x39, 0x00, 0x00, 0xf0, 0xd8, 0xfd, 0x00, 0x22, 0x67, 0x4b, 0x06, 0x00
.byte 0x0f, 0x00, 0x00, 0xf0, 0x4b, 0xfe, 0x00, 0x28, 0x39, 0xd0, 0x01, 0x35, 0x28, 0x00, 0x00, 0xf0
.byte 0x59, 0xfe, 0x02, 0x00, 0x0b, 0x00, 0x0e, 0x98, 0x0f, 0x99, 0x00, 0xf0, 0x2f, 0xfe, 0x00, 0x28
.byte 0x03, 0xd0, 0x00, 0x25, 0x07, 0x9b, 0x01, 0x33, 0x07, 0x93, 0x08, 0x9b, 0x0a, 0x26, 0x00, 0x2b
.byte 0x55, 0xd1, 0x07, 0x98, 0x00, 0xf0, 0x4a, 0xfe, 0x02, 0x00, 0x0b, 0x00, 0x1e, 0x98, 0x1f, 0x99
.byte 0x00, 0xf0, 0xb3, 0xfd, 0x00, 0x22, 0x55, 0x4b, 0x06, 0x00, 0x0f, 0x00, 0x00, 0xf0, 0x10, 0xfe
.byte 0x00, 0x28, 0x0c, 0xd1, 0x00, 0x22, 0x51, 0x4b, 0x30, 0x00, 0x39, 0x00, 0x00, 0xf0, 0x1e, 0xfe
.byte 0x00, 0x28, 0x04, 0xd1, 0x01, 0x23, 0x07, 0x9a, 0x13, 0x40, 0xd3, 0x18, 0x07, 0x93, 0x25, 0x00
.byte 0x10, 0xaf, 0x0a, 0x26, 0x5b, 0xe0, 0x0d, 0x90, 0x85, 0xe7, 0x06, 0x25, 0x86, 0xe7, 0x00, 0x22
.byte 0x46, 0x4b, 0x30, 0x00, 0x39, 0x00, 0x00, 0xf0, 0xf3, 0xfd, 0x00, 0x28, 0xcd, 0xd1, 0x00, 0x2d
.byte 0x01, 0xd0, 0xeb, 0x07, 0xc9, 0xd5, 0x01, 0x35, 0xc7, 0xe7, 0x08, 0x9b, 0x31, 0x00, 0x01, 0x3b
.byte 0x28, 0x00, 0x08, 0x93, 0x00, 0xf0, 0x46, 0xfb, 0x18, 0x22, 0x0a, 0xab, 0x30, 0x31, 0x9b, 0x18
.byte 0x19, 0x55, 0x67, 0x1c, 0x31, 0x00, 0x28, 0x00, 0x00, 0xf0, 0x3c, 0xfb, 0x3c, 0x00, 0x09, 0x2d
.byte 0x0c, 0xd8, 0x30, 0x20, 0x08, 0x9b, 0x10, 0xa9, 0xdb, 0x19, 0x20, 0x2c, 0x09, 0xd0, 0x62, 0x1c
.byte 0x9c, 0x42, 0x1a, 0xd1, 0x2e, 0x23, 0x0b, 0x55, 0x14, 0x00, 0xc8, 0xe7, 0x05, 0x00, 0x20, 0x2c
.byte 0xdb, 0xd1, 0x03, 0x23, 0x22, 0x9a, 0x13, 0x40, 0x01, 0x2b, 0x31, 0xd1, 0x21, 0x9b, 0x00, 0x2b
.byte 0x2e, 0xd0, 0x0d, 0x9b, 0x00, 0x2b, 0x02, 0xd1, 0x0c, 0x33, 0x1a, 0x42, 0x02, 0xd0, 0x21, 0x9b
.byte 0x01, 0x3b, 0x21, 0x93, 0x10, 0xab, 0x30, 0x22, 0x16, 0xe0, 0x08, 0x55, 0x14, 0x00, 0xdc, 0xe7
.byte 0x07, 0x98, 0x31, 0x00, 0x00, 0xf0, 0xe6, 0xfa, 0x30, 0x31, 0xe9, 0x55, 0x07, 0x98, 0x31, 0x00
.byte 0x00, 0xf0, 0xe0, 0xfa, 0x01, 0x34, 0x07, 0x90, 0x25, 0x00, 0x00, 0x28, 0xd9, 0xd0, 0x20, 0x2c
.byte 0xee, 0xd1, 0xd6, 0xe7, 0xe2, 0x54, 0x01, 0x34, 0x21, 0x99, 0xa1, 0x42, 0x08, 0xd9, 0x20, 0x2c
.byte 0xf8, 0xd1, 0x22, 0x9b, 0x01, 0x94, 0x03, 0x93, 0x21, 0x9b, 0x02, 0x93, 0x10, 0xab, 0xb5, 0xe6
.byte 0x20, 0x2c, 0xf6, 0xd0, 0x0d, 0x9a, 0x10, 0xab, 0x00, 0x2a, 0x03, 0xd0, 0x2d, 0x22, 0x1a, 0x55
.byte 0x01, 0x34, 0xee, 0xe7, 0x22, 0x9a, 0x52, 0x07, 0x01, 0xd5, 0x2b, 0x22, 0xf7, 0xe7, 0x22, 0x9a
.byte 0x12, 0x07, 0xe6, 0xd5, 0x20, 0x22, 0xf2, 0xe7, 0x41, 0x4b, 0x00, 0x20, 0xff, 0xff, 0xef, 0xff
.byte 0x45, 0x4b, 0x00, 0x20, 0xff, 0xff, 0xef, 0x7f, 0x3c, 0x4b, 0x00, 0x20, 0x38, 0x4b, 0x00, 0x20
.byte 0x65, 0xcd, 0xcd, 0x41, 0x65, 0xcd, 0xcd, 0xc1, 0x50, 0x4b, 0x00, 0x20, 0x00, 0x00, 0xe0, 0x3f
.byte 0xf0, 0xb5, 0x99, 0xb0, 0x0b, 0x90, 0x0c, 0x91, 0x0a, 0x92, 0x0e, 0x93, 0x1e, 0x9f, 0x00, 0x29
.byte 0x01, 0xd1, 0xb6, 0x4b, 0x0b, 0x93, 0x00, 0x25, 0x15, 0xe1, 0x0e, 0x9b, 0x01, 0x33, 0x0e, 0x93
.byte 0x25, 0x28, 0x07, 0xd0, 0x6c, 0x1c, 0x2a, 0x00, 0x0a, 0x9b, 0x0b, 0x9d, 0x0c, 0x99, 0xa8, 0x47
.byte 0x25, 0x00, 0x08, 0xe1, 0x00, 0x24, 0x01, 0x21, 0x08, 0x20, 0x05, 0xe0, 0x2d, 0x2b, 0x16, 0xd0
.byte 0x30, 0x2b, 0x0c, 0xd1, 0x0c, 0x43, 0x0e, 0x92, 0x0e, 0x9b, 0x0e, 0x9a, 0x1b, 0x78, 0x01, 0x32
.byte 0x2b, 0x2b, 0x0f, 0xd0, 0xf2, 0xd8, 0x20, 0x2b, 0x0e, 0xd0, 0x23, 0x2b, 0x0e, 0xd0, 0x19, 0x00
.byte 0x30, 0x39, 0x09, 0x29, 0x2c, 0xd8, 0x00, 0x23, 0x0a, 0x20, 0x0d, 0x93, 0x0e, 0xe0, 0x02, 0x23
.byte 0x1c, 0x43, 0xe8, 0xe7, 0x04, 0x23, 0xfb, 0xe7, 0x04, 0x43, 0xe4, 0xe7, 0x10, 0x23, 0xf7, 0xe7
.byte 0x0d, 0x9b, 0x0e, 0x91, 0x43, 0x43, 0x30, 0x3b, 0xd3, 0x18, 0x0d, 0x93, 0x0e, 0x9b, 0x1a, 0x78
.byte 0x59, 0x1c, 0x13, 0x00, 0x30, 0x3b, 0x09, 0x2b, 0xf2, 0xd9, 0x0e, 0x9b, 0x1b, 0x78, 0x2e, 0x2b
.byte 0x63, 0xd1, 0x80, 0x22, 0xd2, 0x00, 0x14, 0x43, 0x0e, 0x9a, 0x0e, 0x9b, 0x52, 0x78, 0x01, 0x33
.byte 0x11, 0x00, 0x30, 0x39, 0x09, 0x29, 0x4e, 0xd8, 0x0a, 0x22, 0x00, 0x26, 0x94, 0x46, 0x13, 0xe0
.byte 0x00, 0x21, 0x0d, 0x91, 0x2a, 0x2b, 0xe8, 0xd1, 0x08, 0xcf, 0x0d, 0x93, 0x8b, 0x42, 0x04, 0xda
.byte 0x02, 0x23, 0x1c, 0x43, 0x0d, 0x9b, 0x5b, 0x42, 0x0d, 0x93, 0x0e, 0x92, 0xdd, 0xe7, 0x63, 0x46
.byte 0x5e, 0x43, 0x03, 0x00, 0x30, 0x3e, 0x96, 0x19, 0x1a, 0x78, 0x58, 0x1c, 0x11, 0x00, 0x30, 0x39
.byte 0x09, 0x29, 0xf4, 0xd9, 0x19, 0x78, 0x5a, 0x1c, 0x6c, 0x29, 0x40, 0xd0, 0x38, 0xd8, 0x68, 0x29
.byte 0x45, 0xd0, 0x6a, 0x29, 0x4b, 0xd0, 0x1a, 0x00, 0x10, 0x78, 0x53, 0x1c, 0x0e, 0x93, 0x65, 0x28
.byte 0x00, 0xd1, 0x2a, 0xe1, 0x00, 0xd9, 0xa8, 0xe0, 0x47, 0x28, 0x00, 0xd1, 0x25, 0xe1, 0x41, 0xd8
.byte 0x45, 0x28, 0x00, 0xd1, 0x21, 0xe1, 0x00, 0xd8, 0x7c, 0xe7, 0x46, 0x28, 0x01, 0xd1, 0x20, 0x23
.byte 0x1c, 0x43, 0x07, 0x22, 0x0d, 0x9b, 0x07, 0x37, 0x97, 0x43, 0x04, 0x94, 0x03, 0x93, 0x02, 0x96
.byte 0x0c, 0xcf, 0x0c, 0x99, 0x00, 0x92, 0x01, 0x93, 0x0b, 0x98, 0x0a, 0x9b, 0x2a, 0x00, 0xff, 0xf7
.byte 0xcf, 0xfd, 0x05, 0x00, 0x77, 0xe0, 0x00, 0x26, 0x2a, 0x2a, 0xcb, 0xd1, 0x40, 0xcf, 0xf3, 0x43
.byte 0xdb, 0x17, 0x1e, 0x40, 0x0e, 0x9b, 0x02, 0x33, 0xc4, 0xe7, 0x0e, 0x9b, 0x00, 0x26, 0xc1, 0xe7
.byte 0x74, 0x29, 0x01, 0xd0, 0x7a, 0x29, 0xc6, 0xd1, 0x80, 0x23, 0x5b, 0x00, 0x0b, 0xe0, 0x59, 0x78
.byte 0x6c, 0x29, 0xf9, 0xd1, 0xc0, 0x22, 0x92, 0x00, 0x14, 0x43, 0x9a, 0x1c, 0xbc, 0xe7, 0x59, 0x78
.byte 0x68, 0x29, 0x02, 0xd0, 0x80, 0x23, 0x1c, 0x43, 0xb6, 0xe7, 0xc0, 0x22, 0xf4, 0xe7, 0x80, 0x23
.byte 0x9b, 0x00, 0xf8, 0xe7, 0x62, 0x28, 0x00, 0xd1, 0x8f, 0xe1, 0x06, 0xd8, 0x58, 0x28, 0x00, 0xd0
.byte 0x38, 0xe7, 0x20, 0x23, 0x1c, 0x43, 0x10, 0x3b, 0x84, 0xe0, 0x63, 0x28, 0x00, 0xd1, 0xf3, 0xe0
.byte 0x64, 0x28, 0x00, 0xd0, 0x2e, 0xe7, 0x10, 0x23, 0x9c, 0x43, 0x06, 0x3b, 0x69, 0x28, 0x02, 0xd0
.byte 0x64, 0x28, 0x00, 0xd0, 0x76, 0xe0, 0x62, 0x05, 0x01, 0xd5, 0x01, 0x22, 0x94, 0x43, 0x80, 0x22
.byte 0x92, 0x00, 0x22, 0x40, 0x69, 0x28, 0x02, 0xd0, 0x64, 0x28, 0x00, 0xd0, 0x89, 0xe0, 0x00, 0x2a
.byte 0x00, 0xd1, 0x6a, 0xe0, 0x07, 0x21, 0xfa, 0x1d, 0x8a, 0x43, 0x11, 0x00, 0x08, 0x31, 0x0f, 0x91
.byte 0x11, 0x68, 0x52, 0x68, 0x04, 0x93, 0x00, 0x23, 0x05, 0x93, 0xd3, 0x0f, 0x02, 0x93, 0xd3, 0x17
.byte 0x11, 0x93, 0x10, 0x93, 0x4b, 0x40, 0x16, 0x93, 0x11, 0x9b, 0x0d, 0x98, 0x53, 0x40, 0x17, 0x93
.byte 0x07, 0x90, 0x16, 0x9a, 0x17, 0x9b, 0x10, 0x98, 0x11, 0x99, 0x12, 0x1a, 0x8b, 0x41, 0x08, 0x94
.byte 0x06, 0x96, 0x00, 0x92, 0x01, 0x93, 0x0c, 0x99, 0x0a, 0x9b, 0x2a, 0x00, 0x0b, 0x98, 0xff, 0xf7
.byte 0x0a, 0xfb, 0x05, 0x00, 0x0f, 0x9f, 0x0e, 0x9b, 0x18, 0x78, 0x00, 0x28, 0x00, 0xd0, 0xe4, 0xe6
.byte 0x0a, 0x9b, 0x2a, 0x00, 0x9d, 0x42, 0x00, 0xd3, 0x5a, 0x1e, 0x0a, 0x9b, 0x0c, 0x99, 0x00, 0x20
.byte 0x0b, 0x9c, 0xa0, 0x47, 0x28, 0x00, 0x19, 0xb0, 0xf0, 0xbd, 0x6f, 0x28, 0x00, 0xd1, 0x2a, 0xe1
.byte 0x07, 0xd8, 0x67, 0x28, 0x79, 0xd0, 0x00, 0xd2, 0x57, 0xe7, 0x69, 0x28, 0x00, 0xd0, 0xd1, 0xe6
.byte 0xa1, 0xe7, 0x73, 0x28, 0x00, 0xd1, 0xc1, 0xe0, 0x15, 0xd8, 0x70, 0x28, 0x00, 0xd0, 0xc9, 0xe6
.byte 0x21, 0x23, 0x1c, 0x43, 0x19, 0x3b, 0x04, 0x93, 0x08, 0x33, 0x02, 0x93, 0x00, 0x23, 0x05, 0x94
.byte 0x03, 0x96, 0x01, 0x93, 0x08, 0xcf, 0x2a, 0x00, 0x00, 0x93, 0x0c, 0x99, 0x0a, 0x9b, 0x0b, 0x98
.byte 0xff, 0xf7, 0x87, 0xfa, 0x4d, 0xe7, 0x75, 0x28, 0x00, 0xd1, 0x84, 0xe7, 0x10, 0x23, 0x78, 0x28
.byte 0x00, 0xd0, 0xaf, 0xe6, 0x0c, 0x22, 0x94, 0x43, 0x85, 0xe7, 0x3a, 0x1d, 0x0f, 0x92, 0xe2, 0x05
.byte 0x0e, 0xd5, 0x3a, 0x68, 0x02, 0x93, 0xd3, 0x0f, 0x0d, 0x99, 0x01, 0x93, 0xd3, 0x17, 0xd2, 0x18
.byte 0x05, 0x94, 0x04, 0x91, 0x03, 0x96, 0x5a, 0x40, 0x00, 0x92, 0x27, 0xe0, 0xb9, 0x21, 0x00, 0x20
.byte 0x3a, 0x68, 0x61, 0x06, 0x01, 0xd5, 0xd2, 0xb2, 0xec, 0xe7, 0x21, 0x06, 0xea, 0xd5, 0x12, 0xb2
.byte 0xe8, 0xe7, 0x00, 0x2a, 0x0e, 0xd0, 0x07, 0x22, 0x07, 0x37, 0x97, 0x43, 0x04, 0x93, 0x00, 0x23
.byte 0x39, 0x00, 0x0d, 0x9a, 0x08, 0x94, 0x07, 0x92, 0x06, 0x96, 0x05, 0x93, 0x02, 0x93, 0x0c, 0xc9
.byte 0x0f, 0x91, 0x86, 0xe7, 0x39, 0x1d, 0x0f, 0x91, 0xe1, 0x05, 0x0e, 0xd5, 0x0d, 0x99, 0x05, 0x94
.byte 0x04, 0x91, 0x03, 0x96, 0x02, 0x93, 0x01, 0x92, 0x3b, 0x68, 0x00, 0x93, 0x0a, 0x9b, 0x2a, 0x00
.byte 0x0c, 0x99, 0x0b, 0x98, 0xff, 0xf7, 0x3d, 0xfa, 0x7b, 0xe7, 0x3a, 0x68, 0x61, 0x06, 0x08, 0xd5
.byte 0xd2, 0xb2, 0x02, 0x93, 0x00, 0x23, 0x0d, 0x99, 0x05, 0x94, 0x04, 0x91, 0x03, 0x96, 0x01, 0x93
.byte 0xc2, 0xe7, 0x21, 0x06, 0xf5, 0xd5, 0x92, 0xb2, 0xf3, 0xe7, 0x20, 0x23, 0x02, 0x00, 0x9a, 0x43
.byte 0x47, 0x2a, 0x04, 0xd1, 0x80, 0x23, 0x1b, 0x01, 0x1c, 0x43, 0x02, 0x23, 0x98, 0x43, 0x45, 0x28
.byte 0x01, 0xd1, 0x20, 0x23, 0x1c, 0x43, 0x07, 0x22, 0x0d, 0x9b, 0x07, 0x37, 0x97, 0x43, 0x04, 0x94
.byte 0x03, 0x93, 0x02, 0x96, 0x0c, 0xcf, 0x0c, 0x99, 0x00, 0x92, 0x01, 0x93, 0x0b, 0x98, 0x0a, 0x9b
.byte 0x2a, 0x00, 0xff, 0xf7, 0xbb, 0xfa, 0xd4, 0xe6, 0x02, 0x23, 0x1c, 0x40, 0x12, 0x94, 0x2b, 0xd0
.byte 0x01, 0x23, 0x2a, 0x00, 0x0f, 0x93, 0x01, 0xcf, 0x0a, 0x9b, 0xc0, 0xb2, 0x0c, 0x99, 0x0b, 0x9c
.byte 0x55, 0x1c, 0xa0, 0x47, 0x12, 0x9b, 0x00, 0x2b, 0x00, 0xd1, 0x3c, 0xe7, 0x0f, 0x9b, 0x0d, 0x9a
.byte 0x93, 0x42, 0x00, 0xd3, 0x37, 0xe7, 0x6c, 0x1c, 0x0a, 0x9b, 0x2a, 0x00, 0x0c, 0x99, 0x0b, 0x9d
.byte 0x20, 0x20, 0xa8, 0x47, 0x0f, 0x9b, 0x25, 0x00, 0x01, 0x33, 0x0f, 0x93, 0xee, 0xe7, 0x0a, 0x9b
.byte 0x0c, 0x99, 0x20, 0x20, 0x0b, 0x9c, 0xa0, 0x47, 0xb3, 0x1c, 0x0f, 0x93, 0x0d, 0x9b, 0x72, 0x19
.byte 0x01, 0x36, 0xb3, 0x42, 0xf3, 0xd8, 0xd6, 0xe7, 0x12, 0x9e, 0xf5, 0xe7, 0x3b, 0x00, 0x04, 0xcb
.byte 0x12, 0x93, 0x0f, 0x92, 0x33, 0x1e, 0x01, 0xd1, 0x01, 0x23, 0x5b, 0x42, 0x0f, 0x9a, 0x17, 0x00
.byte 0xd3, 0x18, 0x3a, 0x78, 0x00, 0x2a, 0x01, 0xd0, 0xbb, 0x42, 0x11, 0xd1, 0x0f, 0x9b, 0xff, 0x1a
.byte 0x80, 0x23, 0xdb, 0x00, 0x23, 0x40, 0x14, 0x93, 0x02, 0xd0, 0xb7, 0x42, 0x00, 0xd9, 0x37, 0x00
.byte 0x02, 0x23, 0x23, 0x40, 0x15, 0x93, 0x14, 0xd0, 0x2c, 0x00, 0x13, 0x97, 0x27, 0x00, 0x1a, 0xe0
.byte 0x01, 0x37, 0xe6, 0xe7, 0x0a, 0x9b, 0x22, 0x00, 0x0c, 0x99, 0x20, 0x20, 0x0b, 0x9c, 0xa0, 0x47
.byte 0x13, 0x9b, 0x5a, 0x1c, 0x13, 0x92, 0x0d, 0x9a, 0xec, 0x1b, 0xe4, 0x18, 0x9a, 0x42, 0xf1, 0xd8
.byte 0xec, 0xe7, 0x3b, 0x00, 0xf5, 0xe7, 0x1e, 0x00, 0x7d, 0x1c, 0x3a, 0x00, 0x0a, 0x9b, 0x0b, 0x9f
.byte 0x0c, 0x99, 0xb8, 0x47, 0x2f, 0x00, 0x0f, 0x9b, 0x1b, 0x1b, 0xd8, 0x5d, 0x00, 0x28, 0x05, 0xd0
.byte 0x14, 0x9b, 0x00, 0x2b, 0xf0, 0xd0, 0x73, 0x1e, 0x00, 0x2e, 0xec, 0xd1, 0x15, 0x9b, 0x3d, 0x00
.byte 0x00, 0x2b, 0x09, 0xd1, 0x12, 0x9f, 0xce, 0xe6, 0x6c, 0x1c, 0x2a, 0x00, 0x0a, 0x9b, 0x0b, 0x9d
.byte 0x0c, 0x99, 0x20, 0x20, 0xa8, 0x47, 0x25, 0x00, 0x13, 0x9b, 0x0d, 0x9a, 0xdb, 0x1b, 0x5b, 0x19
.byte 0x9a, 0x42, 0xf1, 0xd8, 0xee, 0xe7, 0x08, 0x23, 0xfc, 0xe6, 0x02, 0x23, 0xfa, 0xe6, 0xc0, 0x46
.byte 0x1f, 0xb5, 0x03, 0x91, 0x01, 0x21, 0x02, 0x90, 0x00, 0x93, 0x04, 0x48, 0x13, 0x00, 0x4a, 0x42
.byte 0x02, 0xa9, 0xff, 0xf7, 0x8d, 0xfd, 0x05, 0xb0, 0x00, 0xbd, 0xc0, 0x46, 0x5b, 0x24, 0x00, 0x20
.byte 0x01, 0x48, 0x04, 0x21, 0x01, 0x4b, 0x18, 0x47, 0xa0, 0x4f, 0x00, 0x20, 0x6d, 0x30, 0x00, 0x20
.byte 0x14, 0x23, 0x10, 0xb5, 0x01, 0x00, 0x18, 0x88, 0x04, 0x33, 0x1b, 0x88, 0x98, 0x47, 0x10, 0xbd
.byte 0x16, 0x23, 0x10, 0xb5, 0x01, 0x00, 0x18, 0x88, 0x02, 0x33, 0x1b, 0x88, 0x98, 0x47, 0x10, 0xbd
.byte 0x70, 0xb5, 0x04, 0x00, 0x01, 0x26, 0x89, 0x00, 0x45, 0x18, 0xac, 0x42, 0x01, 0xd1, 0x30, 0x00
.byte 0x70, 0xbd, 0x20, 0x68, 0xff, 0xf7, 0xe4, 0xff, 0x01, 0xc4, 0x43, 0x1e, 0x98, 0x41, 0x40, 0x42
.byte 0x06, 0x40, 0xf2, 0xe7, 0x12, 0x4a, 0x93, 0x6f, 0x9b, 0x08, 0x15, 0xd2, 0x90, 0x66, 0xd1, 0x66
.byte 0x00, 0x29, 0x05, 0xd0, 0xff, 0xe7, 0xff, 0xe7, 0xff, 0xe7, 0x51, 0x6f, 0x10, 0x6f, 0x70, 0x47
.byte 0x04, 0xb5, 0x80, 0x21, 0x09, 0x06, 0xc2, 0x17, 0x51, 0x40, 0x00, 0x28, 0x00, 0xd0, 0xc8, 0x43
.byte 0x00, 0xf0, 0x72, 0xfd, 0x00, 0x21, 0x04, 0xbd, 0xf0, 0xb5, 0x14, 0x6e, 0x55, 0x6e, 0x57, 0x6f
.byte 0x16, 0x6f, 0xff, 0xf7, 0xe3, 0xff, 0x14, 0x66, 0x55, 0x66, 0x57, 0x67, 0x16, 0x67, 0xf0, 0xbd
.byte 0x00, 0x00, 0x00, 0xd0, 0x11, 0x4a, 0x93, 0x6f, 0x9b, 0x08, 0x13, 0xd2, 0x10, 0x66, 0x51, 0x66
.byte 0x00, 0x29, 0x05, 0xd0, 0xff, 0xe7, 0xff, 0xe7, 0xff, 0xe7, 0x51, 0x6f, 0x10, 0x6f, 0x70, 0x47
.byte 0x04, 0xb5, 0x00, 0x28, 0x01, 0xd0, 0x00, 0x20, 0xc0, 0x43, 0x00, 0xf0, 0x4d, 0xfd, 0x00, 0x21
.byte 0x04, 0xbd, 0xc0, 0x46, 0xf0, 0xb5, 0x14, 0x6e, 0x55, 0x6e, 0x57, 0x6f, 0x16, 0x6f, 0xff, 0xf7
.byte 0xe5, 0xff, 0x14, 0x66, 0x55, 0x66, 0x57, 0x67, 0x16, 0x67, 0xf0, 0xbd, 0x00, 0x00, 0x00, 0xd0
.byte 0x94, 0x46, 0x4a, 0x4a, 0x92, 0x6f, 0x92, 0x08, 0x62, 0x46, 0x01, 0xd2, 0x28, 0xe0, 0xc0, 0x46
.byte 0xf0, 0xb5, 0x46, 0x4e, 0x34, 0x6e, 0x75, 0x6e, 0x77, 0x6f, 0x36, 0x6f, 0x00, 0xf0, 0x20, 0xf8
.byte 0x94, 0x46, 0x42, 0x4a, 0x14, 0x66, 0x55, 0x66, 0x57, 0x67, 0x16, 0x67, 0x62, 0x46, 0xf0, 0xbd
.byte 0x94, 0x46, 0x3e, 0x4a, 0x92, 0x6f, 0x92, 0x08, 0x62, 0x46, 0x01, 0xd2, 0x54, 0xe0, 0xc0, 0x46
.byte 0xf0, 0xb5, 0x3a, 0x4e, 0x34, 0x6e, 0x75, 0x6e, 0x77, 0x6f, 0x36, 0x6f, 0x00, 0xf0, 0x4c, 0xf8
.byte 0x94, 0x46, 0x36, 0x4a, 0x14, 0x66, 0x55, 0x66, 0x57, 0x67, 0x16, 0x67, 0x62, 0x46, 0xf0, 0xbd
.byte 0x00, 0x2b, 0x24, 0xdb, 0x11, 0xd0, 0x00, 0x29, 0x3e, 0xda, 0x00, 0xb5, 0xc9, 0x43, 0x40, 0x42
.byte 0x00, 0xd1, 0x01, 0x31, 0x00, 0xf0, 0x38, 0xf8, 0xc9, 0x43, 0x40, 0x42, 0x00, 0xd1, 0x01, 0x31
.byte 0xdb, 0x43, 0x52, 0x42, 0x00, 0xd1, 0x01, 0x33, 0x00, 0xbd, 0x00, 0x2a, 0xeb, 0xd1, 0x00, 0x28
.byte 0x01, 0xd1, 0x00, 0x29, 0x05, 0xd0, 0x00, 0x20, 0xc9, 0x0f, 0xc9, 0x07, 0x01, 0xd1, 0xc0, 0x43
.byte 0x41, 0x08, 0x00, 0xb5, 0x00, 0xf0, 0xe8, 0xfc, 0x00, 0x22, 0x00, 0x23, 0x00, 0xbd, 0x00, 0xb5
.byte 0x00, 0x29, 0x0a, 0xdb, 0xdb, 0x43, 0x52, 0x42, 0x00, 0xd1, 0x01, 0x33, 0x00, 0xf0, 0x14, 0xf8
.byte 0xc9, 0x43, 0x40, 0x42, 0x00, 0xd1, 0x01, 0x31, 0x00, 0xbd, 0xc9, 0x43, 0x40, 0x42, 0x00, 0xd1
.byte 0x01, 0x31, 0xdb, 0x43, 0x52, 0x42, 0x00, 0xd1, 0x01, 0x33, 0x00, 0xf0, 0x05, 0xf8, 0xdb, 0x43
.byte 0x52, 0x42, 0x00, 0xd1, 0x01, 0x33, 0x00, 0xbd, 0x00, 0x29, 0x23, 0xd1, 0x00, 0x2b, 0x18, 0xd1
.byte 0x00, 0x2a, 0x0c, 0xd0, 0xbc, 0x46, 0x0d, 0x4f, 0x38, 0x66, 0x7a, 0x66, 0x00, 0x21, 0x00, 0x23
.byte 0xff, 0xe7, 0xff, 0xe7, 0xff, 0xe7, 0x7a, 0x6f, 0x38, 0x6f, 0x67, 0x46, 0x70, 0x47, 0x00, 0x28
.byte 0x01, 0xd0, 0x07, 0x48, 0x01, 0x00, 0x00, 0xb5, 0x00, 0xf0, 0xae, 0xfc, 0x00, 0x22, 0x00, 0x23
.byte 0x00, 0xbd, 0x02, 0x00, 0x0b, 0x00, 0x00, 0x20, 0x00, 0x21, 0x70, 0x47, 0x00, 0x00, 0x00, 0xd0
.byte 0xff, 0xff, 0xff, 0xff, 0x00, 0x2b, 0x00, 0xd0, 0xbf, 0xe0, 0x13, 0x0c, 0x28, 0xd1, 0x00, 0x2a
.byte 0xe7, 0xd0, 0x80, 0xb4, 0x11, 0x4f, 0x39, 0x66, 0x7a, 0x66, 0xff, 0xe7, 0xff, 0xe7, 0x30, 0xb4
.byte 0x04, 0x0c, 0x7b, 0x6f, 0x39, 0x6f, 0x1b, 0x04, 0x23, 0x43, 0x3b, 0x66, 0x7a, 0x66, 0xff, 0xe7
.byte 0xff, 0xe7, 0xff, 0xe7, 0xc0, 0x46, 0x84, 0xb2, 0x7b, 0x6f, 0x3d, 0x6f, 0x1b, 0x04, 0x23, 0x43
.byte 0x3b, 0x66, 0x7a, 0x66, 0xff, 0xe7, 0xff, 0xe7, 0xc0, 0x46, 0x00, 0x23, 0x2c, 0x04, 0x2d, 0x0c
.byte 0x7a, 0x6f, 0x38, 0x6f, 0x00, 0x19, 0x69, 0x41, 0xb0, 0xbc, 0x70, 0x47, 0x00, 0x00, 0x00, 0xd0
.byte 0xf0, 0xb5, 0x94, 0x46, 0x00, 0x25, 0x14, 0x0e, 0x01, 0xd1, 0x12, 0x02, 0x08, 0x35, 0x14, 0x0f
.byte 0x01, 0xd1, 0x12, 0x01, 0x04, 0x35, 0x94, 0x0f, 0x01, 0xd1, 0x92, 0x00, 0x02, 0x35, 0xd4, 0x0f
.byte 0x01, 0xd1, 0x52, 0x00, 0x01, 0x35, 0xd4, 0x0b, 0x01, 0x34, 0x25, 0x4f, 0x7c, 0x66, 0x25, 0x4c
.byte 0x3c, 0x66, 0x0e, 0x0c, 0x93, 0xb2, 0xff, 0xe7, 0xff, 0xe7, 0xff, 0xe7, 0x3c, 0x6f, 0x66, 0x43
.byte 0x36, 0x0c, 0x77, 0x03, 0xbe, 0x46, 0x73, 0x43, 0xdf, 0x0b, 0x5b, 0x04, 0xc0, 0x1a, 0xb9, 0x41
.byte 0x13, 0x0c, 0x73, 0x43, 0xdb, 0x18, 0xc9, 0x1a, 0xce, 0x08, 0x66, 0x43, 0x36, 0x0c, 0xb6, 0x44
.byte 0x93, 0xb2, 0x73, 0x43, 0x1f, 0x0f, 0x1b, 0x01, 0xc0, 0x1a, 0xb9, 0x41, 0x13, 0x0c, 0x73, 0x43
.byte 0x1f, 0x0b, 0x1b, 0x05, 0xc0, 0x1a, 0xb9, 0x41, 0x86, 0x0d, 0x8f, 0x02, 0x3e, 0x43, 0x66, 0x43
.byte 0x36, 0x0c, 0x09, 0x2d, 0x24, 0xdb, 0x52, 0x0a, 0x72, 0x43, 0x80, 0x1a, 0x77, 0x03, 0x46, 0x0a
.byte 0x66, 0x43, 0x36, 0x0c, 0x16, 0x23, 0x5b, 0x1b, 0xde, 0x40, 0xdf, 0x40, 0xbf, 0x19, 0x64, 0x46
.byte 0x66, 0x43, 0x82, 0x1b, 0x70, 0x46, 0x04, 0x35, 0x06, 0x33, 0x01, 0x00, 0xd9, 0x40, 0xa8, 0x40
.byte 0xc0, 0x19, 0x00, 0xd3, 0x01, 0x31, 0xa2, 0x42, 0x06, 0xd2, 0x00, 0x23, 0xf0, 0xbd, 0x00, 0x00
.byte 0x00, 0x00, 0x00, 0xd0, 0xff, 0xff, 0xff, 0xff, 0x12, 0x1b, 0x01, 0x30, 0xf3, 0xd3, 0xf1, 0xe7
.byte 0x09, 0x27, 0x7f, 0x1b, 0xfe, 0x40, 0x64, 0x46, 0xa2, 0xb2, 0x72, 0x43, 0x80, 0x1a, 0x00, 0xd2
.byte 0x01, 0x39, 0x22, 0x0c, 0x72, 0x43, 0x13, 0x0c, 0x12, 0x04, 0x82, 0x1a, 0x99, 0x41, 0x0b, 0x00
.byte 0x70, 0x46, 0x04, 0x35, 0x13, 0x37, 0x01, 0x00, 0xf9, 0x40, 0xa8, 0x40, 0x80, 0x19, 0x00, 0xd3
.byte 0x01, 0x31, 0x00, 0x2b, 0x02, 0xd1, 0xa2, 0x42, 0x0a, 0xd2, 0xf0, 0xbd, 0x01, 0x30, 0x00, 0xd3
.byte 0x01, 0x31, 0x12, 0x1b, 0xfa, 0xd2, 0x01, 0x3b, 0xf8, 0xd1, 0xa2, 0x42, 0x00, 0xd2, 0xf0, 0xbd
.byte 0x01, 0x30, 0x00, 0xd3, 0x01, 0x31, 0x12, 0x1b, 0xf7, 0xe7, 0xf0, 0xb5, 0x1c, 0x0c, 0x00, 0xd0
.byte 0x80, 0xe0, 0x0c, 0xb4, 0x00, 0x25, 0x1c, 0x0a, 0x04, 0xd1, 0x1b, 0x02, 0x16, 0x0e, 0x33, 0x43
.byte 0x12, 0x02, 0x08, 0x35, 0x1c, 0x0b, 0x04, 0xd1, 0x1b, 0x01, 0x16, 0x0f, 0x33, 0x43, 0x12, 0x01
.byte 0x04, 0x35, 0x9c, 0x0b, 0x04, 0xd1, 0x9b, 0x00, 0x96, 0x0f, 0x33, 0x43, 0x92, 0x00, 0x02, 0x35
.byte 0xdc, 0x0b, 0x02, 0xd1, 0x92, 0x18, 0x5b, 0x41, 0x01, 0x35, 0x1c, 0x00, 0x97, 0x18, 0x64, 0x41
.byte 0x01, 0x34, 0x46, 0x4f, 0x7c, 0x66, 0x46, 0x4c, 0x3c, 0x66, 0x0e, 0x0c, 0xff, 0xe7, 0xff, 0xe7
.byte 0xff, 0xe7, 0xc0, 0x46, 0x3c, 0x6f, 0x66, 0x43, 0x36, 0x0c, 0x77, 0x03, 0xbe, 0x46, 0x97, 0xb2
.byte 0x77, 0x43, 0xc0, 0x1b, 0x00, 0xd2, 0x01, 0x39, 0xc0, 0x1b, 0x00, 0xd2, 0x01, 0x39, 0x9f, 0xb2
.byte 0x77, 0x43, 0xc9, 0x1b, 0xc9, 0x1b, 0x17, 0x0c, 0x77, 0x43, 0x7e, 0x04, 0xff, 0x0b, 0x80, 0x1b
.byte 0xb9, 0x41, 0xce, 0x08, 0x66, 0x43, 0x36, 0x0c, 0x0c, 0x2d, 0x33, 0xdb, 0xb6, 0x44, 0x12, 0x0b
.byte 0x1f, 0x05, 0x3a, 0x43, 0x1b, 0x0b, 0x97, 0xb2, 0x77, 0x43, 0xc0, 0x1b, 0x00, 0xd2, 0x01, 0x39
.byte 0x9f, 0xb2, 0x77, 0x43, 0xc9, 0x1b, 0x17, 0x0c, 0x77, 0x43, 0x3e, 0x04, 0x3f, 0x0c, 0x80, 0x1b
.byte 0xb9, 0x41, 0x86, 0x0d, 0x8f, 0x02, 0x3e, 0x43, 0x66, 0x43, 0x29, 0x27, 0x7f, 0x1b, 0xfe, 0x40
.byte 0x0c, 0x3d, 0x77, 0x46, 0xaf, 0x40, 0xbf, 0x19, 0x30, 0xbc, 0xa2, 0xb2, 0xab, 0xb2, 0x72, 0x43
.byte 0x73, 0x43, 0x80, 0x1a, 0x99, 0x41, 0x22, 0x0c, 0x72, 0x43, 0x13, 0x0c, 0x12, 0x04, 0x80, 0x1a
.byte 0x99, 0x41, 0x02, 0x00, 0x0b, 0x00, 0x01, 0x37, 0x00, 0x1b, 0xa9, 0x41, 0xf9, 0xd2, 0x78, 0x1e
.byte 0x00, 0x21, 0xf0, 0xbd, 0x0c, 0x27, 0x7f, 0x1b, 0xfe, 0x40, 0x77, 0x46, 0x7f, 0x0b, 0xaf, 0x40
.byte 0xff, 0x19, 0xe0, 0xe7, 0x00, 0x24, 0x5d, 0x1c, 0x07, 0xd0, 0x14, 0x4f, 0x7d, 0x66, 0x39, 0x66
.byte 0xff, 0xe7, 0xff, 0xe7, 0xff, 0xe7, 0xff, 0xe7, 0x3c, 0x6f, 0x95, 0xb2, 0x9e, 0xb2, 0x65, 0x43
.byte 0x66, 0x43, 0x40, 0x1b, 0xb1, 0x41, 0x15, 0x0c, 0x1e, 0x0c, 0x65, 0x43, 0x66, 0x43, 0x36, 0x04
.byte 0x2f, 0x0c, 0x3e, 0x43, 0x2d, 0x04, 0x40, 0x1b, 0xb1, 0x41, 0x99, 0x42, 0x04, 0xd2, 0x02, 0x00
.byte 0x0b, 0x00, 0x20, 0x00, 0x00, 0x21, 0xf0, 0xbd, 0x01, 0xd1, 0x90, 0x42, 0xf7, 0xd3, 0x80, 0x1a
.byte 0x99, 0x41, 0x01, 0x34, 0x99, 0x42, 0xf2, 0xd3, 0xf6, 0xe7, 0x00, 0x00, 0x00, 0x00, 0x00, 0xd0
.byte 0xff, 0xff, 0xff, 0xff, 0x48, 0x40, 0x41, 0x40, 0x48, 0x40, 0x18, 0xb4, 0x13, 0x4b, 0x5b, 0x68
.byte 0x01, 0x93, 0x08, 0xbd, 0x18, 0xb4, 0x11, 0x4b, 0x1b, 0x68, 0x01, 0x93, 0x08, 0xbd, 0x94, 0x46
.byte 0x0f, 0x4a, 0x92, 0x6f, 0x92, 0x08, 0x05, 0xd2, 0x62, 0x46, 0x18, 0xb4, 0x0b, 0x4b, 0xdb, 0x68
.byte 0x01, 0x93, 0x08, 0xbd, 0x0a, 0x4a, 0xf0, 0xb5, 0x14, 0x6e, 0x55, 0x6e, 0x57, 0x6f, 0x16, 0x6f
.byte 0x62, 0x46, 0xff, 0xf7, 0xf2, 0xff, 0x06, 0x4a, 0x14, 0x66, 0x55, 0x66, 0x57, 0x67, 0x16, 0x67
.byte 0xf0, 0xbd, 0x18, 0xb4, 0x01, 0x4b, 0x9b, 0x68, 0x01, 0x93, 0x08, 0xbd, 0xb4, 0x52, 0x00, 0x20
.byte 0x00, 0x00, 0x00, 0xd0, 0xff, 0xb5, 0x50, 0x40, 0x42, 0x40, 0x50, 0x40, 0x59, 0x40, 0x4b, 0x40
.byte 0x59, 0x40, 0x00, 0xe0, 0xff, 0xb5, 0x15, 0x4f, 0x4c, 0x00, 0x64, 0x0d, 0x03, 0xd0, 0xbc, 0x42
.byte 0x04, 0xd1, 0x0c, 0x03, 0x14, 0xd8, 0x00, 0x20, 0x09, 0x0d, 0x09, 0x05, 0x5c, 0x00, 0x64, 0x0d
.byte 0x03, 0xd0, 0xbc, 0x42, 0x04, 0xd1, 0x1c, 0x03, 0x0a, 0xd8, 0x00, 0x22, 0x1b, 0x0d, 0x1b, 0x05
.byte 0x01, 0x26, 0x4b, 0x40, 0x09, 0xd4, 0x4b, 0x40, 0x03, 0xd5, 0x8b, 0x42, 0x00, 0xd1, 0x82, 0x42
.byte 0xff, 0xbd, 0x99, 0x42, 0xfc, 0xd1, 0x90, 0x42, 0xff, 0xbd, 0x0b, 0x43, 0xdb, 0x18, 0x03, 0x43
.byte 0x13, 0x43, 0xf5, 0xd0, 0xc9, 0x43, 0x49, 0x18, 0xff, 0xbd, 0x00, 0x00, 0xff, 0x07, 0x00, 0x00
.byte 0x00, 0xb5, 0xff, 0xf7, 0xcf, 0xff, 0x80, 0x41, 0x00, 0xbd, 0xc0, 0x46, 0x00, 0xb5, 0xff, 0xf7
.byte 0xc9, 0xff, 0x01, 0xd9, 0x00, 0x20, 0x00, 0xbd, 0x01, 0x20, 0x00, 0xbd, 0x00, 0xb5, 0xff, 0xf7
.byte 0xb9, 0xff, 0x01, 0xd9, 0x00, 0x20, 0x00, 0xbd, 0x01, 0x20, 0x00, 0xbd, 0x00, 0xb5, 0xff, 0xf7
.byte 0xb1, 0xff, 0x80, 0x41, 0x00, 0xbd, 0x01, 0x20, 0x40, 0x05, 0x4a, 0x00, 0x12, 0x18, 0x04, 0xd8
.byte 0x5a, 0x00, 0x12, 0x18, 0x01, 0xd8, 0x00, 0x20, 0x70, 0x47, 0x01, 0x20, 0x70, 0x47, 0x00, 0x20
.byte 0x70, 0x47, 0x00, 0x00, 0x00, 0x21, 0x00, 0x28, 0x05, 0xd1, 0x70, 0x47, 0xc1, 0x17, 0x48, 0x40
.byte 0x40, 0x1a, 0xfa, 0xd0, 0xc9, 0x07, 0x13, 0xb5, 0x06, 0x4b, 0x1b, 0x68, 0x98, 0x47, 0x0c, 0xbc
.byte 0x44, 0x1c, 0xa2, 0x40, 0x10, 0x05, 0x12, 0x0b, 0x03, 0x49, 0x09, 0x1b, 0x09, 0x05, 0x19, 0x43
.byte 0x11, 0x43, 0x10, 0xbd, 0x50, 0x52, 0x00, 0x20, 0x1f, 0x04, 0x00, 0x00, 0x10, 0xb5, 0x4c, 0x00
.byte 0x62, 0x0d, 0x80, 0x23, 0xd2, 0x18, 0xdb, 0x00, 0xd2, 0x1a, 0x5b, 0x05, 0x7e, 0x2a, 0x10, 0xdd
.byte 0x9e, 0x3a, 0x13, 0xda, 0xcc, 0x17, 0x09, 0x03, 0x49, 0x08, 0x19, 0x43, 0x52, 0x42, 0xd1, 0x40
.byte 0x64, 0x00, 0x01, 0x34, 0x15, 0x32, 0x20, 0x2a, 0x05, 0xda, 0xd0, 0x40, 0x08, 0x43, 0x60, 0x43
.byte 0x10, 0xbd, 0x00, 0x20, 0x10, 0xbd, 0x08, 0x46, 0x60, 0x43, 0x10, 0xbd, 0xc8, 0x0f, 0xc0, 0x18
.byte 0x01, 0x38, 0x10, 0xbd, 0x18, 0xb4, 0x02, 0x4b, 0x5b, 0x6a, 0x01, 0x93, 0x08, 0xbd, 0x00, 0x00
.byte 0xb4, 0x52, 0x00, 0x20, 0x10, 0xb5, 0x01, 0x48, 0xfe, 0xf7, 0x40, 0xfd, 0x53, 0x4c, 0x00, 0x20
.byte 0x13, 0x23, 0x70, 0xb5, 0x1d, 0x78, 0x20, 0x4c, 0x01, 0x2d, 0x0e, 0xd1, 0x00, 0x23, 0x1f, 0x49
.byte 0x9a, 0x00, 0x01, 0x33, 0xa1, 0x50, 0x20, 0x2b, 0xfa, 0xd1, 0x1d, 0x4b, 0xa3, 0x64, 0x1d, 0x48
.byte 0xff, 0xf7, 0x8e, 0xfc, 0x1c, 0x4b, 0x18, 0x60, 0x70, 0xbd, 0x01, 0x2d, 0xf5, 0xdd, 0x1b, 0x48
.byte 0xff, 0xf7, 0x8e, 0xfc, 0x06, 0x00, 0x1a, 0x48, 0xff, 0xf7, 0x8a, 0xfc, 0x02, 0x38, 0x03, 0x78
.byte 0x9b, 0x00, 0x7f, 0x2b, 0x05, 0xdc, 0x17, 0x4b, 0x17, 0x4a, 0x32, 0x21, 0x17, 0x48, 0xfe, 0xf7
.byte 0x83, 0xfc, 0x80, 0x22, 0x31, 0x00, 0x20, 0x00, 0x00, 0xf0, 0xb8, 0xf8, 0x02, 0x2d, 0xde, 0xd1
.byte 0x13, 0x4b, 0x1a, 0x88, 0xb5, 0x23, 0x1b, 0x02, 0x9a, 0x42, 0x09, 0xd1, 0x11, 0x4a, 0x12, 0x4b
.byte 0x12, 0x88, 0x9a, 0x42, 0x04, 0xd1, 0x11, 0x4a, 0x11, 0x4b, 0x12, 0x88, 0x9a, 0x42, 0xcc, 0xd0
.byte 0x00, 0x20, 0xfe, 0xf7, 0xfb, 0xfc, 0xc0, 0x46, 0xb4, 0x52, 0x00, 0x20, 0x01, 0x37, 0x00, 0x20
.byte 0xd1, 0x37, 0x00, 0x20, 0x4c, 0x33, 0x00, 0x00, 0x50, 0x52, 0x00, 0x20, 0x53, 0x44, 0x00, 0x00
.byte 0x53, 0x46, 0x00, 0x00, 0xa0, 0x4b, 0x00, 0x20, 0x3f, 0x4c, 0x00, 0x20, 0xf2, 0x4b, 0x00, 0x20
.byte 0x54, 0x38, 0x00, 0x00, 0xd8, 0x38, 0x00, 0x00, 0x49, 0x46, 0x00, 0x00, 0x9c, 0x38, 0x00, 0x00
.byte 0x59, 0x46, 0x00, 0x00, 0x07, 0xb5, 0x60, 0x46, 0x01, 0x88, 0x0a, 0x0a, 0x02, 0x30, 0xdf, 0x2a
.byte 0xfa, 0xd1, 0xc9, 0xb2, 0x82, 0x08, 0x04, 0xd3, 0x02, 0x88, 0x40, 0x88, 0x00, 0x04, 0x10, 0x43
.byte 0x00, 0xe0, 0x00, 0x68, 0x01, 0x4a, 0x50, 0x50, 0x03, 0x90, 0x07, 0xbd, 0xb4, 0x52, 0x00, 0x20
.byte 0x51, 0x43, 0x43, 0x43, 0xc9, 0x18, 0x8c, 0x46, 0x11, 0x0c, 0x83, 0xb2, 0x4b, 0x43, 0x10, 0xb4
.byte 0x04, 0x0c, 0x61, 0x43, 0x92, 0xb2, 0x80, 0xb2, 0x50, 0x43, 0x62, 0x43, 0x1c, 0x04, 0x1b, 0x0c
.byte 0x00, 0x19, 0x10, 0xbc, 0x59, 0x41, 0x13, 0x04, 0x12, 0x0c, 0xc0, 0x18, 0x51, 0x41, 0x61, 0x44
.byte 0x70, 0x47, 0x00, 0x00, 0x10, 0xb5, 0x01, 0x48, 0xfe, 0xf7, 0xa8, 0xfc, 0xd4, 0x4a, 0x00, 0x20
.byte 0x13, 0x23, 0x10, 0xb5, 0x16, 0x48, 0x1c, 0x78, 0xff, 0xf7, 0x0a, 0xfc, 0x01, 0x00, 0x01, 0x2c
.byte 0x14, 0xd1, 0x14, 0x4c, 0x54, 0x22, 0x20, 0x00, 0x00, 0xf0, 0x40, 0xf8, 0x00, 0x23, 0x12, 0x4a
.byte 0x21, 0x68, 0x00, 0x29, 0x00, 0xd1, 0x22, 0x60, 0x01, 0x33, 0x04, 0x34, 0x20, 0x2b, 0xf7, 0xd1
.byte 0x0e, 0x48, 0xff, 0xf7, 0xed, 0xfb, 0x0e, 0x4b, 0x18, 0x60, 0x10, 0xbd, 0x01, 0x2c, 0xf7, 0xdd
.byte 0x83, 0x1e, 0x1b, 0x78, 0x9b, 0x00, 0x7f, 0x2b, 0x05, 0xdc, 0x0a, 0x4b, 0x0a, 0x4a, 0x42, 0x21
.byte 0x0a, 0x48, 0xfe, 0xf7, 0xe9, 0xfb, 0x80, 0x22, 0x02, 0x48, 0x00, 0xf0, 0x1f, 0xf8, 0xe7, 0xe7
.byte 0x53, 0x46, 0x00, 0x00, 0xb4, 0x53, 0x00, 0x20, 0x31, 0x38, 0x00, 0x20, 0x4c, 0x33, 0x00, 0x00
.byte 0x50, 0x52, 0x00, 0x20, 0x6b, 0x4c, 0x00, 0x20, 0xe8, 0x4c, 0x00, 0x20, 0x9d, 0x4c, 0x00, 0x20
.byte 0x01, 0x48, 0x04, 0x21, 0x01, 0x4b, 0x18, 0x47, 0xb0, 0x4f, 0x00, 0x20, 0x6d, 0x30, 0x00, 0x20
.byte 0x01, 0x4b, 0x1b, 0x68, 0x18, 0x47, 0x00, 0x00, 0xb0, 0x4f, 0x00, 0x20, 0x01, 0x4b, 0x5b, 0x68
.byte 0x18, 0x47, 0x00, 0x00, 0xb0, 0x4f, 0x00, 0x20, 0x03, 0x00, 0x10, 0xb5, 0x08, 0x00, 0x1b, 0x68
.byte 0x11, 0x00, 0x98, 0x47, 0x10, 0xbd, 0x00, 0x00, 0xf8, 0xb5, 0x43, 0x7d, 0x05, 0x00, 0x0c, 0x00
.byte 0x16, 0x00, 0x00, 0x2b, 0x32, 0xd1, 0x03, 0x68, 0x11, 0x00, 0x20, 0x00, 0x98, 0x47, 0x2a, 0xe0
.byte 0x00, 0x29, 0x29, 0xdd, 0x63, 0x1e, 0x5b, 0x5c, 0x0d, 0x3b, 0x5a, 0x42, 0x53, 0x41, 0xdb, 0xb2
.byte 0x62, 0x5c, 0x4f, 0x1c, 0x0a, 0x2a, 0x0c, 0xd1, 0x00, 0x2b, 0x0a, 0xd1, 0x81, 0x42, 0x03, 0xdd
.byte 0x09, 0x1a, 0x2b, 0x68, 0x20, 0x18, 0x98, 0x47, 0x0e, 0x48, 0x02, 0x21, 0x2b, 0x68, 0x98, 0x47
.byte 0x38, 0x00, 0x39, 0x00, 0x8e, 0x42, 0xe3, 0xdc, 0x86, 0x42, 0x03, 0xdd, 0x31, 0x1a, 0x2b, 0x68
.byte 0x20, 0x18, 0x98, 0x47, 0x00, 0x2e, 0x06, 0xdd, 0xa4, 0x19, 0x01, 0x3c, 0x23, 0x78, 0x0d, 0x3b
.byte 0x5a, 0x42, 0x53, 0x41, 0x2b, 0x75, 0xf8, 0xbd, 0x2b, 0x7d, 0xd9, 0xe7, 0x00, 0x21, 0x08, 0x00
.byte 0xe8, 0xe7, 0xc0, 0x46, 0x83, 0x4d, 0x00, 0x20, 0x70, 0xb5, 0x05, 0x00, 0x0a, 0x4b, 0x1c, 0x68
.byte 0x00, 0x2c, 0x01, 0xd1, 0x2c, 0x60, 0x70, 0xbd, 0x23, 0x68, 0x00, 0x2b, 0x0a, 0xd0, 0x07, 0x4b
.byte 0x1b, 0x68, 0x00, 0x2b, 0x01, 0xd0, 0x9c, 0x42, 0x04, 0xd1, 0x29, 0x00, 0x20, 0x00, 0x04, 0xc9
.byte 0xff, 0xf7, 0xaa, 0xff, 0x24, 0x69, 0xeb, 0xe7, 0x34, 0x52, 0x00, 0x20, 0x38, 0x52, 0x00, 0x20
.byte 0x0b, 0x68, 0x70, 0xb5, 0x05, 0x00, 0x0c, 0x00, 0x80, 0x2b, 0x02, 0xd1, 0x08, 0x00, 0xff, 0xf7
.byte 0xdb, 0xff, 0x23, 0x68, 0x5a, 0x1c, 0x22, 0x60, 0xe4, 0x18, 0x25, 0x71, 0x70, 0xbd, 0x00, 0x00
.byte 0x10, 0xb5, 0x03, 0x4b, 0x03, 0x4a, 0x3f, 0x21, 0x03, 0x48, 0xfe, 0xf7, 0x45, 0xfb, 0xc0, 0x46
.byte 0xfa, 0x46, 0x00, 0x20, 0x6e, 0x4d, 0x00, 0x20, 0x15, 0x47, 0x00, 0x20, 0x10, 0xb5, 0xfd, 0xf7
.byte 0x37, 0xfe, 0x00, 0x29, 0x01, 0xda, 0xff, 0xf7, 0xeb, 0xff, 0x00, 0x23, 0x05, 0x4a, 0x12, 0x18
.byte 0x4b, 0x41, 0x00, 0x2b, 0x02, 0xda, 0x01, 0x22, 0x03, 0x4b, 0x52, 0x42, 0x03, 0x48, 0x00, 0xf0
.byte 0x8f, 0xf9, 0x10, 0xbd, 0x40, 0x42, 0x0f, 0x00, 0xff, 0xff, 0xff, 0x7f, 0xc0, 0x4f, 0x00, 0x20
.byte 0x10, 0xb5, 0x02, 0x48, 0x00, 0xf0, 0x9c, 0xf9, 0x10, 0xbd, 0xc0, 0x46, 0xc0, 0x4f, 0x00, 0x20
.byte 0xf0, 0xb5, 0x85, 0xb0, 0x07, 0x00, 0x0c, 0x00, 0x00, 0x92, 0x1d, 0x00, 0xff, 0xf7, 0xd6, 0xff
.byte 0x01, 0x90, 0x63, 0x1c, 0x03, 0xd1, 0x38, 0x00, 0x00, 0xf0, 0xd8, 0xf8, 0x04, 0x00, 0x15, 0x4e
.byte 0x00, 0x2d, 0x00, 0xd1, 0x14, 0x4e, 0x15, 0x4b, 0x1d, 0x68, 0x00, 0x2d, 0x09, 0xd1, 0x01, 0x9b
.byte 0x00, 0x2b, 0x01, 0xd0, 0xff, 0xf7, 0xdc, 0xff, 0x60, 0x1e, 0x84, 0x41, 0xe0, 0xb2, 0x05, 0xb0
.byte 0xf0, 0xbd, 0x2b, 0x68, 0x00, 0x2b, 0x13, 0xd0, 0x0d, 0x4b, 0x1b, 0x68, 0x00, 0x2b, 0x01, 0xd0
.byte 0xab, 0x42, 0x0d, 0xd1, 0x22, 0x00, 0x39, 0x00, 0x28, 0x00, 0xb0, 0x47, 0x00, 0x9b, 0x00, 0x2b
.byte 0x06, 0xd0, 0x02, 0xab, 0xd9, 0x1d, 0x0a, 0x23, 0x01, 0x22, 0x28, 0x00, 0x0b, 0x70, 0xb0, 0x47
.byte 0x2d, 0x69, 0xda, 0xe7, 0xe5, 0x38, 0x00, 0x20, 0xf5, 0x38, 0x00, 0x20, 0x34, 0x52, 0x00, 0x20
.byte 0x38, 0x52, 0x00, 0x20, 0x05, 0x4b, 0x10, 0xb5, 0x1c, 0x68, 0x00, 0x2c, 0x00, 0xd1, 0x10, 0xbd
.byte 0x63, 0x68, 0x00, 0x2b, 0x00, 0xd0, 0x98, 0x47, 0x24, 0x69, 0xf6, 0xe7, 0x34, 0x52, 0x00, 0x20
.byte 0x70, 0xb5, 0x05, 0x00, 0x00, 0xf0, 0x92, 0xf8, 0x04, 0x00, 0x01, 0x00, 0x00, 0x23, 0x01, 0x22
.byte 0x28, 0x00, 0xff, 0xf7, 0xa5, 0xff, 0xff, 0xf7, 0xe5, 0xff, 0x20, 0x00, 0x70, 0xbd, 0x00, 0x00
.byte 0x70, 0xb5, 0xa2, 0xb0, 0x04, 0x00, 0x0e, 0x00, 0xff, 0xf7, 0x78, 0xff, 0x00, 0x23, 0x22, 0x00
.byte 0x01, 0x93, 0x05, 0x00, 0x33, 0x00, 0x01, 0xa9, 0x09, 0x48, 0xff, 0xf7, 0x89, 0xfa, 0x01, 0x9b
.byte 0x04, 0x00, 0x00, 0x2b, 0x02, 0xd0, 0x01, 0xa8, 0xff, 0xf7, 0x2e, 0xff, 0xff, 0xf7, 0xca, 0xff
.byte 0x00, 0x2d, 0x01, 0xd0, 0xff, 0xf7, 0x7c, 0xff, 0x20, 0x00, 0x22, 0xb0, 0x70, 0xbd, 0xc0, 0x46
.byte 0xad, 0x39, 0x00, 0x20, 0x0f, 0xb4, 0x07, 0xb5, 0x04, 0xa9, 0x01, 0xc9, 0x01, 0x91, 0xff, 0xf7
.byte 0xd7, 0xff, 0x03, 0xb0, 0x08, 0xbc, 0x04, 0xb0, 0x18, 0x47, 0x00, 0x00, 0x10, 0xb5, 0x01, 0x00
.byte 0x01, 0x48, 0xfc, 0xf7, 0xe3, 0xfe, 0x10, 0xbd, 0x68, 0x52, 0x00, 0x20, 0x07, 0xb5, 0x04, 0x4b
.byte 0x01, 0x00, 0x00, 0x93, 0x00, 0x22, 0x0b, 0x23, 0x02, 0x48, 0xfc, 0xf7, 0xac, 0xfe, 0x0e, 0xbd
.byte 0x85, 0x4d, 0x00, 0x20, 0x68, 0x52, 0x00, 0x20, 0x10, 0xb5, 0x05, 0x20, 0xfe, 0xf7, 0x74, 0xf9
.byte 0x01, 0x4b, 0x18, 0x60, 0x10, 0xbd, 0xc0, 0x46, 0xb4, 0x54, 0x00, 0x20, 0x10, 0xb5, 0xff, 0xf7
.byte 0xf3, 0xff, 0x10, 0xbd, 0x02, 0xb4, 0x71, 0x46, 0x49, 0x08, 0x49, 0x00, 0x09, 0x5c, 0x49, 0x00
.byte 0x8e, 0x44, 0x02, 0xbc, 0x70, 0x47, 0xc0, 0x46, 0x70, 0x47, 0xc0, 0x46, 0x30, 0xb5, 0x03, 0x2a
.byte 0x0c, 0xd9, 0x03, 0x00, 0x0b, 0x43, 0x9b, 0x07, 0x1c, 0xd1, 0x03, 0x68, 0x0c, 0x68, 0xa3, 0x42
.byte 0x18, 0xd1, 0x04, 0x3a, 0x04, 0x30, 0x04, 0x31, 0x03, 0x2a, 0xf6, 0xd8, 0x55, 0x1e, 0x00, 0x2a
.byte 0x0e, 0xd0, 0x02, 0x78, 0x0c, 0x78, 0x94, 0x42, 0x0e, 0xd1, 0x01, 0x35, 0x01, 0x23, 0x01, 0x39
.byte 0x04, 0xe0, 0xc2, 0x5c, 0x01, 0x33, 0xcc, 0x5c, 0xa2, 0x42, 0x05, 0xd1, 0xab, 0x42, 0xf8, 0xd1
.byte 0x00, 0x20, 0x30, 0xbd, 0x55, 0x1e, 0xec, 0xe7, 0x10, 0x1b, 0xfa, 0xe7, 0x10, 0xb5, 0x83, 0x07
.byte 0x27, 0xd0, 0x03, 0x78, 0x00, 0x2b, 0x26, 0xd0, 0x03, 0x00, 0x03, 0x21, 0x02, 0xe0, 0x1a, 0x78
.byte 0x00, 0x2a, 0x1c, 0xd0, 0x01, 0x33, 0x0b, 0x42, 0xf9, 0xd1, 0x19, 0x68, 0x0f, 0x4a, 0x10, 0x4c
.byte 0x8a, 0x18, 0x8a, 0x43, 0x22, 0x42, 0x0f, 0xd1, 0x04, 0x33, 0x19, 0x68, 0x0b, 0x4a, 0x8a, 0x18
.byte 0x8a, 0x43, 0x22, 0x42, 0x08, 0xd1, 0x04, 0x33, 0x19, 0x68, 0x08, 0x4a, 0x8a, 0x18, 0x8a, 0x43
.byte 0x22, 0x42, 0xf1, 0xd0, 0x00, 0xe0, 0x01, 0x33, 0x1a, 0x78, 0x00, 0x2a, 0xfb, 0xd1, 0x18, 0x1a
.byte 0x10, 0xbd, 0x03, 0x00, 0xe1, 0xe7, 0x00, 0x20, 0xfa, 0xe7, 0xc0, 0x46, 0xff, 0xfe, 0xfe, 0xfe
.byte 0x80, 0x80, 0x80, 0x80, 0xf8, 0xb5, 0xc0, 0x46, 0x03, 0x00, 0x10, 0xb5, 0x00, 0x68, 0xef, 0xf3
.byte 0x10, 0x84, 0x72, 0xb6, 0x02, 0x68, 0x00, 0x2a, 0xfc, 0xd0, 0xbf, 0xf3, 0x5f, 0x8f, 0x04, 0x22
.byte 0x9a, 0x56, 0x00, 0x2a, 0x0c, 0xda, 0xd0, 0x22, 0x01, 0x20, 0x12, 0x06, 0x12, 0x68, 0x1a, 0x71
.byte 0x1b, 0x68, 0xbf, 0xf3, 0x5f, 0x8f, 0x00, 0x22, 0x1a, 0x60, 0x84, 0xf3, 0x10, 0x88, 0x10, 0xbd
.byte 0x08, 0x1e, 0xf5, 0xd0, 0x0a, 0x60, 0x00, 0x20, 0xf2, 0xe7, 0x00, 0x00, 0xf7, 0xb5, 0x1f, 0x00
.byte 0x03, 0x68, 0x05, 0x00, 0x16, 0x00, 0x00, 0x2b, 0x05, 0xd1, 0x17, 0x4b, 0x17, 0x4a, 0x85, 0x21
.byte 0x17, 0x48, 0xfe, 0xf7, 0xcb, 0xf9, 0xd0, 0x23, 0x1b, 0x06, 0x1b, 0x68, 0x01, 0x93, 0x29, 0x68
.byte 0xef, 0xf3, 0x10, 0x83, 0x72, 0xb6, 0x0a, 0x68, 0x00, 0x2a, 0xfc, 0xd0, 0xbf, 0xf3, 0x5f, 0x8f
.byte 0x29, 0x79, 0x2a, 0x68, 0x00, 0x24, 0x7f, 0x29, 0x08, 0xd9, 0x01, 0x99, 0x29, 0x71, 0xbf, 0xf3
.byte 0x5f, 0x8f, 0x14, 0x60, 0x83, 0xf3, 0x10, 0x88, 0x01, 0x20, 0xfe, 0xbd, 0xbf, 0xf3, 0x5f, 0x8f
.byte 0x14, 0x60, 0x83, 0xf3, 0x10, 0x88, 0x30, 0x00, 0x39, 0x00, 0xfd, 0xf7, 0x2b, 0xfc, 0x00, 0x28
.byte 0xdd, 0xd0, 0x20, 0x00, 0xf1, 0xe7, 0xc0, 0x46, 0xc1, 0x43, 0x00, 0x20, 0x5b, 0x43, 0x00, 0x20
.byte 0x84, 0x43, 0x00, 0x20, 0x73, 0xb5, 0x01, 0xa9, 0x06, 0x00, 0x14, 0x00, 0x1d, 0x00, 0xff, 0xf7
.byte 0x9b, 0xff, 0x00, 0x28, 0x0c, 0xd1, 0xd0, 0x22, 0x12, 0x06, 0x01, 0x9b, 0x12, 0x78, 0x5b, 0xb2
.byte 0x52, 0xb2, 0x93, 0x42, 0x04, 0xd0, 0x22, 0x00, 0x2b, 0x00, 0x30, 0x00, 0xff, 0xf7, 0xae, 0xff
.byte 0x76, 0xbd, 0x00, 0x00, 0x10, 0xb5, 0x01, 0x68, 0xef, 0xf3, 0x10, 0x83, 0x72, 0xb6, 0x0a, 0x68
.byte 0x00, 0x2a, 0xfc, 0xd0, 0xbf, 0xf3, 0x5f, 0x8f, 0x02, 0x79, 0x7f, 0x2a, 0x05, 0xd9, 0x08, 0x4b
.byte 0x08, 0x4a, 0xb4, 0x21, 0x08, 0x48, 0xfe, 0xf7, 0x71, 0xf9, 0xff, 0x22, 0x02, 0x71, 0x02, 0x68
.byte 0xbf, 0xf3, 0x5f, 0x8f, 0x00, 0x21, 0x11, 0x60, 0x83, 0xf3, 0x10, 0x88, 0x40, 0xbf, 0x10, 0xbd
.byte 0xd5, 0x43, 0x00, 0x20, 0x73, 0x43, 0x00, 0x20, 0x84, 0x43, 0x00, 0x20, 0x08, 0x4a, 0x10, 0xb5
.byte 0x13, 0x78, 0x00, 0x2b, 0x0a, 0xd1, 0x80, 0x23, 0x06, 0x48, 0x07, 0x49, 0x5b, 0x05, 0x1c, 0x68
.byte 0xc4, 0x50, 0x04, 0x33, 0x8b, 0x42, 0xfa, 0xd1, 0x01, 0x23, 0x13, 0x70, 0x10, 0xbd, 0xc0, 0x46
.byte 0x6a, 0x52, 0x00, 0x20, 0x0c, 0x51, 0x00, 0x10, 0x00, 0x01, 0x00, 0x10, 0x10, 0xb5, 0x02, 0x4b
.byte 0x01, 0x33, 0x98, 0x47, 0x10, 0xbd, 0xc0, 0x46, 0x0c, 0x51, 0x00, 0x20, 0x80, 0x23, 0xf0, 0xb5
.byte 0x0a, 0x18, 0x85, 0xb0, 0x03, 0x90, 0x0f, 0x00, 0x5b, 0x04, 0x9a, 0x42, 0x05, 0xd9, 0x41, 0x21
.byte 0x1c, 0x4b, 0x1d, 0x4a, 0x1d, 0x48, 0xfe, 0xf7, 0x31, 0xf9, 0x18, 0x24, 0x14, 0x25, 0x23, 0x88
.byte 0x1b, 0x49, 0x28, 0x88, 0x98, 0x47, 0x23, 0x88, 0x02, 0x90, 0x1a, 0x49, 0x28, 0x88, 0x98, 0x47
.byte 0x23, 0x88, 0x01, 0x90, 0x18, 0x49, 0x28, 0x88, 0x98, 0x47, 0x23, 0x88, 0x06, 0x00, 0x17, 0x49
.byte 0x28, 0x88, 0x98, 0x47, 0x02, 0x9b, 0x04, 0x00, 0x00, 0x2b, 0x06, 0xd0, 0x01, 0x9b, 0x00, 0x2b
.byte 0x03, 0xd0, 0x00, 0x2e, 0x01, 0xd0, 0x00, 0x28, 0x03, 0xd1, 0x11, 0x4b, 0x0a, 0x4a, 0x49, 0x21
.byte 0xd8, 0xe7, 0xff, 0xf7, 0xab, 0xff, 0x02, 0x9b, 0x98, 0x47, 0x01, 0x9b, 0x98, 0x47, 0x80, 0x22
.byte 0xd8, 0x23, 0x52, 0x02, 0x39, 0x00, 0x03, 0x98, 0xb0, 0x47, 0xa0, 0x47, 0xff, 0xf7, 0xb6, 0xff
.byte 0x05, 0xb0, 0xf0, 0xbd, 0xc9, 0x4d, 0x00, 0x20, 0xa3, 0x4d, 0x00, 0x20, 0xf5, 0x4d, 0x00, 0x20
.byte 0x49, 0x46, 0x00, 0x00, 0x45, 0x58, 0x00, 0x00, 0x52, 0x45, 0x00, 0x00, 0x46, 0x43, 0x00, 0x00
.byte 0x3b, 0x4e, 0x00, 0x20, 0x80, 0x23, 0xf0, 0xb5, 0x85, 0xb0, 0x02, 0x92, 0x12, 0x18, 0x07, 0x00
.byte 0x03, 0x91, 0x5b, 0x04, 0x9a, 0x42, 0x05, 0xd9, 0x58, 0x21, 0x1c, 0x4b, 0x1c, 0x4a, 0x1d, 0x48
.byte 0xfe, 0xf7, 0xdc, 0xf8, 0x18, 0x24, 0x14, 0x25, 0x23, 0x88, 0x1b, 0x49, 0x28, 0x88, 0x98, 0x47
.byte 0x23, 0x88, 0x01, 0x90, 0x19, 0x49, 0x28, 0x88, 0x98, 0x47, 0x23, 0x88, 0x00, 0x90, 0x18, 0x49
.byte 0x28, 0x88, 0x98, 0x47, 0x23, 0x88, 0x06, 0x00, 0x16, 0x49, 0x28, 0x88, 0x98, 0x47, 0x01, 0x9b
.byte 0x04, 0x00, 0x00, 0x2b, 0x06, 0xd0, 0x00, 0x9b, 0x00, 0x2b, 0x03, 0xd0, 0x00, 0x2e, 0x01, 0xd0
.byte 0x00, 0x28, 0x03, 0xd1, 0x10, 0x4b, 0x0a, 0x4a, 0x60, 0x21, 0xd8, 0xe7, 0xff, 0xf7, 0x56, 0xff
.byte 0x01, 0x9b, 0x98, 0x47, 0x00, 0x9b, 0x98, 0x47, 0x02, 0x9a, 0x03, 0x99, 0x38, 0x00, 0xb0, 0x47
.byte 0xa0, 0x47, 0xff, 0xf7, 0x63, 0xff, 0x05, 0xb0, 0xf0, 0xbd, 0xc0, 0x46, 0xc9, 0x4d, 0x00, 0x20
.byte 0xb5, 0x4d, 0x00, 0x20, 0xf5, 0x4d, 0x00, 0x20, 0x49, 0x46, 0x00, 0x00, 0x45, 0x58, 0x00, 0x00
.byte 0x52, 0x50, 0x00, 0x00, 0x46, 0x43, 0x00, 0x00, 0x8e, 0x4e, 0x00, 0x20, 0x63, 0x68, 0x61, 0x6e
.byte 0x6e, 0x65, 0x6c, 0x5f, 0x63, 0x6f, 0x6e, 0x66, 0x69, 0x67, 0x5f, 0x73, 0x65, 0x74, 0x5f, 0x63
.byte 0x68, 0x61, 0x69, 0x6e, 0x5f, 0x74, 0x6f, 0x00, 0x73, 0x74, 0x61, 0x74, 0x65, 0x5f, 0x77, 0x61
.byte 0x69, 0x74, 0x5f, 0x66, 0x6f, 0x72, 0x5f, 0x73, 0x79, 0x6e, 0x63, 0x00, 0x53, 0x59, 0x4e, 0x43
.byte 0x00, 0x00, 0x00, 0x00, 0x00, 0x00, 0x00, 0x00, 0x00, 0x00, 0x00, 0x00, 0x0d, 0x01, 0x00, 0x20
.byte 0x52, 0x45, 0x41, 0x44, 0x02, 0x00, 0x00, 0x00, 0x00, 0x00, 0x00, 0x00, 0x15, 0x01, 0x00, 0x20
.byte 0x55, 0x02, 0x00, 0x20, 0x43, 0x53, 0x55, 0x4d, 0x02, 0x00, 0x00, 0x00, 0x01, 0x00, 0x00, 0x00
.byte 0x35, 0x01, 0x00, 0x20, 0x71, 0x04, 0x00, 0x20, 0x43, 0x52, 0x43, 0x43, 0x02, 0x00, 0x00, 0x00
.byte 0x01, 0x00, 0x00, 0x00, 0x55, 0x01, 0x00, 0x20, 0x59, 0x04, 0x00, 0x20, 0x45, 0x52, 0x41, 0x53
.byte 0x02, 0x00, 0x00, 0x00, 0x00, 0x00, 0x00, 0x00, 0x00, 0x00, 0x00, 0x00, 0x15, 0x02, 0x00, 0x20
.byte 0x57, 0x52, 0x49, 0x54, 0x02, 0x00, 0x00, 0x00, 0x01, 0x00, 0x00, 0x00, 0x5d, 0x01, 0x00, 0x20
.byte 0x35, 0x04, 0x00, 0x20, 0x53, 0x45, 0x41, 0x4c, 0x03, 0x00, 0x00, 0x00, 0x00, 0x00, 0x00, 0x00
.byte 0x00, 0x00, 0x00, 0x00, 0xc1, 0x03, 0x00, 0x20, 0x47, 0x4f, 0x47, 0x4f, 0x01, 0x00, 0x00, 0x00
.byte 0x00, 0x00, 0x00, 0x00, 0x00, 0x00, 0x00, 0x00, 0x1d, 0x05, 0x00, 0x20, 0x49, 0x4e, 0x46, 0x4f
.byte 0x00, 0x00, 0x00, 0x00, 0x05, 0x00, 0x00, 0x00, 0x00, 0x00, 0x00, 0x00, 0x9d, 0x01, 0x00, 0x20
.byte 0x42, 0x4f, 0x4f, 0x54, 0x01, 0x00, 0x00, 0x00, 0x00, 0x00, 0x00, 0x00, 0xc9, 0x01, 0x00, 0x20
.byte 0xd9, 0x01, 0x00, 0x20, 0x63, 0x68, 0x61, 0x69, 0x6e, 0x5f, 0x74, 0x6f, 0x20, 0x3c, 0x3d, 0x20
.byte 0x4e, 0x55, 0x4d, 0x5f, 0x44, 0x4d, 0x41, 0x5f, 0x43, 0x48, 0x41, 0x4e, 0x4e, 0x45, 0x4c, 0x53
.byte 0x00, 0x2f, 0x55, 0x73, 0x65, 0x72, 0x73, 0x2f, 0x61, 0x6e, 0x64, 0x72, 0x65, 0x79, 0x6b, 0x69
.byte 0x73, 0x6c, 0x69, 0x74, 0x73, 0x79, 0x6e, 0x2f, 0x70, 0x69, 0x63, 0x6f, 0x2d, 0x73, 0x64, 0x6b
.byte 0x2f, 0x73, 0x72, 0x63, 0x2f, 0x72, 0x70, 0x32, 0x5f, 0x63, 0x6f, 0x6d, 0x6d, 0x6f, 0x6e, 0x2f
.byte 0x68, 0x61, 0x72, 0x64, 0x77, 0x61, 0x72, 0x65, 0x5f, 0x64, 0x6d, 0x61, 0x2f, 0x69, 0x6e, 0x63
.byte 0x6c, 0x75, 0x64, 0x65, 0x2f, 0x68, 0x61, 0x72, 0x64, 0x77, 0x61, 0x72, 0x65, 0x2f, 0x64, 0x6d
.byte 0x61, 0x2e, 0x68, 0x00, 0x52, 0x65, 0x61, 0x64, 0x79, 0x20, 0x66, 0x6f, 0x72, 0x20, 0x66, 0x69
.byte 0x72, 0x6d, 0x77, 0x61, 0x72, 0x65, 0x20, 0x75, 0x70, 0x6c, 0x6f, 0x61, 0x64, 0x00, 0x63, 0x74
.byte 0x78, 0x2d, 0x3e, 0x6f, 0x70, 0x63, 0x6f, 0x64, 0x65, 0x20, 0x3d, 0x3d, 0x20, 0x43, 0x4d, 0x44
.byte 0x5f, 0x53, 0x59, 0x4e, 0x43, 0x00, 0x2f, 0x55, 0x73, 0x65, 0x72, 0x73, 0x2f, 0x61, 0x6e, 0x64
.byte 0x72, 0x65, 0x79, 0x6b, 0x69, 0x73, 0x6c, 0x69, 0x74, 0x73, 0x79, 0x6e, 0x2f, 0x44, 0x6f, 0x63
.byte 0x75, 0x6d, 0x65, 0x6e, 0x74, 0x73, 0x2f, 0x47, 0x69, 0x74, 0x48, 0x75, 0x62, 0x2f, 0x6f, 0x70
.byte 0x65, 0x6e, 0x2d, 0x6c, 0x63, 0x63, 0x2d, 0x72, 0x70, 0x32, 0x30, 0x34, 0x30, 0x2d, 0x62, 0x69
.byte 0x61, 0x6e, 0x63, 0x61, 0x2f, 0x6c, 0x69, 0x62, 0x2f, 0x72, 0x70, 0x32, 0x30, 0x34, 0x30, 0x2d
.byte 0x73, 0x65, 0x72, 0x69, 0x61, 0x6c, 0x2d, 0x62, 0x6f, 0x6f, 0x74, 0x6c, 0x6f, 0x61, 0x64, 0x65
.byte 0x72, 0x2f, 0x6d, 0x61, 0x69, 0x6e, 0x2e, 0x63, 0x00, 0x68, 0x77, 0x5f, 0x63, 0x6c, 0x61, 0x69
.byte 0x6d, 0x5f, 0x63, 0x6c, 0x65, 0x61, 0x72, 0x00, 0x68, 0x77, 0x5f, 0x69, 0x73, 0x5f, 0x63, 0x6c
.byte 0x61, 0x69, 0x6d, 0x65, 0x64, 0x28, 0x62, 0x69, 0x74, 0x73, 0x2c, 0x20, 0x62, 0x69, 0x74, 0x5f
.byte 0x69, 0x6e, 0x64, 0x65, 0x78, 0x29, 0x00, 0x2f, 0x55, 0x73, 0x65, 0x72, 0x73, 0x2f, 0x61, 0x6e
.byte 0x64, 0x72, 0x65, 0x79, 0x6b, 0x69, 0x73, 0x6c, 0x69, 0x74, 0x73, 0x79, 0x6e, 0x2f, 0x70, 0x69
.byte 0x63, 0x6f, 0x2d, 0x73, 0x64, 0x6b, 0x2f, 0x73, 0x72, 0x63, 0x2f, 0x72, 0x70, 0x32, 0x5f, 0x63
.byte 0x6f, 0x6d, 0x6d, 0x6f, 0x6e, 0x2f, 0x68, 0x61, 0x72, 0x64, 0x77, 0x61, 0x72, 0x65, 0x5f, 0x63
.byte 0x6c, 0x61, 0x69, 0x6d, 0x2f, 0x63, 0x6c, 0x61, 0x69, 0x6d, 0x2e, 0x63, 0x00, 0x69, 0x72, 0x71
.byte 0x5f, 0x73, 0x65, 0x74, 0x5f, 0x65, 0x78, 0x63, 0x6c, 0x75, 0x73, 0x69, 0x76, 0x65, 0x5f, 0x68
.byte 0x61, 0x6e, 0x64, 0x6c, 0x65, 0x72, 0x00, 0x6d, 0x61, 0x6b, 0x65, 0x5f, 0x62, 0x72, 0x61, 0x6e
.byte 0x63, 0x68, 0x00, 0x69, 0x6e, 0x73, 0x65, 0x72, 0x74, 0x5f, 0x62, 0x72, 0x61, 0x6e, 0x63, 0x68
.byte 0x5f, 0x61, 0x6e, 0x64, 0x5f, 0x6c, 0x69, 0x6e, 0x6b, 0x00, 0x72, 0x65, 0x73, 0x6f, 0x6c, 0x76
.byte 0x65, 0x5f, 0x62, 0x72, 0x61, 0x6e, 0x63, 0x68, 0x00, 0x69, 0x72, 0x71, 0x5f, 0x72, 0x65, 0x6d
.byte 0x6f, 0x76, 0x65, 0x5f, 0x68, 0x61, 0x6e, 0x64, 0x6c, 0x65, 0x72, 0x00, 0x69, 0x72, 0x71, 0x5f
.byte 0x61, 0x64, 0x64, 0x5f, 0x74, 0x61, 0x69, 0x6c, 0x5f, 0x74, 0x6f, 0x5f, 0x66, 0x72, 0x65, 0x65
.byte 0x5f, 0x6c, 0x69, 0x73, 0x74, 0x00, 0x69, 0x73, 0x5f, 0x73, 0x68, 0x61, 0x72, 0x65, 0x64, 0x5f
.byte 0x69, 0x72, 0x71, 0x5f, 0x72, 0x61, 0x77, 0x5f, 0x68, 0x61, 0x6e, 0x64, 0x6c, 0x65, 0x72, 0x28
.byte 0x73, 0x6c, 0x6f, 0x74, 0x5f, 0x68, 0x61, 0x6e, 0x64, 0x6c, 0x65, 0x72, 0x29, 0x00, 0x65, 0x78
.byte 0x63, 0x65, 0x70, 0x74, 0x69, 0x6f, 0x6e, 0x00, 0x66, 0x6f, 0x75, 0x6e, 0x64, 0x00, 0x21, 0x65
.byte 0x78, 0x63, 0x65, 0x70, 0x74, 0x69, 0x6f, 0x6e, 0x20, 0x7c, 0x7c, 0x20, 0x65, 0x78, 0x63, 0x65
.byte 0x70, 0x74, 0x69, 0x6f, 0x6e, 0x20, 0x3d, 0x3d, 0x20, 0x6e, 0x75, 0x6d, 0x20, 0x2b, 0x20, 0x56
.byte 0x54, 0x41, 0x42, 0x4c, 0x45, 0x5f, 0x46, 0x49, 0x52, 0x53, 0x54, 0x5f, 0x49, 0x52, 0x51, 0x00
.byte 0x21, 0x28, 0x64, 0x65, 0x6c, 0x74, 0x61, 0x20, 0x3e, 0x3e, 0x20, 0x31, 0x31, 0x75, 0x29, 0x00
.byte 0x66, 0x61, 0x6c, 0x73, 0x65, 0x00, 0x63, 0x75, 0x72, 0x72, 0x65, 0x6e, 0x74, 0x20, 0x3d, 0x3d
.byte 0x20, 0x5f, 0x5f, 0x75, 0x6e, 0x68, 0x61, 0x6e, 0x64, 0x6c, 0x65, 0x64, 0x5f, 0x75, 0x73, 0x65
.byte 0x72, 0x5f, 0x69, 0x72, 0x71, 0x20, 0x7c, 0x7c, 0x20, 0x63, 0x75, 0x72, 0x72, 0x65, 0x6e, 0x74
.byte 0x20, 0x3d, 0x3d, 0x20, 0x68, 0x61, 0x6e, 0x64, 0x6c, 0x65, 0x72, 0x00, 0x64, 0x65, 0x6c, 0x74
.byte 0x61, 0x20, 0x3e, 0x3d, 0x20, 0x2d, 0x32, 0x30, 0x34, 0x38, 0x20, 0x26, 0x26, 0x20, 0x64, 0x65
.byte 0x6c, 0x74, 0x61, 0x20, 0x3c, 0x3d, 0x20, 0x32, 0x30, 0x34, 0x36, 0x20, 0x26, 0x26, 0x20, 0x21
.byte 0x28, 0x64, 0x65, 0x6c, 0x74, 0x61, 0x20, 0x26, 0x20, 0x31, 0x29, 0x00, 0x30, 0x78, 0x31, 0x63
.byte 0x20, 0x3d, 0x3d, 0x20, 0x28, 0x2a, 0x69, 0x6e, 0x73, 0x74, 0x29, 0x3e, 0x3e, 0x31, 0x31, 0x75
.byte 0x00, 0x2f, 0x55, 0x73, 0x65, 0x72, 0x73, 0x2f, 0x61, 0x6e, 0x64, 0x72, 0x65, 0x79, 0x6b, 0x69
.byte 0x73, 0x6c, 0x69, 0x74, 0x73, 0x79, 0x6e, 0x2f, 0x70, 0x69, 0x63, 0x6f, 0x2d, 0x73, 0x64, 0x6b
.byte 0x2f, 0x73, 0x72, 0x63, 0x2f, 0x72, 0x70, 0x32, 0x5f, 0x63, 0x6f, 0x6d, 0x6d, 0x6f, 0x6e, 0x2f
.byte 0x68, 0x61, 0x72, 0x64, 0x77, 0x61, 0x72, 0x65, 0x5f, 0x69, 0x72, 0x71, 0x2f, 0x69, 0x72, 0x71
.byte 0x2e, 0x63, 0x00, 0x6d, 0x75, 0x74, 0x65, 0x78, 0x5f, 0x65, 0x6e, 0x74, 0x65, 0x72, 0x5f, 0x62
.byte 0x6c, 0x6f, 0x63, 0x6b, 0x5f, 0x75, 0x6e, 0x74, 0x69, 0x6c, 0x00, 0x6d, 0x75, 0x74, 0x65, 0x78
.byte 0x5f, 0x65, 0x78, 0x69, 0x74, 0x00, 0x74, 0x6f, 0x74, 0x61, 0x6c, 0x00, 0x2f, 0x55, 0x73, 0x65
.byte 0x72, 0x73, 0x2f, 0x61, 0x6e, 0x64, 0x72, 0x65, 0x79, 0x6b, 0x69, 0x73, 0x6c, 0x69, 0x74, 0x73
.byte 0x79, 0x6e, 0x2f, 0x70, 0x69, 0x63, 0x6f, 0x2d, 0x73, 0x64, 0x6b, 0x2f, 0x73, 0x72, 0x63, 0x2f
.byte 0x63, 0x6f, 0x6d, 0x6d, 0x6f, 0x6e, 0x2f, 0x70, 0x69, 0x63, 0x6f, 0x5f, 0x73, 0x79, 0x6e, 0x63
.byte 0x2f, 0x6d, 0x75, 0x74, 0x65, 0x78, 0x2e, 0x63, 0x00, 0x6d, 0x74, 0x78, 0x2d, 0x3e, 0x63, 0x6f
.byte 0x72, 0x65, 0x2e, 0x73, 0x70, 0x69, 0x6e, 0x5f, 0x6c, 0x6f, 0x63, 0x6b, 0x00, 0x6c, 0x6f, 0x63
.byte 0x6b, 0x5f, 0x69, 0x73, 0x5f, 0x6f, 0x77, 0x6e, 0x65, 0x72, 0x5f, 0x69, 0x64, 0x5f, 0x76, 0x61
.byte 0x6c, 0x69, 0x64, 0x28, 0x6d, 0x74, 0x78, 0x2d, 0x3e, 0x6f, 0x77, 0x6e, 0x65, 0x72, 0x29, 0x00
.byte 0x6d, 0x74, 0x78, 0x2d, 0x3e, 0x65, 0x6e, 0x74, 0x65, 0x72, 0x5f, 0x63, 0x6f, 0x75, 0x6e, 0x74
.byte 0x00, 0x75, 0x70, 0x64, 0x61, 0x74, 0x65, 0x5f, 0x75, 0x73, 0x5f, 0x73, 0x69, 0x6e, 0x63, 0x65
.byte 0x5f, 0x62, 0x6f, 0x6f, 0x74, 0x00, 0x70, 0x68, 0x5f, 0x67, 0x65, 0x74, 0x5f, 0x6e, 0x6f, 0x64
.byte 0x65, 0x00, 0x70, 0x68, 0x5f, 0x61, 0x64, 0x64, 0x5f, 0x63, 0x68, 0x69, 0x6c, 0x64, 0x5f, 0x6e
.byte 0x6f, 0x64, 0x65, 0x00, 0x70, 0x68, 0x5f, 0x66, 0x72, 0x65, 0x65, 0x5f, 0x6e, 0x6f, 0x64, 0x65
.byte 0x00, 0x67, 0x65, 0x74, 0x5f, 0x65, 0x6e, 0x74, 0x72, 0x79, 0x00, 0x67, 0x65, 0x74, 0x5f, 0x65
.byte 0x6e, 0x74, 0x72, 0x79, 0x5f, 0x69, 0x64, 0x5f, 0x68, 0x69, 0x67, 0x68, 0x00, 0x61, 0x6c, 0x61
.byte 0x72, 0x6d, 0x5f, 0x70, 0x6f, 0x6f, 0x6c, 0x5f, 0x67, 0x65, 0x74, 0x5f, 0x64, 0x65, 0x66, 0x61
.byte 0x75, 0x6c, 0x74, 0x00, 0x61, 0x64, 0x64, 0x5f, 0x61, 0x6c, 0x61, 0x72, 0x6d, 0x5f, 0x75, 0x6e
.byte 0x64, 0x65, 0x72, 0x5f, 0x6c, 0x6f, 0x63, 0x6b, 0x00, 0x61, 0x6c, 0x61, 0x72, 0x6d, 0x5f, 0x70
.byte 0x6f, 0x6f, 0x6c, 0x5f, 0x61, 0x6c, 0x61, 0x72, 0x6d, 0x5f, 0x63, 0x61, 0x6c, 0x6c, 0x62, 0x61
.byte 0x63, 0x6b, 0x00, 0x61, 0x6c, 0x61, 0x72, 0x6d, 0x5f, 0x70, 0x6f, 0x6f, 0x6c, 0x5f, 0x63, 0x61
.byte 0x6e, 0x63, 0x65, 0x6c, 0x5f, 0x61, 0x6c, 0x61, 0x72, 0x6d, 0x00, 0x21, 0x70, 0x68, 0x5f, 0x63
.byte 0x6f, 0x6e, 0x74, 0x61, 0x69, 0x6e, 0x73, 0x5f, 0x6e, 0x6f, 0x64, 0x65, 0x28, 0x70, 0x6f, 0x6f
.byte 0x6c, 0x2d, 0x3e, 0x68, 0x65, 0x61, 0x70, 0x2c, 0x20, 0x72, 0x65, 0x75, 0x73, 0x65, 0x5f, 0x69
.byte 0x64, 0x29, 0x00, 0x72, 0x65, 0x6d, 0x6f, 0x76, 0x65, 0x64, 0x5f, 0x69, 0x64, 0x20, 0x3d, 0x3d
.byte 0x20, 0x6e, 0x65, 0x78, 0x74, 0x5f, 0x69, 0x64, 0x00, 0x63, 0x61, 0x6c, 0x6c, 0x62, 0x61, 0x63
.byte 0x6b, 0x00, 0x70, 0x6f, 0x6f, 0x6c, 0x2d, 0x3e, 0x61, 0x6c, 0x61, 0x72, 0x6d, 0x5f, 0x69, 0x6e
.byte 0x5f, 0x70, 0x72, 0x6f, 0x67, 0x72, 0x65, 0x73, 0x73, 0x20, 0x3d, 0x3d, 0x20, 0x6d, 0x61, 0x6b
.byte 0x65, 0x5f, 0x70, 0x75, 0x62, 0x6c, 0x69, 0x63, 0x5f, 0x69, 0x64, 0x28, 0x69, 0x64, 0x5f, 0x68
.byte 0x69, 0x67, 0x68, 0x2c, 0x20, 0x6e, 0x65, 0x78, 0x74, 0x5f, 0x69, 0x64, 0x29, 0x00, 0x69, 0x64
.byte 0x20, 0x26, 0x26, 0x20, 0x21, 0x70, 0x68, 0x5f, 0x63, 0x6f, 0x6e, 0x74, 0x61, 0x69, 0x6e, 0x73
.byte 0x5f, 0x6e, 0x6f, 0x64, 0x65, 0x28, 0x68, 0x65, 0x61, 0x70, 0x2c, 0x20, 0x69, 0x64, 0x29, 0x00
.byte 0x21, 0x68, 0x65, 0x61, 0x70, 0x2d, 0x3e, 0x66, 0x72, 0x65, 0x65, 0x5f, 0x74, 0x61, 0x69, 0x6c
.byte 0x5f, 0x69, 0x64, 0x00, 0x61, 0x6c, 0x61, 0x72, 0x6d, 0x5f, 0x69, 0x64, 0x20, 0x21, 0x3d, 0x20
.byte 0x70, 0x6f, 0x6f, 0x6c, 0x2d, 0x3e, 0x61, 0x6c, 0x61, 0x72, 0x6d, 0x5f, 0x69, 0x6e, 0x5f, 0x70
.byte 0x72, 0x6f, 0x67, 0x72, 0x65, 0x73, 0x73, 0x00, 0x72, 0x63, 0x00, 0x64, 0x65, 0x66, 0x61, 0x75
.byte 0x6c, 0x74, 0x5f, 0x61, 0x6c, 0x61, 0x72, 0x6d, 0x5f, 0x70, 0x6f, 0x6f, 0x6c, 0x5f, 0x69, 0x6e
.byte 0x69, 0x74, 0x69, 0x61, 0x6c, 0x69, 0x7a, 0x65, 0x64, 0x28, 0x29, 0x00, 0x69, 0x64, 0x20, 0x26
.byte 0x26, 0x20, 0x69, 0x64, 0x20, 0x3c, 0x3d, 0x20, 0x70, 0x6f, 0x6f, 0x6c, 0x2d, 0x3e, 0x68, 0x65
.byte 0x61, 0x70, 0x2d, 0x3e, 0x6d, 0x61, 0x78, 0x5f, 0x6e, 0x6f, 0x64, 0x65, 0x73, 0x00, 0x2f, 0x55
.byte 0x73, 0x65, 0x72, 0x73, 0x2f, 0x61, 0x6e, 0x64, 0x72, 0x65, 0x79, 0x6b, 0x69, 0x73, 0x6c, 0x69
.byte 0x74, 0x73, 0x79, 0x6e, 0x2f, 0x70, 0x69, 0x63, 0x6f, 0x2d, 0x73, 0x64, 0x6b, 0x2f, 0x73, 0x72
.byte 0x63, 0x2f, 0x63, 0x6f, 0x6d, 0x6d, 0x6f, 0x6e, 0x2f, 0x70, 0x69, 0x63, 0x6f, 0x5f, 0x74, 0x69
.byte 0x6d, 0x65, 0x2f, 0x74, 0x69, 0x6d, 0x65, 0x2e, 0x63, 0x00, 0x70, 0x61, 0x72, 0x65, 0x6e, 0x74
.byte 0x5f, 0x69, 0x64, 0x00, 0x70, 0x61, 0x72, 0x65, 0x6e, 0x74, 0x5f, 0x69, 0x64, 0x20, 0x21, 0x3d
.byte 0x20, 0x63, 0x68, 0x69, 0x6c, 0x64, 0x5f, 0x69, 0x64, 0x00, 0x69, 0x64, 0x20, 0x26, 0x26, 0x20
.byte 0x69, 0x64, 0x20, 0x3c, 0x3d, 0x20, 0x68, 0x65, 0x61, 0x70, 0x2d, 0x3e, 0x6d, 0x61, 0x78, 0x5f
.byte 0x6e, 0x6f, 0x64, 0x65, 0x73, 0x00, 0x2f, 0x55, 0x73, 0x65, 0x72, 0x73, 0x2f, 0x61, 0x6e, 0x64
.byte 0x72, 0x65, 0x79, 0x6b, 0x69, 0x73, 0x6c, 0x69, 0x74, 0x73, 0x79, 0x6e, 0x2f, 0x70, 0x69, 0x63
.byte 0x6f, 0x2d, 0x73, 0x64, 0x6b, 0x2f, 0x73, 0x72, 0x63, 0x2f, 0x63, 0x6f, 0x6d, 0x6d, 0x6f, 0x6e
.byte 0x2f, 0x70, 0x69, 0x63, 0x6f, 0x5f, 0x75, 0x74, 0x69, 0x6c, 0x2f, 0x69, 0x6e, 0x63, 0x6c, 0x75
.byte 0x64, 0x65, 0x2f, 0x70, 0x69, 0x63, 0x6f, 0x2f, 0x75, 0x74, 0x69, 0x6c, 0x2f, 0x70, 0x68, 0x65
.byte 0x61, 0x70, 0x2e, 0x68, 0x00, 0x41, 0x74, 0x74, 0x65, 0x6d, 0x70, 0x74, 0x65, 0x64, 0x20, 0x74
.byte 0x6f, 0x20, 0x73, 0x6c, 0x65, 0x65, 0x70, 0x20, 0x69, 0x6e, 0x73, 0x69, 0x64, 0x65, 0x20, 0x6f
.byte 0x66, 0x20, 0x61, 0x6e, 0x20, 0x65, 0x78, 0x63, 0x65, 0x70, 0x74, 0x69, 0x6f, 0x6e, 0x20, 0x68
.byte 0x61, 0x6e, 0x64, 0x6c, 0x65, 0x72, 0x3b, 0x20, 0x75, 0x73, 0x65, 0x20, 0x62, 0x75, 0x73, 0x79
.byte 0x5f, 0x77, 0x61, 0x69, 0x74, 0x20, 0x69, 0x66, 0x20, 0x79, 0x6f, 0x75, 0x20, 0x6d, 0x75, 0x73
.byte 0x74, 0x00, 0x75, 0x73, 0x5f, 0x73, 0x69, 0x6e, 0x63, 0x65, 0x5f, 0x62, 0x6f, 0x6f, 0x74, 0x20
.byte 0x3c, 0x3d, 0x20, 0x49, 0x4e, 0x54, 0x36, 0x34, 0x5f, 0x4d, 0x41, 0x58, 0x00, 0x2f, 0x55, 0x73
.byte 0x65, 0x72, 0x73, 0x2f, 0x61, 0x6e, 0x64, 0x72, 0x65, 0x79, 0x6b, 0x69, 0x73, 0x6c, 0x69, 0x74
.byte 0x73, 0x79, 0x6e, 0x2f, 0x70, 0x69, 0x63, 0x6f, 0x2d, 0x73, 0x64, 0x6b, 0x2f, 0x73, 0x72, 0x63
.byte 0x2f, 0x63, 0x6f, 0x6d, 0x6d, 0x6f, 0x6e, 0x2f, 0x70, 0x69, 0x63, 0x6f, 0x5f, 0x62, 0x61, 0x73
.byte 0x65, 0x2f, 0x69, 0x6e, 0x63, 0x6c, 0x75, 0x64, 0x65, 0x2f, 0x70, 0x69, 0x63, 0x6f, 0x2f, 0x74
.byte 0x79, 0x70, 0x65, 0x73, 0x2e, 0x68, 0x00, 0x75, 0x70, 0x64, 0x61, 0x74, 0x65, 0x5f, 0x75, 0x73
.byte 0x5f, 0x73, 0x69, 0x6e, 0x63, 0x65, 0x5f, 0x62, 0x6f, 0x6f, 0x74, 0x00, 0x68, 0x61, 0x72, 0x64
.byte 0x77, 0x61, 0x72, 0x65, 0x5f, 0x61, 0x6c, 0x61, 0x72, 0x6d, 0x5f, 0x73, 0x65, 0x74, 0x5f, 0x74
.byte 0x61, 0x72, 0x67, 0x65, 0x74, 0x00, 0x48, 0x61, 0x72, 0x64, 0x77, 0x61, 0x72, 0x65, 0x20, 0x61
.byte 0x6c, 0x61, 0x72, 0x6d, 0x20, 0x25, 0x64, 0x20, 0x61, 0x6c, 0x72, 0x65, 0x61, 0x64, 0x79, 0x20
.byte 0x63, 0x6c, 0x61, 0x69, 0x6d, 0x65, 0x64, 0x00, 0x74, 0x69, 0x6d, 0x65, 0x72, 0x5f, 0x68, 0x77
.byte 0x2d, 0x3e, 0x69, 0x6e, 0x74, 0x73, 0x20, 0x26, 0x20, 0x31, 0x75, 0x20, 0x3c, 0x3c, 0x20, 0x61
.byte 0x6c, 0x61, 0x72, 0x6d, 0x5f, 0x6e, 0x75, 0x6d, 0x00, 0x2f, 0x55, 0x73, 0x65, 0x72, 0x73, 0x2f
.byte 0x61, 0x6e, 0x64, 0x72, 0x65, 0x79, 0x6b, 0x69, 0x73, 0x6c, 0x69, 0x74, 0x73, 0x79, 0x6e, 0x2f
.byte 0x70, 0x69, 0x63, 0x6f, 0x2d, 0x73, 0x64, 0x6b, 0x2f, 0x73, 0x72, 0x63, 0x2f, 0x72, 0x70, 0x32
.byte 0x5f, 0x63, 0x6f, 0x6d, 0x6d, 0x6f, 0x6e, 0x2f, 0x68, 0x61, 0x72, 0x64, 0x77, 0x61, 0x72, 0x65
.byte 0x5f, 0x74, 0x69, 0x6d, 0x65, 0x72, 0x2f, 0x74, 0x69, 0x6d, 0x65, 0x72, 0x2e, 0x63, 0x00, 0x70
.byte 0x68, 0x5f, 0x67, 0x65, 0x74, 0x5f, 0x6e, 0x6f, 0x64, 0x65, 0x00, 0x70, 0x68, 0x5f, 0x61, 0x64
.byte 0x64, 0x5f, 0x63, 0x68, 0x69, 0x6c, 0x64, 0x5f, 0x6e, 0x6f, 0x64, 0x65, 0x00, 0x70, 0x68, 0x5f
.byte 0x72, 0x65, 0x6d, 0x6f, 0x76, 0x65, 0x5f, 0x61, 0x6e, 0x79, 0x5f, 0x68, 0x65, 0x61, 0x64, 0x00
.byte 0x70, 0x68, 0x5f, 0x72, 0x65, 0x6d, 0x6f, 0x76, 0x65, 0x5f, 0x61, 0x6e, 0x64, 0x5f, 0x66, 0x72
.byte 0x65, 0x65, 0x5f, 0x6e, 0x6f, 0x64, 0x65, 0x00, 0x6e, 0x65, 0x77, 0x5f, 0x73, 0x75, 0x62, 0x5f
.byte 0x74, 0x72, 0x65, 0x65, 0x20, 0x21, 0x3d, 0x20, 0x68, 0x65, 0x61, 0x70, 0x2d, 0x3e, 0x72, 0x6f
.byte 0x6f, 0x74, 0x5f, 0x69, 0x64, 0x00, 0x2f, 0x55, 0x73, 0x65, 0x72, 0x73, 0x2f, 0x61, 0x6e, 0x64
.byte 0x72, 0x65, 0x79, 0x6b, 0x69, 0x73, 0x6c, 0x69, 0x74, 0x73, 0x79, 0x6e, 0x2f, 0x70, 0x69, 0x63
.byte 0x6f, 0x2d, 0x73, 0x64, 0x6b, 0x2f, 0x73, 0x72, 0x63, 0x2f, 0x63, 0x6f, 0x6d, 0x6d, 0x6f, 0x6e
.byte 0x2f, 0x70, 0x69, 0x63, 0x6f, 0x5f, 0x75, 0x74, 0x69, 0x6c, 0x2f, 0x70, 0x68, 0x65, 0x61, 0x70
.byte 0x2e, 0x63, 0x00, 0x21, 0x70, 0x68, 0x5f, 0x67, 0x65, 0x74, 0x5f, 0x6e, 0x6f, 0x64, 0x65, 0x28
.byte 0x68, 0x65, 0x61, 0x70, 0x2c, 0x20, 0x72, 0x6f, 0x6f, 0x74, 0x5f, 0x69, 0x64, 0x29, 0x2d, 0x3e
.byte 0x73, 0x69, 0x62, 0x6c, 0x69, 0x6e, 0x67, 0x00, 0x21, 0x70, 0x68, 0x5f, 0x67, 0x65, 0x74, 0x5f
.byte 0x6e, 0x6f, 0x64, 0x65, 0x28, 0x68, 0x65, 0x61, 0x70, 0x2c, 0x20, 0x72, 0x6f, 0x6f, 0x74, 0x5f
.byte 0x69, 0x64, 0x29, 0x2d, 0x3e, 0x70, 0x61, 0x72, 0x65, 0x6e, 0x74, 0x00, 0x63, 0x6c, 0x6f, 0x63
.byte 0x6b, 0x5f, 0x63, 0x6f, 0x6e, 0x66, 0x69, 0x67, 0x75, 0x72, 0x65, 0x00, 0x73, 0x72, 0x63, 0x5f
.byte 0x66, 0x72, 0x65, 0x71, 0x20, 0x3e, 0x3d, 0x20, 0x66, 0x72, 0x65, 0x71, 0x00, 0x2f, 0x55, 0x73
.byte 0x65, 0x72, 0x73, 0x2f, 0x61, 0x6e, 0x64, 0x72, 0x65, 0x79, 0x6b, 0x69, 0x73, 0x6c, 0x69, 0x74
.byte 0x73, 0x79, 0x6e, 0x2f, 0x70, 0x69, 0x63, 0x6f, 0x2d, 0x73, 0x64, 0x6b, 0x2f, 0x73, 0x72, 0x63
.byte 0x2f, 0x72, 0x70, 0x32, 0x5f, 0x63, 0x6f, 0x6d, 0x6d, 0x6f, 0x6e, 0x2f, 0x68, 0x61, 0x72, 0x64
.byte 0x77, 0x61, 0x72, 0x65, 0x5f, 0x63, 0x6c, 0x6f, 0x63, 0x6b, 0x73, 0x2f, 0x63, 0x6c, 0x6f, 0x63
.byte 0x6b, 0x73, 0x2e, 0x63, 0x00, 0x70, 0x6c, 0x6c, 0x5f, 0x69, 0x6e, 0x69, 0x74, 0x00, 0x76, 0x63
.byte 0x6f, 0x5f, 0x66, 0x72, 0x65, 0x71, 0x20, 0x3e, 0x3d, 0x20, 0x28, 0x50, 0x49, 0x43, 0x4f, 0x5f
.byte 0x50, 0x4c, 0x4c, 0x5f, 0x56, 0x43, 0x4f, 0x5f, 0x4d, 0x49, 0x4e, 0x5f, 0x46, 0x52, 0x45, 0x51
.byte 0x5f, 0x4b, 0x48, 0x5a, 0x20, 0x2a, 0x20, 0x4b, 0x48, 0x5a, 0x29, 0x20, 0x26, 0x26, 0x20, 0x76
.byte 0x63, 0x6f, 0x5f, 0x66, 0x72, 0x65, 0x71, 0x20, 0x3c, 0x3d, 0x20, 0x28, 0x50, 0x49, 0x43, 0x4f
.byte 0x5f, 0x50, 0x4c, 0x4c, 0x5f, 0x56, 0x43, 0x4f, 0x5f, 0x4d, 0x41, 0x58, 0x5f, 0x46, 0x52, 0x45
.byte 0x51, 0x5f, 0x4b, 0x48, 0x5a, 0x20, 0x2a, 0x20, 0x4b, 0x48, 0x5a, 0x29, 0x00, 0x2f, 0x55, 0x73
.byte 0x65, 0x72, 0x73, 0x2f, 0x61, 0x6e, 0x64, 0x72, 0x65, 0x79, 0x6b, 0x69, 0x73, 0x6c, 0x69, 0x74
.byte 0x73, 0x79, 0x6e, 0x2f, 0x70, 0x69, 0x63, 0x6f, 0x2d, 0x73, 0x64, 0x6b, 0x2f, 0x73, 0x72, 0x63
.byte 0x2f, 0x72, 0x70, 0x32, 0x5f, 0x63, 0x6f, 0x6d, 0x6d, 0x6f, 0x6e, 0x2f, 0x68, 0x61, 0x72, 0x64
.byte 0x77, 0x61, 0x72, 0x65, 0x5f, 0x70, 0x6c, 0x6c, 0x2f, 0x70, 0x6c, 0x6c, 0x2e, 0x63, 0x00, 0x66
.byte 0x62, 0x64, 0x69, 0x76, 0x20, 0x3e, 0x3d, 0x20, 0x31, 0x36, 0x20, 0x26, 0x26, 0x20, 0x66, 0x62
.byte 0x64, 0x69, 0x76, 0x20, 0x3c, 0x3d, 0x20, 0x33, 0x32, 0x30, 0x00, 0x28, 0x70, 0x6f, 0x73, 0x74
.byte 0x5f, 0x64, 0x69, 0x76, 0x31, 0x20, 0x3e, 0x3d, 0x20, 0x31, 0x20, 0x26, 0x26, 0x20, 0x70, 0x6f
.byte 0x73, 0x74, 0x5f, 0x64, 0x69, 0x76, 0x31, 0x20, 0x3c, 0x3d, 0x20, 0x37, 0x29, 0x20, 0x26, 0x26
.byte 0x20, 0x28, 0x70, 0x6f, 0x73, 0x74, 0x5f, 0x64, 0x69, 0x76, 0x32, 0x20, 0x3e, 0x3d, 0x20, 0x31
.byte 0x20, 0x26, 0x26, 0x20, 0x70, 0x6f, 0x73, 0x74, 0x5f, 0x64, 0x69, 0x76, 0x32, 0x20, 0x3c, 0x3d
.byte 0x20, 0x37, 0x29, 0x00, 0x2c, 0x20, 0x66, 0x75, 0x6e, 0x63, 0x74, 0x69, 0x6f, 0x6e, 0x3a, 0x20
.byte 0x00, 0x61, 0x73, 0x73, 0x65, 0x72, 0x74, 0x69, 0x6f, 0x6e, 0x20, 0x22, 0x25, 0x73, 0x22, 0x20
.byte 0x66, 0x61, 0x69, 0x6c, 0x65, 0x64, 0x3a, 0x20, 0x66, 0x69, 0x6c, 0x65, 0x20, 0x22, 0x25, 0x73
.byte 0x22, 0x2c, 0x20, 0x6c, 0x69, 0x6e, 0x65, 0x20, 0x25, 0x64, 0x25, 0x73, 0x25, 0x73, 0x0a, 0x00
.byte 0x72, 0x75, 0x6e, 0x74, 0x69, 0x6d, 0x65, 0x5f, 0x69, 0x6e, 0x69, 0x74, 0x00, 0x0a, 0x2a, 0x2a
.byte 0x2a, 0x20, 0x50, 0x41, 0x4e, 0x49, 0x43, 0x20, 0x2a, 0x2a, 0x2a, 0x0a, 0x00, 0x31, 0x20, 0x3d
.byte 0x3d, 0x20, 0x28, 0x75, 0x69, 0x6e, 0x74, 0x70, 0x74, 0x72, 0x5f, 0x74, 0x29, 0x6c, 0x2d, 0x3e
.byte 0x73, 0x70, 0x69, 0x6e, 0x5f, 0x6c, 0x6f, 0x63, 0x6b, 0x00, 0x2f, 0x55, 0x73, 0x65, 0x72, 0x73
.byte 0x2f, 0x61, 0x6e, 0x64, 0x72, 0x65, 0x79, 0x6b, 0x69, 0x73, 0x6c, 0x69, 0x74, 0x73, 0x79, 0x6e
.byte 0x2f, 0x70, 0x69, 0x63, 0x6f, 0x2d, 0x73, 0x64, 0x6b, 0x2f, 0x73, 0x72, 0x63, 0x2f, 0x72, 0x70
.byte 0x32, 0x5f, 0x63, 0x6f, 0x6d, 0x6d, 0x6f, 0x6e, 0x2f, 0x70, 0x69, 0x63, 0x6f, 0x5f, 0x72, 0x75
.byte 0x6e, 0x74, 0x69, 0x6d, 0x65, 0x2f, 0x72, 0x75, 0x6e, 0x74, 0x69, 0x6d, 0x65, 0x2e, 0x63, 0x00
.byte 0x66, 0x6e, 0x69, 0x00, 0x66, 0x6e, 0x69, 0x2b, 0x00, 0x6e, 0x61, 0x6e, 0x00, 0x66, 0x6e, 0x69
.byte 0x2d, 0x00, 0x00, 0x00, 0x00, 0x00, 0x00, 0x00, 0x00, 0x00, 0x00, 0x00, 0x00, 0x00, 0xf0, 0x3f
.byte 0x00, 0x00, 0x00, 0x00, 0x00, 0x00, 0x24, 0x40, 0x00, 0x00, 0x00, 0x00, 0x00, 0x00, 0x59, 0x40
.byte 0x00, 0x00, 0x00, 0x00, 0x00, 0x40, 0x8f, 0x40, 0x00, 0x00, 0x00, 0x00, 0x00, 0x88, 0xc3, 0x40
.byte 0x00, 0x00, 0x00, 0x00, 0x00, 0x6a, 0xf8, 0x40, 0x00, 0x00, 0x00, 0x00, 0x80, 0x84, 0x2e, 0x41
.byte 0x00, 0x00, 0x00, 0x00, 0xd0, 0x12, 0x63, 0x41, 0x00, 0x00, 0x00, 0x00, 0x84, 0xd7, 0x97, 0x41
.byte 0x00, 0x00, 0x00, 0x00, 0x65, 0xcd, 0xcd, 0x41, 0x2a, 0x28, 0x28, 0x75, 0x69, 0x6e, 0x74, 0x38
.byte 0x5f, 0x74, 0x20, 0x2a, 0x29, 0x72, 0x6f, 0x6d, 0x5f, 0x64, 0x61, 0x74, 0x61, 0x5f, 0x6c, 0x6f
.byte 0x6f, 0x6b, 0x75, 0x70, 0x28, 0x72, 0x6f, 0x6d, 0x5f, 0x74, 0x61, 0x62, 0x6c, 0x65, 0x5f, 0x63
.byte 0x6f, 0x64, 0x65, 0x28, 0x27, 0x53, 0x27, 0x2c, 0x20, 0x27, 0x46, 0x27, 0x29, 0x29, 0x2d, 0x32
.byte 0x29, 0x20, 0x2a, 0x20, 0x34, 0x20, 0x3e, 0x3d, 0x20, 0x53, 0x46, 0x5f, 0x54, 0x41, 0x42, 0x4c
.byte 0x45, 0x5f, 0x56, 0x32, 0x5f, 0x53, 0x49, 0x5a, 0x45, 0x00, 0x2f, 0x55, 0x73, 0x65, 0x72, 0x73
.byte 0x2f, 0x61, 0x6e, 0x64, 0x72, 0x65, 0x79, 0x6b, 0x69, 0x73, 0x6c, 0x69, 0x74, 0x73, 0x79, 0x6e
.byte 0x2f, 0x70, 0x69, 0x63, 0x6f, 0x2d, 0x73, 0x64, 0x6b, 0x2f, 0x73, 0x72, 0x63, 0x2f, 0x72, 0x70
.byte 0x32, 0x5f, 0x63, 0x6f, 0x6d, 0x6d, 0x6f, 0x6e, 0x2f, 0x70, 0x69, 0x63, 0x6f, 0x5f, 0x64, 0x6f
.byte 0x75, 0x62, 0x6c, 0x65, 0x2f, 0x64, 0x6f, 0x75, 0x62, 0x6c, 0x65, 0x5f, 0x69, 0x6e, 0x69, 0x74
.byte 0x5f, 0x72, 0x6f, 0x6d, 0x2e, 0x63, 0x00, 0x5f, 0x5f, 0x61, 0x65, 0x61, 0x62, 0x69, 0x5f, 0x64
.byte 0x6f, 0x75, 0x62, 0x6c, 0x65, 0x5f, 0x69, 0x6e, 0x69, 0x74, 0x00, 0x6d, 0x69, 0x73, 0x73, 0x69
.byte 0x6e, 0x67, 0x20, 0x64, 0x6f, 0x75, 0x62, 0x6c, 0x65, 0x20, 0x66, 0x75, 0x6e, 0x63, 0x74, 0x69
.byte 0x6f, 0x6e, 0x00, 0x2a, 0x28, 0x28, 0x75, 0x69, 0x6e, 0x74, 0x38, 0x5f, 0x74, 0x20, 0x2a, 0x29
.byte 0x72, 0x6f, 0x6d, 0x5f, 0x74, 0x61, 0x62, 0x6c, 0x65, 0x2d, 0x32, 0x29, 0x20, 0x2a, 0x20, 0x34
.byte 0x20, 0x3e, 0x3d, 0x20, 0x53, 0x46, 0x5f, 0x54, 0x41, 0x42, 0x4c, 0x45, 0x5f, 0x56, 0x32, 0x5f
.byte 0x53, 0x49, 0x5a, 0x45, 0x00, 0x2f, 0x55, 0x73, 0x65, 0x72, 0x73, 0x2f, 0x61, 0x6e, 0x64, 0x72
.byte 0x65, 0x79, 0x6b, 0x69, 0x73, 0x6c, 0x69, 0x74, 0x73, 0x79, 0x6e, 0x2f, 0x70, 0x69, 0x63, 0x6f
.byte 0x2d, 0x73, 0x64, 0x6b, 0x2f, 0x73, 0x72, 0x63, 0x2f, 0x72, 0x70, 0x32, 0x5f, 0x63, 0x6f, 0x6d
.byte 0x6d, 0x6f, 0x6e, 0x2f, 0x70, 0x69, 0x63, 0x6f, 0x5f, 0x66, 0x6c, 0x6f, 0x61, 0x74, 0x2f, 0x66
.byte 0x6c, 0x6f, 0x61, 0x74, 0x5f, 0x69, 0x6e, 0x69, 0x74, 0x5f, 0x72, 0x6f, 0x6d, 0x2e, 0x63, 0x00
.byte 0x5f, 0x5f, 0x61, 0x65, 0x61, 0x62, 0x69, 0x5f, 0x66, 0x6c, 0x6f, 0x61, 0x74, 0x5f, 0x69, 0x6e
.byte 0x69, 0x74, 0x00, 0x06, 0x00, 0x52, 0x50, 0xbb, 0xff, 0x3c, 0xb6, 0x3b, 0x4d, 0x00, 0x20, 0x06
.byte 0x00, 0x52, 0x50, 0xe1, 0x82, 0x88, 0x7f, 0x27, 0x4d, 0x00, 0x20, 0x06, 0x00, 0x52, 0x50, 0xd3
.byte 0xf0, 0x75, 0x42, 0x1f, 0x4d, 0x00, 0x20, 0x52, 0x65, 0x6c, 0x65, 0x61, 0x73, 0x65, 0x00, 0x62
.byte 0x6f, 0x6f, 0x74, 0x32, 0x5f, 0x77, 0x32, 0x35, 0x71, 0x30, 0x38, 0x30, 0x00, 0x31, 0x2e, 0x35
.byte 0x2e, 0x31, 0x00, 0x61, 0x72, 0x64, 0x75, 0x69, 0x6e, 0x6f, 0x5f, 0x6e, 0x61, 0x6e, 0x6f, 0x5f
.byte 0x72, 0x70, 0x32, 0x30, 0x34, 0x30, 0x5f, 0x63, 0x6f, 0x6e, 0x6e, 0x65, 0x63, 0x74, 0x00, 0x62
.byte 0x6f, 0x6f, 0x74, 0x6c, 0x6f, 0x61, 0x64, 0x65, 0x72, 0x00, 0x4d, 0x61, 0x79, 0x20, 0x20, 0x35
.byte 0x20, 0x32, 0x30, 0x32, 0x36, 0x00, 0x75, 0x70, 0x64, 0x61, 0x74, 0x65, 0x5f, 0x75, 0x73, 0x5f
.byte 0x73, 0x69, 0x6e, 0x63, 0x65, 0x5f, 0x62, 0x6f, 0x6f, 0x74, 0x00, 0x0d, 0x0a, 0x4e, 0x6f, 0x20
.byte 0x44, 0x4d, 0x41, 0x20, 0x63, 0x68, 0x61, 0x6e, 0x6e, 0x65, 0x6c, 0x73, 0x20, 0x61, 0x72, 0x65
.byte 0x20, 0x61, 0x76, 0x61, 0x69, 0x6c, 0x61, 0x62, 0x6c, 0x65, 0x00, 0x66, 0x6c, 0x61, 0x73, 0x68
.byte 0x5f, 0x72, 0x61, 0x6e, 0x67, 0x65, 0x5f, 0x65, 0x72, 0x61, 0x73, 0x65, 0x00, 0x66, 0x6c, 0x61
.byte 0x73, 0x68, 0x5f, 0x72, 0x61, 0x6e, 0x67, 0x65, 0x5f, 0x70, 0x72, 0x6f, 0x67, 0x72, 0x61, 0x6d
.byte 0x00, 0x66, 0x6c, 0x61, 0x73, 0x68, 0x5f, 0x6f, 0x66, 0x66, 0x73, 0x20, 0x2b, 0x20, 0x63, 0x6f
.byte 0x75, 0x6e, 0x74, 0x20, 0x3c, 0x3d, 0x20, 0x50, 0x49, 0x43, 0x4f, 0x5f, 0x46, 0x4c, 0x41, 0x53
.byte 0x48, 0x5f, 0x53, 0x49, 0x5a, 0x45, 0x5f, 0x42, 0x59, 0x54, 0x45, 0x53, 0x00, 0x2f, 0x55, 0x73
.byte 0x65, 0x72, 0x73, 0x2f, 0x61, 0x6e, 0x64, 0x72, 0x65, 0x79, 0x6b, 0x69, 0x73, 0x6c, 0x69, 0x74
.byte 0x73, 0x79, 0x6e, 0x2f, 0x70, 0x69, 0x63, 0x6f, 0x2d, 0x73, 0x64, 0x6b, 0x2f, 0x73, 0x72, 0x63
.byte 0x2f, 0x72, 0x70, 0x32, 0x5f, 0x63, 0x6f, 0x6d, 0x6d, 0x6f, 0x6e, 0x2f, 0x68, 0x61, 0x72, 0x64
.byte 0x77, 0x61, 0x72, 0x65, 0x5f, 0x66, 0x6c, 0x61, 0x73, 0x68, 0x2f, 0x66, 0x6c, 0x61, 0x73, 0x68
.byte 0x2e, 0x63, 0x00, 0x63, 0x6f, 0x6e, 0x6e, 0x65, 0x63, 0x74, 0x5f, 0x69, 0x6e, 0x74, 0x65, 0x72
.byte 0x6e, 0x61, 0x6c, 0x5f, 0x66, 0x6c, 0x61, 0x73, 0x68, 0x20, 0x26, 0x26, 0x20, 0x66, 0x6c, 0x61
.byte 0x73, 0x68, 0x5f, 0x65, 0x78, 0x69, 0x74, 0x5f, 0x78, 0x69, 0x70, 0x20, 0x26, 0x26, 0x20, 0x66
.byte 0x6c, 0x61, 0x73, 0x68, 0x5f, 0x72, 0x61, 0x6e, 0x67, 0x65, 0x5f, 0x65, 0x72, 0x61, 0x73, 0x65
.byte 0x20, 0x26, 0x26, 0x20, 0x66, 0x6c, 0x61, 0x73, 0x68, 0x5f, 0x66, 0x6c, 0x75, 0x73, 0x68, 0x5f
.byte 0x63, 0x61, 0x63, 0x68, 0x65, 0x00, 0x63, 0x6f, 0x6e, 0x6e, 0x65, 0x63, 0x74, 0x5f, 0x69, 0x6e
.byte 0x74, 0x65, 0x72, 0x6e, 0x61, 0x6c, 0x5f, 0x66, 0x6c, 0x61, 0x73, 0x68, 0x20, 0x26, 0x26, 0x20
.byte 0x66, 0x6c, 0x61, 0x73, 0x68, 0x5f, 0x65, 0x78, 0x69, 0x74, 0x5f, 0x78, 0x69, 0x70, 0x20, 0x26
.byte 0x26, 0x20, 0x66, 0x6c, 0x61, 0x73, 0x68, 0x5f, 0x72, 0x61, 0x6e, 0x67, 0x65, 0x5f, 0x70, 0x72
.byte 0x6f, 0x67, 0x72, 0x61, 0x6d, 0x20, 0x26, 0x26, 0x20, 0x66, 0x6c, 0x61, 0x73, 0x68, 0x5f, 0x66
.byte 0x6c, 0x75, 0x73, 0x68, 0x5f, 0x63, 0x61, 0x63, 0x68, 0x65, 0x00, 0x63, 0x6f, 0x6e, 0x6e, 0x65
.byte 0x63, 0x74, 0x5f, 0x69, 0x6e, 0x74, 0x65, 0x72, 0x6e, 0x61, 0x6c, 0x5f, 0x66, 0x6c, 0x61, 0x73
.byte 0x68, 0x20, 0x26, 0x26, 0x20, 0x66, 0x6c, 0x61, 0x73, 0x68, 0x5f, 0x65, 0x78, 0x69, 0x74, 0x5f
.byte 0x78, 0x69, 0x70, 0x20, 0x26, 0x26, 0x20, 0x66, 0x6c, 0x61, 0x73, 0x68, 0x5f, 0x66, 0x6c, 0x75
.byte 0x73, 0x68, 0x5f, 0x63, 0x61, 0x63, 0x68, 0x65, 0x00, 0x00, 0x00, 0x00, 0x10, 0x00, 0x00, 0x00
.byte 0x00, 0x00, 0x00, 0x00, 0x00, 0x00, 0x01, 0x00, 0x00, 0x00, 0x00, 0x00, 0x00, 0x00, 0x00, 0x00
.byte 0x00, 0x00, 0x02, 0x00, 0x00, 0x00, 0x00, 0x00, 0x00, 0x00, 0x00, 0x00, 0x00, 0x00, 0x03, 0x00
.byte 0x00, 0x00, 0x00, 0x00, 0x00, 0x00, 0x00, 0x00, 0x00, 0x00, 0xff, 0x00, 0x00, 0x00, 0x00, 0x00
.byte 0x01, 0xb5, 0x48, 0x68, 0x01, 0x31, 0x8e, 0x46, 0x00, 0x47, 0x70, 0x46, 0x09, 0x38, 0x01, 0x49
.byte 0x88, 0x47, 0x01, 0xbd, 0x5d, 0x0c, 0x00, 0x20, 0x88, 0x4f, 0x00, 0x20, 0x00, 0x00, 0x00, 0x00
.byte 0xe0, 0x4f, 0x00, 0x20, 0x6c, 0x52, 0x00, 0x20, 0x00, 0x00, 0x00, 0x00, 0x00, 0x00, 0x00, 0x00
.byte 0x7c, 0x52, 0x00, 0x20, 0x00, 0x00, 0x00, 0x00, 0x00, 0x00, 0x00, 0x00, 0x10, 0x00, 0x00, 0x00
.byte 0x00, 0x00, 0x00, 0x00, 0x00, 0x00, 0x00, 0x00, 0x50, 0x33, 0x00, 0x00, 0x4c, 0x33, 0x00, 0x00
.byte 0x54, 0x33, 0x00, 0x00, 0x52, 0x33, 0x00, 0x00, 0x4d, 0x53, 0x00, 0x00, 0x4d, 0x43, 0x00, 0x00
.byte 0x53, 0x34, 0x00, 0x00, 0x43, 0x34, 0x00, 0x00, 0x00, 0x00, 0x00, 0x00, 0x00, 0x00, 0x00, 0x00
.byte 0xbd, 0x38, 0x00, 0x20, 0x3d, 0x30, 0x00, 0x20, 0x0d, 0x37, 0x00, 0x20, 0x3d, 0x38, 0x00, 0x20
.byte 0xed, 0x00, 0x00, 0x20, 0x89, 0x3b, 0x00, 0x20
