:020000041000EA
:1000000000B5324B212058609868022188439860DF
:10001000D860186158612E4B002199600221596106
:100020000121F02299502B49196001219960352056
:1000300000F044F80222904214D00621196600F024
:1000400034F8196E01211966002018661A6600F04E
:100050002CF8196E196E196E052000F02FF8012189
:100060000842F9D1002199601B49196000215960AB
:100070001A491B48016001219960EB211966A021F2
:10008000196600F012F800219960164914480160C1
:100090000121996001BC002800D000471248134993
:1000A000086003C880F30888084703B5996A0420EC
:1000B0000142FBD001200142F8D103BD02B5186610
:1000C0001866FFF7F2FF186E186E02BD00000240BE
:1000D000000000180000070000035F00212200005C
:1000E000F4000018222000A00001001008ED00E03C
:1000F00000000000000000000000000074B24E7A12
:1001000000200420F7010010C3010010C5010010F9
:10011000C1010010C1010010C1010010C101001097
:10012000C1010010C1010010C1010010C701001081
:10013000C1010010C1010010C9010010CB01001065
:10014000CD010010CD010010CD010010CD01001037
:10015000CD010010CD010010CD010010CD01001027
:10016000CD010010CD010010CD010010CD01001017
:10017000CD010010CD010010CD010010CD01001007
:10018000CD010010CD010010CD010010CD010010F7
:10019000CD010010CD010010CD010010CD010010E7
:1001A000CD010010CD010010CD010010CD010010D7
:1001B000CD010010CD010010CD010010CD010010C7
:1001C00000BE00BE00BE00BE00BE00BEEFF3058054
:1001D000103800BEF2EB8871D8020010F402001053
:1001E0003402001090A31AE700202249086006C8D4
:1001F00081F30888104720480068002835D10DA4F5
:100200000ECC002902D000F012F8F9E71B491C4A75
:10021000002000E001C19142FCD11A4988471A49E7
:1002200088471A49884700BEFDE701C901C29A42C2
:10023000FBD37047F4020010C0000020643C002093
:10024000983E0010703C0020E04F00200852001043
:1002500000000420000004200852001000100420B8
:1002600000100420000000007047094800F014F856
:100270000047000008ED00E0000000D0E04F002043
:10028000B854002095200020690500205D20002042
:10029000575600000000000001B40248844601BC2B
:1002A000604700BF4D30002006005250ABB3605392
:1002B000354D002006005250861C0302574D002089
:1002C000060052505422A29D624D0020050052505B
:1002D000DE65F46808520010CC020010C002001065
:1002E000B4020010FB4C0020A8020010074D0020B3
:1002F000134D0020F8B5C04610B5064C2378002BEE
:1003000007D1054B002B02D0044800E000BF0123B9
:10031000237010BDE050002000000000643C00206D
:10032000044B10B5002B03D00349044800E000BF84
:1003300010BDC04600000000E4500020643C0020D6
:10034000004870475049434F43688020C0008342B3
:1003500004D8002008600248136070470148FCE799
:100360004F4B4F4B455252210368406803430320D3
:10037000034003D102480B60136070470148FCE75B
:100380004F4B4F4B4552522110B5FFF7EDFF10BDBB
:1003900030B503680A4CA34210D94068094C1D18B7
:1003A000A5420BD80343DBB2002B07D18024E40025
:1003B000A04203D808600448136030BD0348FCE73E
:1003C000FF6F0010FFFFFF104F4B4F4B4552522164
:1003D000074B08481360084B536080235B01936010
:1003E00080235B00D3608023DB0013617047C0462D
:1003F000007000104F4B4F4B0090FF00002302484D
:100400000B6013607047C0464F4B4F4B80210A4B27
:100410000268C90510B51960084B002A09D0084ABE
:100420001A62084A5A6200221100100001F0FAFE16
:10043000FEE71A62F6E7C04600B0054000800540BE
:100440000DF005B1F20FFA4E03680B4A10B5934256
:100450000FD94168094A581890420AD81A000A432D
:10046000120506D1F0221206981803F0D5FD0448B3
:1004700010BD0448FCE7C046FF5F0010FFFFFF10FF
:100480004F4B4F4B4552522110B506C8180003F090
:100490003DFB014810BDC0464F4B4F4B102210B5DD
:1004A000054B4118884200D110BD9C691442FCD113
:1004B0001C6804700130F5E700400340202210B5AD
:1004C000054B4118884200D110BD9C691442FCD1F3
:1004D000047801301C60F5E70040034010B50C289B
:1004E00005D9054B054AC321054801F0D5FE054B4A
:1004F000C002184310BDC0462C400020343F0020ED
:100500004940002019801F00F0B5060085B0012089
:10051000019103F03BFC0400FFF7E0FF2C2398431C
:10052000204BA0220343009301218723D205DB0047
:100530004942D1501C4BA101C818802380279B0140
:1005400003433F041F601E27184B89181B689C46F5
:1005500063001F4021233B4367467B40DB05144F6C
:10056000DB0D3B60134BD758BC4680276546FF0028
:100570002F43019DD750AD080E6003AE4E608D60D5
:10058000009DCD6080256D0401682940FCD1872045
:10059000C00015582000D15003F0F0FBE84305B02F
:1005A000F0BDC04618008000100000503404005018
:1005B000341400503404000070B50568040041682C
:1005C0002800FFF7A1FFA268030000209A420DD186
:1005D000074B2A689A4209D96A6823689A4205D368
:1005E00061685B189A4201D80130104070BDC04666
:1005F000FFFFFF1F10B50400C2B0F422002105A8C0
:1006000003F07EFAA16823680191049103216268D6
:1006100002930392DBB20A40134319D102A8FFF7F9
:10062000CBFF002814D08021C0204901C00103F075
:10063000F3FC8022C020520002A9C00103F040FD5B
:1006400080220649520002A803F0C8FB002802D00D
:10065000034842B010BD0348FBE7C04600600010ED
:10066000455252214F4B4F4BF0231B0670B530C8FB
:100670001600E0182A0003F023FD29002000FFF7F0
:1006800043FF3060004870BD4F4B4F4B10B5416881
:1006900000681400FFF738FF2060014810BDC04615
:1006A0004F4B4F4BF0B5036885B0456801201600ED
:1006B000009303F06BFB0400FFF710FF2C2398431B
:1006C0001D4BA0210343019387230022C905DB00B2
:1006D000CA501A4BA201D018802380279B010343E4
:1006E0003F041F601E27164B52181B68AD089C461E
:1006F00063001F40E223FF333B4367467B40DB053B
:10070000104FDB0D3B60009B136003AB5360019BFC
:100710009560D36080220D00520403681340FCD121
:10072000094A2000AB5003F029FB8723DB00EB587C
:100730000648336005B0F0BD18008000100000507E
:100740003404005034140050340400004F4B4F4B1D
:1007500001210C4A13688B43136001230A4A5B4250
:10076000D367C022094952008B50094B094A0A49F4
:100770001A6003685A688B601B6883F30888104707
:10078000FEE7C04610E000E004E100E000E100E028
:1007900000E00040BFEDFBFF00ED00E0F0B58DB0E4
:1007A00000AF182000F054F900220121182000F0B9
:1007B00039F9D024802324065B04A3620A2000F0C8
:1007C000E5FF774A7749106A0023884204D1536ACB
:1007D000754A9B185A4253416268D2011FD5002BBB
:1007E0001DD1724C2000FFF7E7FE002817D0012032
:1007F0006F4923680A6882430A6001226D495242A8
:10080000CA67C0216C48490042506C4A6C4911606B
:100810006C495A688B601B6883F308881047E12194
:10082000694C4902200001F0FDFA0221002000F08D
:10083000E3F80221012000F0DFF8C022236B12024E
:100840001340624A62481360624B19219D446B4613
:10085000BB60FFF733FE00200528FDD803F0B2FA95
:10086000032830526D9200245B4B7B617B60260035
:100870000823F918CB189D1901212800FFF70EFE57
:1008800008220C23BA18D3189B5D2A7800269A42B6
:100890000CD10134042CEAD13B697A6893420DD023
:1008A0004E4B4F4A4F49504801F0F6FC3400DFE709
:1008B0000823FA180421D018FFF7F0FD0220CDE735
:1008C000002214203969494C030053431B191D6849
:1008D000A94211D1BA68FB60101D7A605A689B6802
:1008E00091009B004218C318B8613862FA617B62BC
:1008F000FFF7D4FD0320B1E701320A2AE4D13C4BD3
:100900007B6110E0FB68DB68002B0ED008202422FE
:1009100039188A18202138184118B8699847344B7B
:100920007861984203D1052098E7BB62FB62F869C1
:10093000B96AFFF7B3FD042090E7FC682569002D34
:100940001DD07B6A3A6AF969B869A847284B786173
:100950009842E8D0A468FB6A0134A400E418BB689C
:1009600008217B600C237918C9180422786803F0E9
:10097000CDF8B8682100FFF7A1FD01206EE71D4BFF
:100980007B61E7E708210C237918C9180422B868AD
:1009900003F0BCF8B8680421FFF790FD00205DE784
:1009A000008005400DF005B10EF005B100600010AB
:1009B00010E000E004E100E000E100E000E00040C1
:1009C000BFEDFBFF00ED00E000400340305003406E
:1009D0009C400020E8FBFFFF53594E43B6400020E7
:1009E000503F00204B020000CE400020643F00201A
:1009F000455252214F4B4F4B084B8200D218402397
:100A000010B51468C0006340C024234080246401F2
:100A100022431360024BC018416010BD04C0014066
:100A200000400140094B8000C0184B1E9941531EE5
:100A30009A41C900036892001143594080230C2257
:100A40005B011140184301607047C04604C001407B
:100A50000123D022834010B51206936205219361D1
:100A6000FFF7CAFF10BD0000024B18688007C00FD7
:100A70007047C04600C00640EFF3108072B6034ACC
:100A80001368002BFCD0BFF35F8F70472C0100D0A0
:100A9000BFF35F8F0022024B1A6080F3108870470B
:100AA0002C0100D0CB080722C35C012011408840F4
:100AB0001840431E9841C0B27047F8B505000C00BD
:100AC0001700FFF7D9FF210006002800FFF7EAFF13
:100AD000002803D02100380001F070FCE308ED1875
:100AE00007231C40063BA3402A78300013432B7099
:100AF000FFF7CEFFF8BDF7B50500019114001F0008
:100B0000FFF7BAFF0600BC4202D9012464420EE09E
:100B100021002800FFF7C6FF002813D1E3080722B1
:100B2000ED180123224093402A7813432B703000A4
:100B3000FFF7AEFF002C07DA019B002B04D00898CA
:100B400001F03CFC0134DEE72000FEBD70B504007E
:100B50000D00FFF791FF290006002000FFF7A2FF1C
:100B6000002805D1094B0A4A33210A4801F094FBB9
:100B7000EB08E418072301221D40AA402378300027
:100B800093432370FFF784FF70BDC04640410020AF
:100B9000314100205F4100200021044B044ABFF393
:100BA0005F8F02C39342FAD17047C046000100D064
:100BB000800100D0044A1078431CDBB2172B01D807
:100BC000137070471023FBE7244F0020074B1030B1
:100BD0009B688000C150BFF35F8FBFF35F8F002120
:100BE000034B196082F310887047C04600ED00E0A7
:100BF000240100D0038810B5DA0A1C2A05D0054B61
:100C0000054AB121054801F047FB5B051B1504337C
:100C1000C01810BD04430020E24100201943002009
:100C20000A4B091A0A4A081FC91810B5914201D87F
:100C3000C30705D5074B084AA321084801F02CFB40
:100C4000E0230005400D1B02184310BDFC07000007
:100C5000FE0F0000D4420020BF41002019430020B5
:100C600001228240034B1B681340581E8341D8B2B7
:100C70007047C04600E100E0002904D0034B186033
:100C8000034B18607047034BFBE7C04680E200E06F
:100C900000E100E080E100E00123834010B518008E
:100CA000FFF7EAFF10BD0000024B10309B68800088
:100CB000C058704700ED00E070B504000D00EFF380
:100CC000108672B60C4A1368002BFCD0BFF35F8FFE
:100CD0002000FFF7E9FF094B984207D0A84205D052
:100CE000074B084A8621084801F0D6FA320029004D
:100CF0002000FFF76BFF70BD240100D0CD01001074
:100D00009E420020A541002019430020F0B585B087
:100D100001900F00EFF3108372B64C4A02931368F0
:100D2000002BFCD0BFF35F8F494B019C9B681034B4
:100D3000A200D658474B9E4265D0BE4200D17FE00C
:100D4000454BF31A2F2B5ED80198FFF789FF00213E
:100D500003900198FFF7A0FFBFF35F8FEFF30582C9
:100D6000002A06D0944204D036213C4B3C4AFF3145
:100D70005DE0012334000C219C438C46002336485F
:100D80000625A1686557B94214D1002D19DA002A49
:100D900044D1002B40D0FF329A71324A9A80324AB5
:100DA0002D491378A371314B641A644163431B0DC1
:100DB000137024E0002D45DB63465D432300441996
:100DC000DEE70C206843244F3B189A68A260DA796A
:100DD000E2719B795BB2A371002B1BDB0430C0195D
:100DE000FFF708FF231D01001800FFF719FF0C2370
:100DF0006B43FF181C4BA0801A781D70BA710399C1
:100E00000198FFF749FF029A31000198FFF7DEFED3
:100E100005B0F0BD1648EAE70E4EC0E7154B1B1BA8
:100E2000083B5A081B0B05D0AB21134B134A14483F
:100E300001F032FA134BA380134B1343E380DEE738
:100E40001E00E0E7114B064A6A2190E7240100D01A
:100E500000ED00E0CD010010284F00205642002098
:100E6000F141002001BDFFFFAC520020AAAA000002
:100E700001BD0000624F002088420020CB410020CD
:100E80001943002000F0FFFF00F8FFFF9842002008
:100E9000F8B50125294A0543AB1A2F2B04D9C721E0
:100EA000274B284A490007E0EFF30581002906D1C6
:100EB0009221254B234AFF31244801F0EDF9EFF34D
:100EC000108772B6224B9C461C68002CFCD0BFF3E6
:100ED0005F8F204B0400A41A644163431B0D1E4C1A
:100EE0008900A4685BB2645826000024AE420FD18A
:100EF000194A1A4C92685450194A1178137081712A
:100F0000BFF35F8F00236246136087F31088F8BD3C
:100F100006215156994208D10C225443074A14190C
:100F2000FF22A2710F4AA280E6E701340C32042CA2
:100F3000EED10D4B034AD121B4E7C046284F002023
:100F40001E42002004420020464200201943002097
:100F5000240100D0AAAA000000ED00E0CD0100109D
:100F6000AC52002001BDFFFF50420020054B064A55
:100F70001360064A136053609360D360136153613A
:100F8000936170478080808000E400E004E400E02A
:100F9000024BC918890001607047C0464000003408
:100FA00010B50400FFF706FE01002000FFF7F0FF78
:100FB000FF232371BFF35F8F10BD10B50400FFF74F
:100FC000F9FD01002000FFF7E3FFFF23A380BFF33B
:100FD0005F8F10BD30B5084D01226C6A00238C4232
:100FE00006D3AD6A1300854202D20B1B591E8B41FA
:100FF0001340180030BDC046004005400A4B186839
:10100000EFF3108272B601680029FCD0BFF35F8F46
:101010001B68BFF35F8F0021196082F3108840BF07
:10102000002000217047C0465452002070B50C00CB
:101030000500080000F022FD0949200000F064FCD2
:10104000FFF7B8FD074B2C75C018D0231B061B6893
:1010500080006B75044BA4006860E55070BDC0460D
:1010600095100020400000344052002010B50029A7
:1010700003D003681B7B8B4205D2064B064A3C21FA
:10108000064801F009F9064B8068C91809014018A3
:1010900010BDC046C445002049440020E64500205C
:1010A000FFFFFF0F70B516000500FFF7DFFF3100EF
:1010B00004002800FFF7DAFF6268416801239142CB
:1010C00005D803D101682268914200D80023D8B224
:1010D00070BD000010B5034B034A3F21034801F0E7
:1010E000DBF8C046FA4600200944002015470020DE
:1010F00010B5040000F0CCFB002901DAFFF7EAFF8D
:1011000020606160200010BD10B5002902D0037B73
:101110008B4205D2054B064A6821064801F0BCF80F
:1011200003234B430068033BC01810BD4246002018
:101130001E4400205E46002010B5427B01238A42F7
:1011400004D0FFF7E1FF8378581E8341180010BDDB
:10115000F8B507000D001400FFF7D6FF0600002DBC
:1011600005D16F210E4B0F4A0F4801F095F8002C66
:1011700003D10E4B0B4A7021F6E7A54203D10C4B6D
:10118000084A7121F0E721003800FFF7BDFF8570A4
:101190003378002B01D13470F8BD4370FBE7C046B3
:1011A000224600202A4400205E46002039460020C6
:1011B0002C460020F0B585B0009201930CAB1C7852
:1011C0000DAB1B78070003930568002C0BD02100A2
:1011D0002800FFF7B1FF002815D02C4B2C4A6721BF
:1011E0002C4801F059F8AC7B002C44D02100280099
:1011F000FFF78AFF4378AB73002B00D1EB7300231A
:1012000083704370037021003800FFF72FFF009AAE
:10121000019B026043600A9B210083600B9BC360BB
:101220002800FFF771FF00238370437003706E7B0B
:101230009E4228D022003100A8686B689847002899
:101240001CD0220031002800FFF782FF6E73A642F7
:1012500011D1009A019B387D00F0A0FB051E06D03D
:10126000039B002B03D12100386800F031FD0E9B59
:10127000002B00D01D70200005B0F0BD3200210011
:101280002800FFF765FF2600E0E7C046C3440020C2
:101290007C440020E645002010B5002903D00368F7
:1012A0001B7B8B4205D2054B054A4121054800F0C6
:1012B000F3FFC0680139401810BDC046C445002086
:1012C00053440020E64500200023F0B593B00A9374
:1012D000774B8200D6580E9010A8FFF709FF109B9D
:1012E000119C726808930994EFF3108572B6136825
:1012F000002BFCD0BFF35F8F33685F7B0793002F19
:101300006BD039003000FFF7B1FE0268436804007B
:1013100008980999121A8B41002B52DC01D1002A3E
:101320004FD10021079800F0C9FCB84205D08E21AA
:10133000604B614A614800F0AFFF226863680C921D
:101340000D93A3680793E3680893079B002B03D1D1
:101350005B4B594A9221EDE739003000FFF79CFFC3
:10136000037800200A931B023B4333617368BFF389
:101370005F8F00221A6085F31088079B934200D18B
:1013800090E00A9B08991B023B430B931800079BB4
:101390009847726804000D00EFF3108372B60F9344
:1013A0001368002BFCD0BFF35F8F002D3CDA33694C
:1013B000002B4ED00B9A934217D0424B3E4AA121AC
:1013C000B8E7226863680E9800F0E8FA002400236A
:1013D0000C930D9408930793C8E700230024089703
:1013E0000C930D9407973800C0E70C9A0D9B121BC5
:1013F000AB41002B02DA0122334B5242002104910F
:1014000001310391089902970191079930000091E9
:10141000FFF7D0FE002372683361BFF35F8F136064
:101420000F9B83F3108857E723002B4311D03369B8
:10143000002B0ED00B9A934203D0224B1E4AA421BC
:1014400078E710A8FFF754FE109A119B12196B4110
:10145000CFE73468002F05D039002000FFF76CFE7D
:10146000002804D0F621194B194A1A4863E7E57B96
:10147000002D04D029002000FFF746FE4770A37B13
:10148000002B06D1002D03D0134B114AFB21ECE7B2
:10149000A773E77339003000FFF7FEFE03780133CE
:1014A0000370B7E7002800D016E713B0F0BDC046C0
:1014B00040520020EB44002091440020E6450020EB
:1014C000014500200A450020FFFFFF7F4645002020
:1014D0003C4400205E4600206845002010B50B4CBF
:1014E0006368002B0CD110212300094A206800F00A
:1014F00063FB032000F0C0F903212000FFF796FDF5
:101500000A210448FFF744FD10BDC046704F00207B
:10151000710E002054520020054810B54368002B7E
:1015200005D1044B044A5E21044800F0B5FE10BD0D
:10153000704F0020A345002065440020E6450020B0
:10154000F0B58FB0079327230024050016A909786A
:10155000069204AA9B1809911C706A68EFF3108721
:1015600072B61368002BFCD0BFF35F8F272304AA49
:101570009B180493159B03940193149B029400936E
:101580002800069A079BFFF715FE060000208642FA
:1015900004D031002800FFF77FFE00786B68BFF3AE
:1015A0005F8F1C6087F31088002E23D0272304AAA6
:1015B0009B181B78002B20D1000230430FB0F0BDE8
:1015C00006000F1E0EDA069A079B921BBB4106927D
:1015D0000793079B002BC0DA01220E4B5242069262
:1015E0000793BAE70AA8FFF783FD0A9A0B9B9219A3
:1015F0007B41ECE701204042E0E7099B002B06D04D
:10160000149B15990020984703000B43D8D1002064
:10161000D4E7C046FFFFFF7FF7B505000C1E3BD0A7
:101620004268EFF3108772B61368002BFCD0BFF34B
:101630005F8F2B68E6B2180031000193FFF77CFD45
:101640002B6900281DD09C4206D12C21134B144A33
:10165000FF31144800F020FE31002800FFF71CFE87
:10166000240A0378E4B20020A3420DD1310001988E
:1016700000F02EFB002807D199210B4B084A4900A6
:10168000E7E79C4200D128616B68BFF35F8F0022BF
:101690001A6087F31088FEBD0800FCE77C45002037
:1016A000AB440020E6450020A0450020F0B5EFF354
:1016B000058387B006000F00002B02D0264800F0FB
:1016C0007DFE06246442E517A4197D418D4206D8AB
:1016D00001D1844203D8002D03DAFFF7FBFC00247C
:1016E000002504A8FFF704FD0498059922002B00AB
:1016F000121A8B41002B08DC01D1002A05D13000E1
:10170000390000F0D1F807B0F0BDFFF705FF002366
:1017100002930193114B220000932B00FFF710FF5F
:101720000028ECDB20002900FFF754FC0028E6D15C
:101730000B4B1868EFF3108272B601680029FCD0D9
:10174000BFF35F8F1B68BFF35F8F0021196082F3C7
:10175000108820BFE6E7C046AD460020C90D002036
:101760005452002037B50D0004006846FFF7C0FC56
:101770000098019900196941002902DA0120024903
:101780004042FFF793FF37BDFFFFFF7FFA2210B5FE
:1017900092000023002102F04BF9FFF7E3FF10BD98
:1017A0007FB5EFF3058604000D00002E05D0200064
:1017B0002900FFF70FFC04B070BDFFF7ADFE084B2A
:1017C00002960196009322002B00FFF7B9FE061E39
:1017D000EDDD20BFFFF7A0FE3100FFF71DFFE6E7BC
:1017E000C90D0020F7B5EFF30583180001931038F9
:1017F000EFF3108772B6194B1A68002AFCD0BFF3BA
:101800005F8F012631008140154B164D69631960C9
:10181000154B1B781A00C24094466446002234429D
:101820000AD0124E6C6A8500AE59B4420FD3104AEA
:101830008B430D49AA580B70BFF35F8F00230749F4
:101840000B6087F310889A4200D09047F7BD019B48
:1018500008499B005B1819681960EDE7280100D062
:101860003C70054000400540AD5200205852002019
:10187000FC500020D03F054010B50100024A03484B
:10188000FFF71BF910BDC0468E4700206B520020A9
:10189000044B596A986A5A6A914200D17047110004
:1018A000F8E7C04600400540054B5A6A8A42FCD31F
:1018B0008A4202D19A6A824200D370475A6AF7E795
:1018C0000040054070B504000D00FFF7E1FF020085
:1018D0000B0020002900801859418B4204D801D107
:1018E000824201D8002905DA044B054A3F21054808
:1018F00000F0D2FCFFF7D8FF70BDC046FA460020CA
:101900005F47002015470020F7B504000D00EFF3F6
:10191000108772B61C4B1A68002AFCD0BFF35F8F89
:10192000A3001A4E0193002D1BD02000FFF7BCF935
:10193000B0420BD031002000FFF7BEF9012120009A
:10194000FFF7AAF90123A340114A1360114B019A32
:101950009D50BFF35F8F00230B4A136087F31088FD
:10196000F7BD0C4BA2009D500122A2400A49200065
:101970000B7893430B703100FFF7C8F92900200062
:10198000FFF78AF9E5E7C046280100D0B11500202D
:1019900038600540FC500020AD520020F0B587B003
:1019A000170005000393FFF773FF039E05978E4210
:1019B00002D850D187424ED9EFF3108372B6049308
:1019C000264B1A68002AFCD0BFF35F8F0124AC407D
:1019D000234B24491B78039801932343DBB20293E2
:1019E000029A1F4B1A70204B2A1D92005C63D7503D
:1019F000AA0050501A6A1F00224213D11B6C2342C6
:101A00000AD00020BFF35F8F0023144A1360049BA9
:101A100083F3108807B0F0BD144B154AC521154853
:101A200000F03AFCFFF734FF8E42EAD802D1059B62
:101A30008342E6D8029B019A01209342E2D01F2301
:101A400002001D40AA400C4B3C627C631A60044BB0
:101A5000019A1A70D6E70120DCE7C046280100D0C1
:101A6000AD5200205852002000400540B0470020F1
:101A700074470020D147002080E200E010B5EFF36A
:101A8000108472B60A490B68002BFCD0BFF35F8F3D
:101A900001238340074A0848136202789A43027080
:101AA000BFF35F8F00230B6084F3108810BDC04626
:101AB000280100D000400540AD52002010B500299B
:101AC00002D0037B8B4205D2054B064A68210648AB
:101AD00000F0E2FB03234B430068033BC01810BD3A
:101AE00042460020174800205E460020F8B5070057
:101AF0000D001400FFF7E2FF0600002D05D16F2155
:101B00000E4B0F4A0F4800F0C7FB002C03D10E4BC1
:101B10000B4A7021F6E7A54203D10C4B084A71210C
:101B2000F0E721003800FFF7C9FF85703378002BFC
:101B300001D13470F8BD4370FBE7C0462246002057
:101B4000234800205E460020394600202C46002015
:101B500070B506000C001500002912D0002A09D02B
:101B6000806873689847002806D02A00210030005A
:101B7000FFF7BCFF200070BD220029003000FFF7F6
:101B8000B5FF2C00F6E770B5002301240500067BA5
:101B900043738473C673A64206D831002800FFF74A
:101BA0008DFF0023437070BD21002800FFF786FFE2
:101BB0000134E4B24470EEE710B501734260836013
:101BC000FFF7E1FF10BDF7B505000C1E21D0FFF7B0
:101BD00075FF4678002E1CD031002800FFF76EFFFD
:101BE000002743782100477028000193FFF766FF24
:101BF0003200210047702800FFF7AAFF0199040076
:101C00002800FFF7E0FF210002002800FFF7A0FFF7
:101C100004002000FEBD0000F8B504000D00170010
:101C2000002905D138211F4B1F4A204800F034FB02
:101C3000FFF744FF4378002B03D01D4B1A4A3A218B
:101C4000F3E78378002B03D01A4B174A3B21ECE7CC
:101C500001782000FFF7B7FF0600002F12D0E77BC6
:101C6000002F04D039002000FFF728FF4570A37B28
:101C7000002B06D1002F03D00F4B0B4A4221D4E793
:101C8000A573E573002E05D031002000FFF716FF85
:101C90000023837029002000FFF710FF002343700A
:101CA0003000F8BD76480020354800207E480020EE
:101CB000BB480020E04800206845002070B5457B07
:101CC0000A0029000400FFF7A7FF6073280070BD19
:101CD00070B504000D1E3CD0437B8B4204D1012122
:101CE000FFF7ECFF012070BDFFF7E8FE06008178EA
:101CF00000208142F7D02000FFF7E0FE0178A942E2
:101D000011D173780370002301222900B37073701E
:101D10002000FFF781FF617B0200814214D10E4B4E
:101D20000E4A71210DE02000FFF7C8FE4178A9425C
:101D300002D173784370E6E70029F4D1084B074AD3
:101D40006B31084800F0A8FA2000FFF701FF60732C
:101D5000C8E70800C7E7C0466048002048480020A0
:101D6000504200207E480020F7B5076B04000E00AB
:101D70000192FB0718D50200C02330329B011343A8
:101D8000104A1A60456A836AAD010620ED1800F01A
:101D900083F90D4901F0BEFAAD020100280001F0FF
:101DA000B9FA0021FFF78EFDE36A22005E40019B35
:101DB0002C3233401E0080235B0113431E602763D7
:101DC000F7BDC046010300004E0E000070B50600CE
:101DD00006200C0000F060F92100C00001F09AFA22
:101DE0000124C50907D00D4B9D4214D87F2318400C
:101DF00000192C004508002274621100B562300001
:101E0000FFF7B2FF062000F047F9A1014919800051
:101E100001F080FA70BD0025014CECE7FEFF0000E8
:101E2000FFFF000070B5040006200D0000F034F93B
:101E3000061E2BD0184B9C422AD08023DB03174A66
:101E400017491360174A136018008A689043FBD142
:101E5000154B8021E3185A425341144A5B00490054
:101E6000995220002900FFF7B1FF6E220600602181
:101E70002000FFF779FF220080232C329B011343BF
:101E800010221A600A4B23630323A364300070BD41
:101E900080231B04D3E7C0460080034000E00040DD
:101EA00000C0004000F000400080FCBFAE520020A7
:101EB00001030000F0B585B003920A9A05000F00F7
:101EC000934205D2324B334A3321334800F0E4F9D0
:101ED0000C241A0E1B02029201930A9A0023019805
:101EE000029901F055FA6C432C4B0600E418636824
:101EF000834200D260602B1FDBB20093C023009AA4
:101F00009B012343012A31D8012F2FD103221A60CC
:101F10003B00A2681A42FCD0039B22685B0153403D
:101F2000E02213408022520122431360009B012BC8
:101F300009D8032123687B400B4013600123BB4079
:101F4000A2681342FCD0802380229B01234312010C
:101F50001A600198666032000023029901F018FAB5
:101F60000F4BAD00E850012005B0F0BD80221201FA
:101F70001A600B4BAA00D1580029CDD0586901F046
:101F8000C9F9431C032058430338FDD2C4E7C046B7
:101F90001449002004490020254900200080004009
:101FA0000C52002073B50C2000F0F8F8FEF75CFD31
:101FB00000280AD000232C4A2C489900013388506D
:101FC0000A2BFAD12A4B536273BD2A4CA06700F04A
:101FD00049F90122284B1A60636C012BFCD10322C2
:101FE000264B1A60A66B012EFCD102250524009514
:101FF00031000623224A234800F054F800942300BD
:102000003100214A214800F04DF8214B2900214D93
:10201000009300220420FFF74DFF2B0031000095B4
:1020200000222000FFF746FF0022104C1100230081
:1020300000940720FFF73EFF0022230011000094C8
:102040000820FFF737FF0022094B110000930920F9
:102050002300FFF72FFF002200952B001100062020
:10206000FFF728FFB0E7C0460C520020006CDC02EE
:102070001BB70000008000403CB0004030B0004082
:10208000002F685900800240008C864700C0024043
:10209000001BB70040597307014B8000C0587047C0
:1020A0000C520020F8B51700040030480E001D0047
:1020B00001F030F92E4B0100FA182E4B9A4205D947
:1020C00011212D4B2D4A2E4800F0E6F8380001F082
:1020D00021F902009823103A5B009A4203D9294B58
:1020E000264A1921EFE76B1E062B03D8069B013BFE
:1020F000062B03D9244B214A1C21E4E7069A2B0422
:1021000015031D432368002B0FDA3F222368134079
:10211000B3420AD1A3681B051B0D834205D1EE22F1
:10212000E368D2021340AB421BD0184B9C4219D03B
:1021300080235B01164A17491360174A13601F007A
:102140008A689743FBD1C023221D9B0113432122A0
:102150002660A0601A602268002AFCDA0822E56086
:102160001A60F8BD80239B01E4E7C046001BB7005E
:1021700080E84BD380F8A932764900206D490020D1
:10218000D5490020174A0020334A002000C00240F1
:1021900000E0004000C0004000F000408023024A00
:1021A0009B000343D362704700800540024B1A68CE
:1021B000024B5A607047C0463C52002000800540E8
:1021C0008022124BD20510B51A60114C114A1460CE
:1021D000E022114CD204002906D02260002805D14B
:1021E00080231B06236010BD1A60F7E7FA23DB008B
:1021F00058430A4A0A4B904205D81860FFF7D6FFA9
:102200008023DB05EEE71A60F8E7C04600B0054022
:10221000FCFF01000820014000A00540FFFFFF0077
:102220003C52002070B580240A4BE4051C600A4B28
:1022300000280DD00124094D044309486540D861A8
:102240001D6259629C6200211000FFF7B9FF70BD4A
:10225000D861F8E700B00540008005402D3FF84FF9
:10226000D3C007B0AA22064B12011A602F220549DB
:10227000DA60054A11605A68002AFCDA7047C046E5
:102280000040024000B0FA000060024000BEFDE7DE
:1022900010B5FFF7FBFF000013B50C001900074B4A
:1022A000002A01D1064B1A0001920093020023007C
:1022B000044801F057FD0120FFF7E8FF7C4A0020A9
:1022C000D44A0020894A00202A4B2B4A70B51A6054
:1022D0002A4A2B4C15002B4B236018009168884329
:1022E000FBD1294E294B9E4229D3FFF75BFE284B99
:1022F0002360AB68DB018033FBD14022254B2648AD
:102300009A675A671A67DA66244B98421AD3244DA3
:10231000244CC022A168280001F0F8FBEFF30583EC
:10232000A560002B00D000BEFEF736FCFEF71EFEB7
:10233000FFF7D4F81C4C1D4B9C4217D370BD08CE40
:102340009847CFE7040003680834002B0BD0012B1B
:1023500005D0174B174A87211748FFF79DFFFEF757
:102360002CFE2000D0E7FEF71BFEFAE708CC9847CA
:10237000E1E7C04600E00040BFCDFBFE00C00040EA
:1023800000F00040FE7F3C00C84F0020D84F0020E6
:10239000FFFFFF0100F00140C04F0020C84F0020A8
:1023A0000000002000ED00E0D84F0020E04F0020AA
:1023B000D54A0020B84A0020F24A00200FB407B5E1
:1023C000084801F09DFC049B002B07D005A91800CC
:1023D000019101F0A5FC044801F092FC0120FFF7F7
:1023E00055FFC046C54A0020D34A00207047F7B5C4
:1023F00001930B9B06000091150014009B0711D060
:10240000099F099BE018C21B002F12D10B9B441B94
:102410009B071BD4FEBD2200671C019B0099202056
:10242000B0473C00099B0A9A5B1B1B199A42F2D8E1
:10243000E6E7089B013FD85D0099019BB047E0E7C4
:102440000200019B00992020B04701340A9B281903
:10245000A342F5D8DEE7F0B589B010AC2778149C1C
:102460000590069107930E980F99139EA3071ED40B
:1024700001252540002E07D0002D05D0002F02D1C8
:102480000C231C4200D0013E30239C4602E06346F0
:1024900043540131129B994201D22029F7D13023B4
:1024A0009C46002D03D0B14201D21F2919D9E30661
:1024B00039D563051AD4002918D0129B994201D04E
:1024C000B14213D14D1E002D0FD0119B0239102B9C
:1024D0000FD02900119B022B20D11F290ED8622575
:1024E0001AE0634643540131DBE72900119B102BAE
:1024F000F0D1A3060DD478251F290DD901910090A4
:1025000003940296079B06990598FFF770FF09B0A0
:10251000F0BD58251F29F1D8455401311F29EDD8A8
:102520003025455401311F29E8D82D25002F05D12C
:102530002B25630702D42307E0D52025455401311C
:10254000DCE7F0B597B00A921CAA0B9308CA099071
:1025500012780F000C92219D002B01D1102295437F
:102560006A0501D5002B20D06122A90600D54122A1
:102570001E000024D2B20A3A0D921E99300000F0DB
:10258000C9FE0D9ACBB29A188446D2B2092901D855
:102590003033DAB2202006A909180A551E9A631CA6
:1025A000964202D31C00834213D1209A01930592D4
:1025B0001F9A0EAB04921E9A009303920C9A0695F2
:1025C00002920B9B0A9A39000998FFF744FF17B053
:1025D000F0BD6646D1E7F0B599B00C9320AB1B78FF
:1025E0001E9D0D93229B1F9C08932B0009900A911E
:1025F0000B92239F234303D1269A10339A432692AA
:10260000269B5B0504D52B0000222343934226D052
:10261000269A6123920600D541230026DBB20A3BAD
:102620000E93089A3B002800210000F0B1FE0E9B9B
:10263000D2B2D31884460F91DBB2092A01D83032C6
:10264000D3B2202008A90918721C8B55A74206D8BE
:1026500002D1089BAB4202D81600202A14D1269B37
:1026600001920693259B0B9A0593249B0A99049348
:10267000089B099803930D9B029310AB00930C9B4E
:10268000FFF7E9FE19B0F0BD65460F9CC9E710B52C
:10269000002802D00B684968984710BDF0B595B086
:1026A0000D931A9B0B9009931B9B0C910A9310920C
:1026B0000A9B099A09980A9901F0E5F8002811D1B6
:1026C0000122D14B524209980A9901F0D7F800280B
:1026D00008D10122CD4B524209980A9901F0B8F86D
:1026E000002811D01E9B099A04931D9B0C990393FB
:1026F0001C9B0B9802930A9B009201930D9B109ACE
:1027000000F0B6F915B0F0BD0022002309980A992F
:1027100001F09EF8002800D164E180221206944660
:10272000099B06930A9B6344079380231E9ADB0050
:102730001A401192131E01D106331C93069D079B6C
:10274000069E079F1D4300D1ACE05800B04B400DE2
:10275000C01801F0ABF8AF4AAF4B01F03AF8AF4AFE
:10276000AF4B01F017F8079BAE4A1B031B0B1A4334
:1027700004000D0030001100AB4B002201F005F801
:10278000AA4AAB4B01F025F802000B0020002900FB
:1027900001F000F801F0A2F8050001F087F8A54A61
:1027A000A54B06000F0001F014F80022A34B00F027
:1027B000F1FF01F093F8A24A0400A24B3000390067
:1027C00001F007F8060020000F0001F06FF89E4AA4
:1027D0009E4B00F0FEFF02000B003000390000F0BD
:1027E000D4FF02000B000E900F9100F0F2FF0E9A42
:1027F0000F9B06000F001000190000F0CBFF002215
:1028000012901391924B3000390000F0C8FF002263
:10281000904B00F0BFFF02000B003000390000F0C9
:10282000BEFF00228C4B00F0B5FF02000B00300011
:10283000390000F0B4FF0E9A0F9B0F0080210600B4
:10284000C905002000F0A1FF02000B003000390094
:1028500000F0A0FF02000B001298139900F09FFFF8
:102860000022704B00F096FF7C4B0022E4182305F9
:1028700000F0AFFF06000F0002000B00069807995A
:1028800000F0E6FF002808D0300039000022714B2C
:1028900000F085FF06000F00013D2B006333052487
:1028A000C62B00D804241E9B1B0522D533003B43B6
:1028B00011D0069807996A4A6A4B00F0D7FF0028A2
:1028C00000D196E0069807990022674B00F0C0FF00
:1028D000002800D18DE01C9B9D4200DB87E05D1B42
:1028E0006B1E00241C93802325001E9ADB001A43D4
:1028F0001E9200230E931D9BA34201D91B1B0E9316
:1029000002231E9A1A40119205D0634263410E9A27
:102910005B421A400E92002D07D0069807993200AC
:102920003B0000F03CFF069007910022002309982D
:102930000A9900F08DFF002809D080200006844607
:1029400006990A00079961440B00069207931E9AA4
:10295000464B0C99134004930E9B0B9803931C9BBE
:102960000293069A079B009201930D9B109A00F028
:102970007FF8002C00D1C5E645239C461E9B9B0694
:1029800001D465239C460200471C0D9B60460C99B0
:102990000B9EB04705230593002303930A3302934C
:1029A000EB0F0193EB17ED185D40013C0D9B049478
:1029B00000953A000C990B98FFF7C3FD119B002B73
:1029C00000D19FE6109BC41A109B18191D9BA342AF
:1029D00000D897E602000D9B0C9920200B9DA8477C
:1029E0000134F1E7099A0A9B069207939DE60023BA
:1029F00077E71C9B002B00D17BE7119B5A1E93416C
:102A00001C9AD31A1C9374E7FFFFEF7FFFFFEFFFC1
:102A100001FCFFFFFB799F501344D33FB3C8608B89
:102A2000288AC63F0000F03F0000F83F61436F6313
:102A3000A787D23F71A379094F930A400000E03F76
:102A40001655B5BBB16B0240EF39FAFE422EE63F98
:102A500000002C400000244000001840FF0300004C
:102A60002D431CEBE2361A3F80842E41FFF7FFFF17
:102A7000F0B599B009900A910B920C931E9A1F9B86
:102A800010001900209D00F0FEFE002808D0229BB7
:102A90000393219B029303230193AF4B009324E004
:102AA00001221E981F995242AC4B00F0D1FE002823
:102AB00007D0229B0393219B029304230193A84BED
:102AC000ECE701221E981F995242A64B00F0D6FE59
:102AD000002814D00423229A1A420DD0A24A229927
:102AE000019303912199009202910C9B0B9A0A99F0
:102AF0000998FFF77CFC21E09C4A0323EFE70022C2
:102B00001E981F999A4B00F0B9FE002807D11E9815
:102B10001F990022974B00F09BFE002810D0229BAB
:102B200002950493219B0B9A03930A991E9B1F9C69
:102B30000998009301940C9BFFF7B0FD19B0F0BD0C
:102B400000221E981F99002300F082FE002800D169
:102B500081E01E9A1F9B0020002100F016FE012339
:102B60001E901F910D93229B5B0576D52A00302184
:102B700010AB203A089508982C1A092807D908980C
:102B800019700138089001339042F4D120241E9826
:102B90001F9900F0A3FE089B0790DA00764B9B1864
:102BA0001A685B680E920F9300F080FE02000B0023
:102BB0001E981F9900F0E9FD0E9A0F9B00F009FE88
:102BC0000F00060000F0AEFE050000F06BFE0200F4
:102BD0000B003000390000F0D8FD0022674B0600E2
:102BE0000F0000F04BFE002839D00135280000F01E
:102BF00059FE02000B000E980F9900F02FFE0028DE
:102C000003D00025079B01330793089B0A26002B5E
:102C100055D1079800F04AFE02000B001E981F993C
:102C200000F0B3FD0022554B06000F0000F010FE2F
:102C300000280CD10022514B3000390000F01EFE5C
:102C4000002804D10123079A1340D31807932500C5
:102C500010AF0A265BE00D9085E7062586E7002287
:102C6000464B3000390000F0F3FD0028CDD1002D97
:102C700001D0EB07C9D50135C7E7089B3100013BFF
:102C80002800089300F046FB18220AAB30319B184D
:102C90001955671C3100280000F03CFB3C00092D51
:102CA0000CD83020089B10A9DB19202C09D0621CFD
:102CB0009C421AD12E230B551400C8E70500202C86
:102CC000DBD10323229A1340012B31D1219B002B0E
:102CD0002ED00D9B002B02D10C331A4202D0219B27
:102CE000013B219310AB302216E008551400DCE7BD
:102CF0000798310000F0E6FA3031E95507983100C5
:102D000000F0E0FA0134079025000028D9D0202CEB
:102D1000EED1D6E7E25401342199A14208D9202C02
:102D2000F8D1229B01940393219B029310ABB5E64B
:102D3000202CF6D00D9A10AB002A03D02D221A5564
:102D40000134EEE7229A520701D52B22F7E7229AA7
:102D50001207E6D52022F2E7414B0020FFFFEFFFEC
:102D6000454B0020FFFFEF7F3C4B0020384B0020FD
:102D700065CDCD4165CDCDC1504B00200000E03F79
:102D8000F0B599B00B900C910A920E931E9F0029FA
:102D900001D1B64B0B93002515E10E9B01330E9329
:102DA000252807D06C1C2A000A9B0B9D0C99A8476C
:102DB000250008E100240121082005E02D2B16D074
:102DC000302B0CD10C430E920E9B0E9A1B780132C5
:102DD0002B2B0FD0F2D8202B0ED0232B0ED0190086
:102DE000303909292CD800230A200D930EE0022344
:102DF0001C43E8E70423FBE70443E4E71023F7E779
:102E00000D9B0E914343303BD3180D930E9B1A78C4
:102E1000591C1300303B092BF2D90E9B1B782E2B2B
:102E200063D18022D20014430E9A0E9B5278013354
:102E30001100303909294ED80A220026944613E0A1
:102E400000210D912A2BE8D108CF0D938B4204DA93
:102E500002231C430D9B5B420D930E92DDE76346FC
:102E60005E430300303E96191A78581C1100303921
:102E70000929F4D919785A1C6C2940D038D8682906
:102E800045D06A294BD01A001078531C0E93652840
:102E900000D12AE100D9A8E0472800D125E141D896
:102EA000452800D121E100D87CE7462801D1202324
:102EB0001C4307220D9B0737974304940393029604
:102EC0000CCF0C99009201930B980A9B2A00FFF7F4
:102ED000CFFD050077E000262A2ACBD140CFF3436F
:102EE000DB171E400E9B0233C4E70E9B0026C1E792
:102EF000742901D07A29C6D180235B000BE0597870
:102F00006C29F9D1C022920014439A1CBCE759786D
:102F1000682902D080231C43B6E7C022F4E780234F
:102F20009B00F8E7622800D18FE106D8582800D02E
:102F300038E720231C43103B84E0632800D1F3E0F2
:102F4000642800D02EE710239C43063B692802D05A
:102F5000642800D076E0620501D5012294438022E6
:102F600092002240692802D0642800D089E0002A1B
:102F700000D16AE00721FA1D8A43110008310F9140
:102F800011685268049300230593D30F0293D3175B
:102F9000119310934B401693119B0D985340179328
:102FA0000790169A179B10981199121A8B41089442
:102FB0000696009201930C990A9B2A000B98FFF742
:102FC0000AFB05000F9F0E9B1878002800D0E4E64E
:102FD0000A9B2A009D4200D35A1E0A9B0C9900208E
:102FE0000B9CA047280019B0F0BD6F2800D12AE142
:102FF00007D8672879D000D257E7692800D0D1E6F2
:10300000A1E7732800D1C1E015D8702800D0C9E627
:1030100021231C43193B0493083302930023059496
:103020000396019308CF2A0000930C990A9B0B98F2
:10303000FFF787FA4DE7752800D184E71023782839
:1030400000D0AFE60C22944385E73A1D0F92E205CB
:103050000ED53A680293D30F0D990193D317D21866
:103060000594049103965A40009227E0B92100206C
:103070003A68610601D5D2B2ECE72106EAD512B270
:10308000E8E7002A0ED0072207379743049300236E
:1030900039000D9A089407920696059302930CC97D
:1030A0000F9186E7391D0F91E1050ED50D99059415
:1030B00004910396029301923B6800930A9B2A00B5
:1030C0000C990B98FFF73DFA7BE73A68610608D543
:1030D000D2B2029300230D990594049103960193B3
:1030E000C2E72106F5D592B2F3E7202302009A4306
:1030F000472A04D180231B011C43022398434528FF
:1031000001D120231C4307220D9B073797430494CA
:10311000039302960CCF0C99009201930B980A9B93
:103120002A00FFF7BBFAD4E602231C4012942BD0EE
:1031300001232A000F9301CF0A9BC0B20C990B9C6C
:10314000551CA047129B002B00D13CE70F9B0D9A0A
:10315000934200D337E76C1C0A9B2A000C990B9D05
:103160002020A8470F9B250001330F93EEE70A9B11
:103170000C9920200B9CA047B31C0F930D9B721938
:103180000136B342F3D8D6E7129EF5E73B0004CBF5
:1031900012930F92331E01D101235B420F9A170045
:1031A000D3183A78002A01D0BB4211D10F9BFF1AE5
:1031B0008023DB002340149302D0B74200D93700AC
:1031C00002232340159314D02C00139727001AE0F4
:1031D0000137E6E70A9B22000C9920200B9CA047B0
:1031E000139B5A1C13920D9AEC1BE4189A42F1D8C7
:1031F000ECE73B00F5E71E007D1C3A000A9B0B9FA5
:103200000C99B8472F000F9B1B1BD85D002805D0D9
:10321000149B002BF0D0731E002EECD1159B3D00AB
:10322000002B09D1129FCEE66C1C2A000A9B0B9D35
:103230000C992020A8472500139B0D9ADB1B5B19D6
:103240009A42F1D8EEE70823FCE60223FAE6C046EC
:103250001FB50391012102900093044813004A42D4
:1032600002A9FFF78DFD05B000BDC0465B2400201C
:1032700001480421014B1847A04F00206D30002069
:10328000142310B50100188804331B88984710BD1B
:10329000162310B50100188802331B88984710BD0B
:1032A00070B50400012689004518AC4201D13000F8
:1032B00070BD2068FFF7E4FF01C4431E98414042FF
:1032C0000640F2E7124A936F9B0815D29066D166CA
:1032D000002905D0FFE7FFE7FFE7516F106F704748
:1032E00004B580210906C2175140002800D0C84308
:1032F00000F072FD002104BDF0B5146E556E576FDD
:10330000166FFFF7E3FF1466556657671667F0BD43
:10331000000000D0114A936F9B0813D210665166CB
:10332000002905D0FFE7FFE7FFE7516F106F7047F7
:1033300004B5002801D00020C04300F04DFD00215D
:1033400004BDC046F0B5146E556E576F166FFFF78B
:10335000E5FF1466556657671667F0BD000000D09C
:1033600094464A4A926F9208624601D228E0C046CB
:10337000F0B5464E346E756E776F366F00F020F8FC
:103380009446424A14665566576716676246F0BD12
:1033900094463E4A926F9208624601D254E0C0467B
:1033A000F0B53A4E346E756E776F366F00F04CF8AC
:1033B0009446364A14665566576716676246F0BDEE
:1033C000002B24DB11D000293EDA00B5C94340426E
:1033D00000D1013100F038F8C943404200D1013139
:1033E000DB43524200D1013300BD002AEBD100285B
:1033F00001D1002905D00020C90FC90701D1C04360
:10340000410800B500F0E8FC0022002300BD00B533
:1034100000290ADBDB43524200D1013300F014F8EB
:10342000C943404200D1013100BDC943404200D1EF
:103430000131DB43524200D1013300F005F8DB4398
:10344000524200D1013300BD002923D1002B18D1F5
:10345000002A0CD0BC460D4F38667A660021002346
:10346000FFE7FFE7FFE77A6F386F6746704700288E
:1034700001D00748010000B500F0AEFC0022002397
:1034800000BD02000B00002000217047000000D0AA
:10349000FFFFFFFF002B00D0BFE0130C28D1002A54
:1034A000E7D080B4114F39667A66FFE7FFE730B4A2
:1034B000040C7B6F396F1B0423433B667A66FFE77E
:1034C000FFE7FFE7C04684B27B6F3D6F1B042343D9
:1034D0003B667A66FFE7FFE7C04600232C042D0C0D
:1034E0007A6F386F00196941B0BC7047000000D096
:1034F000F0B594460025140E01D112020835140FC0
:1035000001D112010435940F01D192000235D40F7C
:1035100001D152000135D40B0134254F7C66254C76
:103520003C660E0C93B2FFE7FFE7FFE73C6F664394
:10353000360C7703BE467343DF0B5B04C01AB941F8
:10354000130C7343DB18C91ACE086643360CB64415
:1035500093B273431F0F1B01C01AB941130C73437D
:103560001F0B1B05C01AB941860D8F023E436643EF
:10357000360C092D24DB520A7243801A7703460A5F
:103580006643360C16235B1BDE40DF40BF196446E2
:103590006643821B7046043506330100D940A840BB
:1035A000C01900D30131A24206D20023F0BD0000B1
:1035B000000000D0FFFFFFFF121B0130F3D3F1E743
:1035C00009277F1BFE406446A2B27243801A00D2D4
:1035D0000139220C7243130C1204821A99410B0018
:1035E0007046043513370100F940A840801900D314
:1035F0000131002B02D1A2420AD2F0BD013000D32A
:103600000131121BFAD2013BF8D1A24200D2F0BD27
:10361000013000D30131121BF7E7F0B51C0C00D0CC
:1036200080E00CB400251C0A04D11B02160E3343A3
:10363000120208351C0B04D11B01160F3343120173
:1036400004359C0B04D19B00960F33439200023546
:10365000DC0B02D192185B4101351C0097186441C4
:103660000134464F7C66464C3C660E0CFFE7FFE794
:10367000FFE7C0463C6F6643360C7703BE4697B201
:103680007743C01B00D20139C01B00D201399FB261
:103690007743C91BC91B170C77437E04FF0B801BA4
:1036A000B941CE086643360C0C2D33DBB644120B01
:1036B0001F053A431B0B97B27743C01B00D2013959
:1036C0009FB27743C91B170C77433E043F0C801B06
:1036D000B941860D8F023E43664329277F1BFE407A
:1036E0000C3D7746AF40BF1930BCA2B2ABB27243BB
:1036F0007343801A9941220C7243130C1204801AEE
:10370000994102000B000137001BA941F9D2781E34
:103710000021F0BD0C277F1BFE4077467F0BAF409A
:10372000FF19E0E700245D1C07D0144F7D66396661
:10373000FFE7FFE7FFE7FFE73C6F95B29EB2654307
:103740006643401BB141150C1E0C654366433604AD
:103750002F0C3E432D04401BB141994204D202007C
:103760000B0020000021F0BD01D19042F7D3801A58
:10377000994101349942F2D3F6E70000000000D0ED
:10378000FFFFFFFF48404140484018B4134B5B68BF
:10379000019308BD18B4114B1B68019308BD9446F2
:1037A0000F4A926F920805D2624618B40B4BDB6841
:1037B000019308BD0A4AF0B5146E556E576F166F27
:1037C0006246FFF7F2FF064A1466556657671667AA
:1037D000F0BD18B4014B9B68019308BDB4520020A2
:1037E000000000D0FFB550404240504059404B408F
:1037F000594000E0FFB5154F4C00640D03D0BC42AA
:1038000004D10C0314D80020090D09055C00640DD7
:1038100003D0BC4204D11C030AD800221B0D1B0597
:1038200001264B4009D44B4003D58B4200D1824244
:10383000FFBD9942FCD19042FFBD0B43DB1803430F
:103840001343F5D0C9434918FFBD0000FF0700002E
:1038500000B5FFF7CFFF804100BDC04600B5FFF7C0
:10386000C9FF01D9002000BD012000BD00B5FFF750
:10387000B9FF01D9002000BD012000BD00B5FFF750
:10388000B1FF804100BD012040054A00121804D854
:103890005A00121801D800207047012070470020FC
:1038A000704700000021002805D17047C11748402B
:1038B000401AFAD0C90713B5064B1B6898470CBCD1
:1038C000441CA2401005120B0349091B09051943AA
:1038D000114310BD505200201F04000010B54C00D1
:1038E000620D8023D218DB00D21A5B057E2A10DD20
:1038F0009E3A13DACC170903490819435242D140C2
:10390000640001341532202A05DAD04008436043B0
:1039100010BD002010BD0846604310BDC80FC01880
:10392000013810BD18B4024B5B6A019308BD00005A
:10393000B452002010B50148FEF740FD534C002062
:10394000132370B51D78204C012D0ED100231F4983
:103950009A000133A150202BFAD11D4BA3641D48BE
:10396000FFF78EFC1C4B186070BD012DF5DD1B4868
:10397000FFF78EFC06001A48FFF78AFC023803782E
:103980009B007F2B05DC174B174A32211748FEF7A7
:1039900083FC80223100200000F0B8F8022DDED137
:1039A000134B1A88B5231B029A4209D1114A124BB4
:1039B00012889A4204D1114A114B12889A42CCD0F3
:1039C0000020FEF7FBFCC046B45200200137002067
:1039D000D13700204C3300005052002053440000E7
:1039E00053460000A04B00203F4C0020F24B00202B
:1039F00054380000D8380000494600009C380000C8
:103A00005946000007B5604601880A0A0230DF2ADD
:103A1000FAD1C9B2820804D3028840880004104356
:103A200000E00068014A5050039007BDB4520020E6
:103A300051434343C9188C46110C83B24B4310B415
:103A4000040C614392B280B2504362431C041B0CCD
:103A5000001910BC59411304120CC01851416144A3
:103A60007047000010B50148FEF7A8FCD44A0020BA
:103A7000132310B516481C78FFF70AFC0100012C2F
:103A800014D1144C5422200000F040F80023124AB4
:103A90002168002900D1226001330434202BF7D1A2
:103AA0000E48FFF7EDFB0E4B186010BD012CF7DD43
:103AB000831E1B789B007F2B05DC0A4B0A4A4221A0
:103AC0000A48FEF7E9FB8022024800F01FF8E7E70A
:103AD00053460000B4530020313800204C3300001E
:103AE000505200206B4C0020E84C00209D4C0020E0
:103AF00001480421014B1847B04F00206D300020D1
:103B0000014B1B6818470000B04F0020014B5B6859
:103B100018470000B04F0020030010B508001B68D4
:103B20001100984710BD0000F8B5437D05000C005A
:103B30001600002B32D103681100200098472AE0BC
:103B4000002929DD631E5B5C0D3B5A425341DBB209
:103B5000625C4F1C0A2A0CD1002B0AD1814203DD82
:103B6000091A2B68201898470E4802212B6898479D
:103B7000380039008E42E3DC864203DD311A2B68BF
:103B800020189847002E06DDA419013C23780D3B30
:103B90005A4253412B75F8BD2B7DD9E7002108000F
:103BA000E8E7C046834D002070B505000A4B1C684D
:103BB000002C01D12C6070BD2368002B0AD0074B6C
:103BC0001B68002B01D09C4204D12900200004C9AD
:103BD000FFF7AAFF2469EBE7345200203852002097
:103BE0000B6870B505000C00802B02D10800FFF7B0
:103BF000DBFF23685A1C2260E418257170BD0000A9
:103C000010B5034B034A3F210348FEF745FBC0466E
:103C1000FA4600206E4D00201547002010B5FDF734
:103C200037FE002901DAFFF7EBFF0023054A1218DF
:103C30004B41002B02DA0122034B5242034800F0B1
:103C40008FF910BD40420F00FFFFFF7FC04F0020E3
:103C500010B5024800F09CF910BDC046C04F0020CE
:103C6000F0B585B007000C0000921D00FFF7D6FFED
:103C70000190631C03D1380000F0D8F80400154E01
:103C8000002D00D1144E154B1D68002D09D1019B4C
:103C9000002B01D0FFF7DCFF601E8441E0B205B0CD
:103CA000F0BD2B68002B13D00D4B1B68002B01D0EF
:103CB000AB420DD1220039002800B047009B002BF9
:103CC00006D002ABD91D0A23012228000B70B04791
:103CD0002D69DAE7E5380020F5380020345200205D
:103CE00038520020054B10B51C68002C00D110BDC7
:103CF0006368002B00D098472469F6E7345200200F
:103D000070B5050000F092F80400010000230122C4
:103D10002800FFF7A5FFFFF7E5FF200070BD0000BA
:103D200070B5A2B004000E00FFF778FF0023220058
:103D300001930500330001A90948FFF789FA019BA7
:103D40000400002B02D001A8FFF72EFFFFF7CAFFE7
:103D5000002D01D0FFF77CFF200022B070BDC046CF
:103D6000AD3900200FB407B504A901C90191FFF7CF
:103D7000D7FF03B008BC04B01847000010B501001D
:103D80000148FCF7E3FE10BD6852002007B5044B64
:103D90000100009300220B230248FCF7ACFE0EBD8D
:103DA000854D00206852002010B50520FEF774F9FB
:103DB000014B186010BDC046B454002010B5FFF789
:103DC000F3FF10BD02B4714649084900095C49007F
:103DD0008E4402BC7047C0467047C04630B5032AC7
:103DE0000CD903000B439B071CD103680C68A3424A
:103DF00018D1043A04300431032AF6D8551E002A9B
:103E00000ED002780C7894420ED10135012301398D
:103E100004E0C25C0133CC5CA24205D1AB42F8D1D4
:103E2000002030BD551EECE7101BFAE710B58307E4
:103E300027D00378002B26D00300032102E01A7854
:103E4000002A1CD001330B42F9D119680F4A104CDB
:103E50008A188A4322420FD1043319680B4A8A1800
:103E60008A43224208D104331968084A8A188A43CF
:103E70002242F1D000E001331A78002AFBD1181A4F
:103E800010BD0300E1E70020FAE7C046FFFEFEFE9A
:103E900080808080F8B5C046030010B50068EFF35D
:103EA000108472B60268002AFCD0BFF35F8F042230
:103EB0009A56002A0CDAD0220120120612681A71D2
:103EC0001B68BFF35F8F00221A6084F3108810BD57
:103ED000081EF5D00A600020F2E70000F7B51F00C9
:103EE000036805001600002B05D1174B174A8521E2
:103EF0001748FEF7CBF9D0231B061B6801932968EE
:103F0000EFF3108372B60A68002AFCD0BFF35F8F0C
:103F100029792A6800247F2908D901992971BFF3DA
:103F20005F8F146083F310880120FEBDBFF35F8FA5
:103F3000146083F3108830003900FDF72BFC002853
:103F4000DDD02000F1E7C046C14300205B430020E4
:103F50008443002073B501A9060014001D00FFF77B
:103F60009BFF00280CD1D0221206019B12785BB275
:103F700052B2934204D022002B003000FFF7AEFF74
:103F800076BD000010B50168EFF3108372B60A68C1
:103F9000002AFCD0BFF35F8F02797F2A05D9084B36
:103FA000084AB4210848FEF771F9FF22027102683D
:103FB000BFF35F8F0021116083F3108840BF10BDF5
:103FC000D54300207343002084430020084A10B5E5
:103FD0001378002B0AD18023064807495B051C682B
:103FE000C45004338B42FAD10123137010BDC04674
:103FF0006A5200200C5100100001001010B5024B55
:104000000133984710BDC0460C5100208023F0B505
:104010000A1885B003900F005B049A4205D941212C
:104020001C4B1D4A1D48FEF731F91824142523881E
:104030001B4928889847238802901A49288898475E
:104040002388019018492888984723880600174933
:1040500028889847029B0400002B06D0019B002B68
:1040600003D0002E01D0002803D1114B0A4A492168
:10407000D8E7FFF7ABFF029B9847019B9847802248
:10408000D823520239000398B047A047FFF7B6FF84
:1040900005B0F0BDC94D0020A34D0020F54D002016
:1040A00049460000455800005245000046430000C4
:1040B0003B4E00208023F0B585B002921218070015
:1040C00003915B049A4205D958211C4B1C4A1D4898
:1040D000FEF7DCF81824142523881B492888984704
:1040E0002388019019492888984723880090184907
:1040F0002888984723880600164928889847019BF6
:104100000400002B06D0009B002B03D0002E01D012
:10411000002803D1104B0A4A6021D8E7FFF756FF69
:10412000019B9847009B9847029A03993800B04733
:10413000A047FFF763FF05B0F0BDC046C94D0020A2
:10414000B54D0020F54D00204946000045580000BF
:1041500052500000464300008E4E00206368616E9E
:104160006E656C5F636F6E6669675F7365745F63CE
:104170006861696E5F746F0073746174655F776105
:1041800069745F666F725F73796E630053594E4353
:104190000000000000000000000000000D010020F1
:1041A00052454144020000000000000015010020BB
:1041B000550200204353554D02000000010000004D
:1041C00035010020710400204352434302000000E7
:1041D00001000000550100205904002045524153C0
:1041E0000200000000000000000000001502002096
:1041F0005752495402000000010000005D010020F8
:10420000350400205345414C03000000000000002D
:1042100000000000C1030020474F474F010000008D
:1042200000000000000000001D050020494E464F20
:104230000000000005000000000000009D010020BB
:10424000424F4F540100000000000000C90100204F
:10425000D9010020636861696E5F746F203C3D2066
:104260004E554D5F444D415F4348414E4E454C5382
:10427000002F55736572732F616E647265796B6977
:10428000736C697473796E2F7069636F2D73646BCF
:104290002F7372632F7270325F636F6D6D6F6E2F4D
:1042A00068617264776172655F646D612F696E63C6
:1042B0006C7564652F68617264776172652F646DD7
:1042C000612E6800526561647920666F72206669AC
:1042D000726D776172652075706C6F6164006374D4
:1042E000782D3E6F70636F6465203D3D20434D44E3
:1042F0005F53594E43002F55736572732F616E647F
:104300007265796B69736C697473796E2F446F632E
:10431000756D656E74732F4769744875622F6F7081
:10432000656E2D6C63632D7270323034302D62698E
:10433000616E63612F6C69622F7270323034302D80
:1043400073657269616C2D626F6F746C6F61646507
:10435000722F6D61696E2E630068775F636C6169AF
:104360006D5F636C6561720068775F69735F636C32
:1043700061696D656428626974732C206269745F79
:10438000696E64657829002F55736572732F616EAD
:10439000647265796B69736C697473796E2F706977
:1043A000636F2D73646B2F7372632F7270325F6350
:1043B0006F6D6D6F6E2F68617264776172655F6398
:1043C0006C61696D2F636C61696D2E630069727138
:1043D0005F7365745F6578636C75736976655F6834
:1043E000616E646C6572006D616B655F6272616EB7
:1043F000636800696E736572745F6272616E636890
:104400005F616E645F6C696E6B007265736F6C7672
:10441000655F6272616E6368006972715F72656D7B
:104420006F76655F68616E646C6572006972715F5A
:104430006164645F7461696C5F746F5F6672656507
:104440005F6C6973740069735F7368617265645F40
:104450006972715F7261775F68616E646C65722802
:10446000736C6F745F68616E646C65722900657847
:1044700063657074696F6E00666F756E64002165A8
:104480007863657074696F6E207C7C2065786365E5
:104490007074696F6E203D3D206E756D202B205627
:1044A0005441424C455F46495253545F4952510072
:1044B000212864656C7461203E3E203131752900ED
:1044C00066616C73650063757272656E74203D3D44
:1044D000205F5F756E68616E646C65645F7573659F
:1044E000725F697271207C7C2063757272656E7474
:1044F000203D3D2068616E646C65720064656C747B
:1045000061203E3D202D323034382026262064653F
:104510006C7461203C3D2032303436202626202128
:104520002864656C7461202620312900307831635D
:10453000203D3D20282A696E7374293E3E31317535
:10454000002F55736572732F616E647265796B69A4
:10455000736C697473796E2F7069636F2D73646BFC
:104560002F7372632F7270325F636F6D6D6F6E2F7A
:1045700068617264776172655F6972712F697271C7
:104580002E63006D757465785F656E7465725F6229
:104590006C6F636B5F756E74696C006D75746578B4
:1045A0005F6578697400746F74616C002F55736572
:1045B00072732F616E647265796B69736C69747361
:1045C000796E2F7069636F2D73646B2F7372632F15
:1045D000636F6D6D6F6E2F7069636F5F73796E635C
:1045E0002F6D757465782E63006D74782D3E636F42
:1045F00072652E7370696E5F6C6F636B006C6F63B6
:104600006B5F69735F6F776E65725F69645F766118
:104610006C6964286D74782D3E6F776E6572290021
:104620006D74782D3E656E7465725F636F756E7420
:10463000007570646174655F75735F73696E63653F
:104640005F626F6F740070685F6765745F6E6F6440
:10465000650070685F6164645F6368696C645F6E65
:104660006F64650070685F667265655F6E6F646534
:10467000006765745F656E747279006765745F6565
:104680006E7472795F69645F6869676800616C6104
:10469000726D5F706F6F6C5F6765745F6465666194
:1046A000756C74006164645F616C61726D5F756EDE
:1046B0006465725F6C6F636B00616C61726D5F70DB
:1046C0006F6F6C5F616C61726D5F63616C6C626176
:1046D000636B00616C61726D5F706F6F6C5F6361C3
:1046E0006E63656C5F616C61726D002170685F6301
:1046F0006F6E7461696E735F6E6F646528706F6F43
:104700006C2D3E686561702C2072657573655F69FC
:1047100064290072656D6F7665645F6964203D3D54
:10472000206E6578745F69640063616C6C626163BC
:104730006B00706F6F6C2D3E616C61726D5F696EA6
:104740005F70726F6772657373203D3D206D616BA2
:10475000655F7075626C69635F69642869645F682E
:104760006967682C206E6578745F696429006964E4
:10477000202626202170685F636F6E7461696E73F6
:104780005F6E6F646528686561702C20696429001C
:1047900021686561702D3E667265655F7461696C44
:1047A0005F696400616C61726D5F696420213D2006
:1047B000706F6F6C2D3E616C61726D5F696E5F70C2
:1047C000726F67726573730072630064656661750A
:1047D0006C745F616C61726D5F706F6F6C5F696E3E
:1047E000697469616C697A656428290069642026A6
:1047F00026206964203C3D20706F6F6C2D3E6865FB
:1048000061702D3E6D61785F6E6F646573002F552A
:10481000736572732F616E647265796B69736C690D
:104820007473796E2F7069636F2D73646B2F73725D
:10483000632F636F6D6D6F6E2F7069636F5F746947
:104840006D652F74696D652E6300706172656E749D
:104850005F696400706172656E745F696420213DF8
:10486000206368696C645F6964006964202626209F
:104870006964203C3D20686561702D3E6D61785F04
:104880006E6F646573002F55736572732F616E646C
:104890007265796B69736C697473796E2F70696373
:1048A0006F2D73646B2F7372632F636F6D6D6F6EFB
:1048B0002F7069636F5F7574696C2F696E636C75B7
:1048C00064652F7069636F2F7574696C2F706865EC
:1048D00061702E6800417474656D70746564207435
:1048E0006F20736C65657020696E73696465206FF5
:1048F0006620616E20657863657074696F6E2068EC
:10490000616E646C65723B207573652062757379A6
:104910005F7761697420696620796F75206D7573A2
:10492000740075735F73696E63655F626F6F742087
:104930003C3D20494E5436345F4D4158002F55734D
:104940006572732F616E647265796B69736C6974DB
:1049500073796E2F7069636F2D73646B2F7372633D
:104960002F636F6D6D6F6E2F7069636F5F62617320
:10497000652F696E636C7564652F7069636F2F7442
:10498000797065732E68007570646174655F757306
:104990005F73696E63655F626F6F740068617264F4
:1049A000776172655F616C61726D5F7365745F746E
:1049B0006172676574004861726477617265206135
:1049C0006C61726D20256420616C72656164792070
:1049D000636C61696D65640074696D65725F6877A9
:1049E0002D3E696E74732026203175203C3C206179
:1049F0006C61726D5F6E756D002F55736572732FEC
:104A0000616E647265796B69736C697473796E2F0A
:104A10007069636F2D73646B2F7372632F727032C2
:104A20005F636F6D6D6F6E2F686172647761726521
:104A30005F74696D65722F74696D65722E630070A5
:104A4000685F6765745F6E6F64650070685F61645E
:104A5000645F6368696C645F6E6F64650070685F53
:104A600072656D6F76655F616E795F686561640020
:104A700070685F72656D6F76655F616E645F6672A8
:104A800065655F6E6F6465006E65775F7375625F05
:104A90007472656520213D20686561702D3E726FDE
:104AA0006F745F6964002F55736572732F616E6454
:104AB0007265796B69736C697473796E2F70696351
:104AC0006F2D73646B2F7372632F636F6D6D6F6ED9
:104AD0002F7069636F5F7574696C2F7068656170A2
:104AE0002E63002170685F6765745F6E6F64652870
:104AF000686561702C20726F6F745F6964292D3E48
:104B00007369626C696E67002170685F6765745FC6
:104B10006E6F646528686561702C20726F6F745FBA
:104B20006964292D3E706172656E7400636C6F63F9
:104B30006B5F636F6E666967757265007372635F42
:104B400066726571203E3D2066726571002F557357
:104B50006572732F616E647265796B69736C6974C9
:104B600073796E2F7069636F2D73646B2F7372632B
:104B70002F7270325F636F6D6D6F6E2F686172643C
:104B8000776172655F636C6F636B732F636C6F63C8
:104B90006B732E6300706C6C5F696E697400766372
:104BA0006F5F66726571203E3D20285049434F5F1C
:104BB000504C4C5F56434F5F4D494E5F46524551F6
:104BC0005F4B485A202A204B485A29202626207617
:104BD000636F5F66726571203C3D20285049434FEA
:104BE0005F504C4C5F56434F5F4D41585F465245B6
:104BF000515F4B485A202A204B485A29002F5573A1
:104C00006572732F616E647265796B69736C697418
:104C100073796E2F7069636F2D73646B2F7372637A
:104C20002F7270325F636F6D6D6F6E2F686172648B
:104C3000776172655F706C6C2F706C6C2E630066B0
:104C400062646976203E3D20313620262620666249
:104C5000646976203C3D203332300028706F7374D5
:104C60005F64697631203E3D203120262620706F1A
:104C700073745F64697631203C3D203729202626F5
:104C80002028706F73745F64697632203E3D203156
:104C900020262620706F73745F64697632203C3D55
:104CA000203729002C2066756E6374696F6E3A2078
:104CB00000617373657274696F6E20222573222000
:104CC0006661696C65643A2066696C6520222573AB
:104CD000222C206C696E65202564257325730A00DB
:104CE00072756E74696D655F696E6974000A2A2A4F
:104CF0002A2050414E4943202A2A2A0A0031203DC9
:104D00003D202875696E747074725F74296C2D3E35
:104D10007370696E5F6C6F636B002F557365727390
:104D20002F616E647265796B69736C697473796EE7
:104D30002F7069636F2D73646B2F7372632F7270A2
:104D4000325F636F6D6D6F6E2F7069636F5F727529
:104D50006E74696D652F72756E74696D652E630072
:104D6000666E6900666E692B006E616E00666E6924
:104D70002D00000000000000000000000000F03FD7
:104D80000000000000002440000000000000594026
:104D90000000000000408F40000000000088C34079
:104DA00000000000006AF8400000000080842E41EE
:104DB00000000000D01263410000000084D797413A
:104DC0000000000065CDCD412A282875696E743831
:104DD0005F74202A29726F6D5F646174615F6C6F0C
:104DE0006F6B757028726F6D5F7461626C655F6365
:104DF0006F6465282753272C2027462729292D3221
:104E000029202A2034203E3D2053465F5441424C05
:104E1000455F56325F53495A45002F55736572738B
:104E20002F616E647265796B69736C697473796EE6
:104E30002F7069636F2D73646B2F7372632F7270A1
:104E4000325F636F6D6D6F6E2F7069636F5F646F3C
:104E500075626C652F646F75626C655F696E6974ED
:104E60005F726F6D2E63005F5F61656162695F6491
:104E70006F75626C655F696E6974006D69737369E3
:104E80006E6720646F75626C652066756E63746909
:104E90006F6E002A282875696E74385F74202A297D
:104EA000726F6D5F7461626C652D3229202A203427
:104EB000203E3D2053465F5441424C455F56325F91
:104EC00053495A45002F55736572732F616E647292
:104ED00065796B69736C697473796E2F7069636F30
:104EE0002D73646B2F7372632F7270325F636F6DFB
:104EF0006D6F6E2F7069636F5F666C6F61742F6684
:104F00006C6F61745F696E69745F726F6D2E6300A0
:104F10005F5F61656162695F666C6F61745F696E36
:104F200069740006005250BBFF3CB63B4D002006A2
:104F3000005250E182887F274D002006005250D356
:104F4000F075421F4D002052656C6561736500620B
:104F50006F6F74325F7732357130383000312E35F3
:104F60002E310061726475696E6F5F6E616E6F5F86
:104F70007270323034305F636F6E6E6563740062DE
:104F80006F6F746C6F61646572004D6179203135AB
:104F90002032303236007570646174655F75735FFE
:104FA00073696E63655F626F6F74000D0A4E6F20E8
:104FB000444D41206368616E6E656C73206172655B
:104FC00020617661696C61626C6500666C61736812
:104FD0005F72616E67655F657261736500666C61C3
:104FE00073685F72616E67655F70726F6772616D23
:104FF00000666C6173685F6F666673202B20636F59
:10500000756E74203C3D205049434F5F464C4153E0
:10501000485F53495A455F4259544553002F5573D1
:105020006572732F616E647265796B69736C6974F4
:1050300073796E2F7069636F2D73646B2F73726356
:105040002F7270325F636F6D6D6F6E2F6861726467
:10505000776172655F666C6173682F666C617368F7
:105060002E6300636F6E6E6563745F696E74657244
:105070006E616C5F666C61736820262620666C61C9
:1050800073685F657869745F78697020262620668A
:105090006C6173685F72616E67655F65726173658D
:1050A00020262620666C6173685F666C7573685F86
:1050B000636163686500636F6E6E6563745F696EDC
:1050C0007465726E616C5F666C6173682026262061
:1050D000666C6173685F657869745F7869702026B3
:1050E0002620666C6173685F72616E67655F7072BF
:1050F0006F6772616D20262620666C6173685F663B
:105100006C7573685F636163686500636F6E6E657D
:1051100063745F696E7465726E616C5F666C6173F7
:105120006820262620666C6173685F657869745F05
:1051300078697020262620666C6173685F666C75DE
:1051400073685F6361636865000000001000000021
:10515000000000000000010000000000000000004E
:10516000000002000000000000000000000003003A
:1051700000000000000000000000FF000000000030
:1051800001B5486801318E4600477046093801492B
:10519000884701BD5D0C0020884F00200000000002
:1051A000E04F00206C5200200000000000000000D2
:1051B0007C520020000000000000000010000000F1
:1051C0000000000000000000503300004C330000DD
:1051D00054330000523300004D5300004D43000093
:1051E00053340000433400000000000000000000C1
:1051F000BD3800203D3000200D3700203D38002014
:08520000ED000020893B0020B5
:0C600000ADDEADDE00000000ADDEADDE68
:1080000000200420F7800010C3800010C5800010FD
:10801000C1800010C1800010C1800010C18000101C
:10802000C1800010C1800010C1800010C780001006
:10803000C1800010C1800010C9800010CB800010EA
:10804000CD800010CD800010CD800010CD800010BC
:10805000CD800010CD800010CD800010CD800010AC
:10806000CD800010CD800010CD800010CD8000109C
:10807000CD800010CD800010CD800010CD8000108C
:10808000CD800010CD800010CD800010CD8000107C
:10809000CD800010CD800010CD800010CD8000106C
:1080A000CD800010CD800010CD800010CD8000105C
:1080B000CD800010CD800010CD800010CD8000104C
:1080C00000BE00BE00BE00BE00BE00BEEFF30580D5
:1080D000103800BEF2EB8871387E02105C7E021010
:1080E0003481001090A31AE700201F49086006C8D9
:1080F00081F3088810471D48006800282FD10DA47F
:108100000ECC002902D000F012F8F9E71849194AFC
:10811000002000E001C19142FCD11749884717496E
:1081200088471749884700BEFDE701C901C29A4246
:10813000FBD370475C7E0210C00000205443002037
:10814000FCC002100000042000000420FCC002104B
:1081500000100420001004200000000070470948AF
:1081600009F084FB0047000008ED00E0000000D0AB
:1081700060430020FC5200205500011015890010BA
:10818000190001105756000006005250ABB360535F
:108190004846021006005250861C03026C4602102C
:1081A000060052505422A29D7846021005005250FB
:1081B000DE65F468FCC00210F8B5C04610B5064C88
:1081C0002378002B07D1054B002B02D0044800E098
:1081D00000BF0123237010BD784400200000000080
:1081E00030300210044B10B5002B03D00349044873
:1081F00000E000BF10BDC046000000007C4400202D
:108200003030021010B5034B186801F07FFB0120DD
:1082100010BDC046A850002010B5034B034A3F21B3
:10822000034807F0FDFEC04628310210A0310210BD
:108230004431021010B5D024FF23240620682365A2
:108240000F30044905F07CFB206801210F3005F058
:1082500051FB10BDC100002001207047002801D152
:10826000014870470020FCE7481C002010B502219F
:10827000012005F09DF90221002005F099F9E12186
:108280004348490207F0E8FA0221052005F090F979
:108290000121052005F0BCF90221042005F088F930
:1082A0000121042005F0C6F996213A4C89013A488B
:1082B00007F0D2FA210039480BF05AF903210820BF
:1082C00005F076F90321092005F072F90022012159
:1082D000082005F085F900220121092005F080F928
:1082E00021002F480BF044F90321062005F060F926
:1082F0000321072005F05CF900220121062005F08A
:108300006FF900220121072005F06AF92549264866
:108310000BF036F801210A2005F04AF901210C2062
:1083200005F046F901210B2005F042F9112005F076
:10833000B3F9D024802324069B0263620D2063617D
:1083400005F0AAF980239B0163620E20636105F0AA
:10835000A3F98023DB0163620F20636105F09CF9C0
:1083600080231B0263621020A36105F095F980232E
:108370005B02A36200220121102005F031F91920CF
:1083800005F08AF980239B046362636110BDC046D7
:1083900000400340A086010000800340B03A002066
:1083A000B83A002020A1070000000440F0B5C646FE
:1083B00000B5070084B023480AF0D8FE22480AF02E
:1083C000D5FE224B00240F259846214E254233D05E
:1083D0007823234021D0782B1FD000230F22009335
:1083E000E1B201336A4438000BF0C0F9002814DB15
:1083F00040460AF093FF2B0023400F2B14D0154862
:1084000001340AF08BFF802CE0D113480AF0AEFE55
:10841000002004B004BC9046F0BD10480AF07EFF76
:108420002B0023400F2BEAD10A2001340AF090FEE2
:10843000802CEAD02542CBD1210030000AF06EFF1B
:10844000C6E7C0463430021044300210303002100B
:1084500078300210803002108430021084730210D1
:10846000F0B5DE46454657464E46E0B5D3B0FFF779
:10847000E1FE26AC8822002130A80AF0E9FC28227F
:10848000002120000AF0E4FC0C23BF4D21002868E5
:10849000237007F0EBF806F017FD002900DA65E11C
:1084A0000023BA4A8018594120902191002904DA0A
:1084B0000123B74C5B4220932194502011F08CFA99
:1084C000B44B2A6819680400984604F0B9FCB24E0F
:1084D0001420346011F080FAB04B2A681B68B04950
:1084E000239333680400019343461B680093239B46
:1084F00002F0DAFAAB4FAA483C6002F05DFAAA4CEF
:108500002000FFF753FFA948FFF750FF0C2011F0A0
:1085100063FA8C23DB008380002383710023836054
:10852000A34B04609A46186002F0EAFF002800D0CE
:1085300017E10C2011F050FA9E4B04608380002359
:108540008371002383609C4B186002F0D9FF0028E0
:1085500000D001E10C2011F03FFA984B04608380B9
:108560000023837100238360954B9B46186002F0C3
:10857000C7FF002800D0EAE0D0231B065B68DB03BE
:1085800000D4DDE05346186802F0BAFF002800D09E
:10859000D2E08C480AF0EAFD5B46186802F0B0FFB2
:1085A000002800D1C4E088480AF0E0FD824B1B6837
:1085B0001800239302F0A4FF002800D1B4E0834800
:1085C0000AF0D4FD00230025814C239325932493A6
:1085D00022681168EFF3108072B60B68002BFCD094
:1085E000BFF35F8F138951895B1A02D5D18901319D
:1085F0005B181268BFF35F8F156080F31088002B43
:1086000009D030A9206807F0E7F822681168EFF375
:10861000108072B6E1E7614B32A91B68802299464F
:1086200068460AF01BFC309A319B484600F0B0FACD
:10863000386802F015FE336832A9994680226846F0
:108640000AF00CFC309A319B484603F0A7FE614BC0
:1086500021995A6A9142BBD89B6A2098834201D2E1
:108660009142B5D05346186802F04AFF00284ED117
:108670005B46186802F044FF002841D14E4B1B684E
:108680001800209302F03CFF002830D13B6842469E
:108690002093542312683068D25A914603F0FAFBB3
:1086A000336830A99A8D049240229B5A4A4601921F
:1086B000239A039302900092259B249A209802F01B
:1086C000FBF906F001FC002928DB0023424A1218BE
:1086D0004B4120922193002B04DA01222C4B524271
:1086E000209221934346186803F0C0FA70E7324B9A
:1086F00040211B681800209302F0A2FE2390C5E7DA
:108700005B464021186802F09BFE2590B6E7534671
:108710004021186802F094FE2490A9E72F4B304ABC
:108720003F21304807F07CFC2F480AF01FFD49E745
:108730002E480AF01BFD39E72D480AF017FD2BE7FC
:108740002C4B012219682C480CF000F81AE75B4604
:10875000186802F057FE0FE7174B186802F052FE38
:10876000F8E65346186802F04DFEE2E6FFF754FDC6
:108770001421200010F048F910F018FF50212000BB
:1087800010F042F910F012FFB44F0020A02526008F
:10879000FFFFFF7F5C500020AC4E00207450002093
:1087A0000040034024500020B03A0020B83A002096
:1087B00034500020670400003C5000206304000097
:1087C00038500020A4300210C0300210F4300210E3
:1087D000785000200040054090D00300283102105E
:1087E000A0310210443102100C310210D8300210B6
:1087F0008C300210481C0020A01C0020F0B5FA208C
:10880000CE46012100B5C00007F07CFB374806F0DA
:1088100035F9FFF70FFD364B002600240025994659
:1088200007F068FB00283BD1002E08D006F04CFB77
:10883000002952DB001BA94100293BDC38D02D4B1D
:10884000186801F0D3FC2C4B1B681968EFF31080FB
:1088500072B60A68002AFCD0BFF35F8F19895A8963
:108860008A1A02D5D989013152181968BFF35F8F6E
:1088700000270F6080F31088DB899342D0D1002E4F
:10888000CED106F021FB002929DB00251B4C241842
:108890004D41002D07DB012607F02CFB0028C3D03B
:1088A00007F01EFBC0E70124154D64420126F3E7E3
:1088B0000028C4D00AF0CEFF48460AF0DDFF06F0DB
:1088C00003FB00290BDB00250E4C24184D41002D25
:1088D000B5DA01240A4D6442B1E7FFF79DFC0A4B6B
:1088E0000A4A3F210A4807F09BFBC046604400202B
:1088F00061840010A85000207850002080841E0061
:10890000FFFFFF7F404B4C0028310210A0310210C6
:1089100044310210F0B585B0FFF7A8FC4E4C201D85
:1089200005F05EFB04F09CFF0300200008220421F8
:108930000C3006F083FE04F093FF030020000822B1
:1089400004211C3006F07AFE01231420237011F05C
:1089500043F81022002104000AF07AFA012004F002
:108960009DFF0300206164228821200006F066FE3E
:108970003A4E1420346011F02FF810220021040028
:108980000AF066FA012004F089FF030020616422E6
:108990002821200006F052FE314D08202C6011F0F5
:1089A0001BF811222F49040002F0C0FD2E4F802039
:1089B0003C6011F011F83A682968040002F0A4FF45
:1089C0002A4B20001C6003F015FAE020400011F053
:1089D00003F82B6832682649040000F077FE254B27
:1089E0001C6005F00FFE244B244A029300230193E0
:1089F000234B0093002305F003FFD02010F0ECFF81
:108A0000040000F087F81F4B1C600AF023FF1E488B
:108A10000AF032FFFFF7F2FE142120000FF0F4FFFE
:108A200010F0C4FDD02120000FF0EEFF10F0BEFDCD
:108A3000E021200049000FF0E7FF10F0B7FD802192
:108A400020000FF0E1FF10F0B1FD082120000FF031
:108A5000DBFF10F0ABFDDFE77C50002078500020FA
:108A6000B44F002000000440585000205C5000200B
:108A700000800340A85000206044002040420F00C6
:108A80000582001074500020618400100022014B08
:108A90001A7070477C50002010B5114C114B2268A1
:108AA0009A4210D1104B62689A420CD10F4BA268C7
:108AB0009A4208D100230E48236008F0D7FE002117
:108AC000030040209847074B0A482360064B0021CB
:108AD0006360064BA36006F003FA0023236010BD19
:108AE00054430020DE8116F0299B72BD7ABE59D313
:108AF0005542000020A1070010B5034B034A3F2157
:108B0000034807F08DFAC04628310210DC3102100C
:108B100044310210F8B500250026002720230680E6
:108B200045600774C7540933C7540022002304006A
:108B3000026343638563C5630564456485641432D9
:108B400000214C300AF084F920001422002160300A
:108B50000AF07EF920006567A567142200217C30A9
:108B60000AF076F920001422002190300AF070F902
:108B7000A423E6500433E6500433E6500433E650B1
:108B80000433E6522300B6331F701F752000F8BD72
:108B900082B010B503937D23029202AAD25C3033D7
:108BA000C35C0400002B0BD0002A1DD020008822BB
:108BB00002A930300AF052F910BC08BC02B01847C4
:108BC000002AF3D006F080F900291ADB237C002B61
:108BD00001D1013323742023A060E160E25C002A0C
:108BE000E4D00022E254E1E706F06EF9002908DB48
:108BF0002023E25CA061E161002AD7D10122E25486
:108C0000D4E7FFF779FFC04620290DD893B2002999
:108C100007D04118027801309B189BB28142F9D1EC
:108C2000DAB27F20104070470020FCE7F0B5D6464E
:108C30004F464646C0B5020068464D006D18EB1D14
:108C4000DB08DB00C31A8A4600AF9D4692446846A3
:108C5000524530D21478194E2309F35C03700F2368
:108C60002340F35C43703A2383706B460333022D39
:108C700021D90F2189462B3188460EE0147821092D
:108C8000715C197049460C404146345D99705C70C6
:108C9000DC1C211A8D4203D3230001325245EDD151
:108CA0000022013B1A700AF061FABD461CBC9046D6
:108CB0009946A246F0BD6B46F2E7C0461432021058
:108CC000020A031C000CDBB2C0B282B0D2B21B029B
:108CD0007F2803D09B1898B202B070470130104330
:108CE000181880B2F8E7C046D0231B061868084A57
:108CF00010B58400A158002909D0030101391B1ABD
:108D0000A1505B18034A9B009B5883F3108810BD49
:108D1000B0450020B8450020D0231B061B680A4A36
:108D20009800815870B50F290BD0EFF3108472B6FC
:108D30004D1C85501A01D31A5B18044A9B009C50A5
:108D400070BD034807F012FAB0450020B845002076
:108D50002C32021084B0F0B5D64646464F46C0B518
:108D6000C4B2813C0B930890631E9C412120A3B2A6
:108D700009910A921021012268449846FFF744FFA6
:108D800008AB5B7C834203D0424602231A439046E1
:108D90000A98FFF795FF09F060FF09F097FF574A1F
:108DA000574B04000D0008F0F2FF80231B06CE187D
:108DB0000700544A544B2000290008F0E8FF020045
:108DC0000B003800310008F0ECFF80224F4B920579
:108DD00009F028FD4E4A4F4B08F0FDFF09F0ACF8B2
:108DE00009F03BFF4C4909F0CEFE09F06FFF09F096
:108DF000C3F82B226A44060008AB5078DB7A0002E5
:108E0000034390780F0000041843FFF759FF09F05F
:108E100024FF09F05BFF394A394B04000D0008F0CC
:108E2000B6FF80231B06994682468944354A364B55
:108E30002000290008F0ABFF02000B005046494615
:108E400008F0AFFF8022314B920509F0EBFC304A6D
:108E5000304B08F0C0FF09F06FF809F0FEFE2E4914
:108E600009F091FE09F032FF09F086F800222B4B41
:108E700008F097FF2A4A2B4B08F08EFF02000B00E8
:108E80000020294908F08DFF284A294B08F07FFF70
:108E900009F062F80022214B041C3900300008F070
:108EA00080FF1F4A1F4B08F077FF02000B000020D5
:108EB0001D4908F076FF1D4A1D4B08F068FF09F0B8
:108EC0004BF81C4909F0B8FE002803D04246202385
:108ED0001A4390461849201C09F0AEFE002803D022
:108EE000424640231A43904640461CBC9046994651
:108EF000A246F0BC08BC04B01847C0463333333335
:108F000033D18F40679B1BD31316F93F34D4EF3F07
:108F100014AE47E13A0DBC40005043470040AF401B
:108F200083DBB5DCE1796B3F0000F03F6666666687
:108F30006612714000000C430000164384B0F8B57F
:108F4000DE46454657464E468046E0B50C0A0B9134
:108F50000C9200210E2202300D9309F079FF0123BB
:108F60004146E0B242081A400A703A2280096A4437
:108F7000184048700BAD9078EB8900041843FFF758
:108F80009FFEC8235B0083429B4142465B42A86828
:108F90009370FFF795FE37226A4404005078EB7A0D
:108FA000000203439078802600041843FFF788FEF0
:108FB0008246200009F051FE09F088FE484A494BDC
:108FC00004000D0008F0E3FE80231B06994683464B
:108FD0008944454A454B2000290008F0D8FE444FFB
:108FE000B60502000B005846494608F0DAFE32008A
:108FF0003B0009F017FC3F4A3F4B08F0ECFE08F03D
:109000009BFF09F02AFE3D4909F0BDFD09F05EFE17
:1090100008F0B2FF00223A4B08F0C3FE394A3A4B3F
:1090200008F0BAFE02000B000020384908F0B9FE33
:10903000374A384B08F0ABFE08F08EFF43465860C5
:10904000504609F00AFE09F041FE254A254B0D0065
:10905000040008F09CFE80231B0699468246894442
:10906000214A2900214B200008F091FE02000B004C
:109070005046494608F095FE32003B0009F0D2FB0D
:109080001C4A1D4B08F0A7FE08F056FF09F0E5FD4D
:109090001A4909F078FD09F019FE08F06DFF002269
:1090A000174B08F07EFE174A174B08F075FE0200BA
:1090B0000B000020154908F074FE154A154B08F006
:1090C00066FE08F049FF4346986040463CBC904627
:1090D0009946A246AB46F8BC08BC04B01847C04647
:1090E0003333333333D18F40679B1BD31316F93F90
:1090F00034D4EF3F14AE47E13A0DBC400050434733
:109100000064AF4083DBB5DCE1796B3F0000F03FEA
:10911000666666666612714070B504000D1C161C0A
:109120000A1C190000F070F92000049A291C68300C
:1091300000F082F8311CA667281C09F01EFD311CC6
:10914000E067281C09F01CFD80230122E050043355
:109150002000E25470BDC04670B5866F0D1C04003F
:10916000311C281C09F009FD291CE067301C09F09E
:1091700007FD8023E0502000291C683000F08AF8A9
:10918000291C200000F066FA70BDC046F0B5C64646
:10919000040000B5683090460D1C1E0000F060F819
:1091A00042460700291C200000F04CF98046002EA2
:1091B0000DD1291CE06F09F029FD002806D080237D
:1091C000291CE05809F038FD002806D10126842327
:1091D0003800E65404BC9046F0BD4746F7E7C04669
:1091E00084B010B5059303000391049203AC07CC3F
:1091F00007C306CC06C310BC08BC04B01847C04661
:10920000842370B5CB5C04000D000370086A496AC2
:1092100008F0A2FE6060A86AE96A08F09DFEA060FE
:10922000286B696B08F098FEE060A869E96908F0AE
:1092300093FE2061200070BD70B504000E1C2260FA
:10924000111C301C151C09F098FC311C6060281C96
:1092500009F096FC0023A0602373200070BDC04677
:1092600070B5047B0500002C08D1806809F0E4FC8F
:1092700000280CD101232B73200070BD406809F039
:10928000C5FC00240028F7D12C731934F4E7192405
:10929000F2E7C04670B505680E1C0400291C301C9E
:1092A00009F06BFC311C6060281C09F069FCA060AF
:1092B00070BDC04670B584B0040001A842600022B1
:1092C000CBB2227180320E000D0022705A1E9341E3
:1092D000360C2D0A1B013343EDB201916370002D52
:1092E00022D110230021C278002A00D10B0002797C
:1092F000002A02D0082213435BB2A3704379002BEB
:109300000FD1002104338279002A00D10B00601CA8
:1093100000220321E370FFF777FC2071200004B0E6
:1093200070BD08210C23EEE730232021DBE7C04687
:10933000F0B5060083B00F0E0D0A0C0C05220021BB
:10934000063009F085FD01233000EDB22A09E4B2B0
:109350001A40327062091A40727022091A40F27083
:10936000E408FA08BF081D401C401A403B40B57095
:1093700034717271B37103B0F0BDC04680230370C5
:10938000002343708370C3700371704730B5C3B25C
:1093900083B000900191802B33D0062502246B46C8
:1093A0000022581C0321FFF72FFC6B461B798342D8
:1093B00000D02C006B46597898780A0011239A4304
:1093C00013000500382295436A462B430C25D278BA
:1093D000AA43134302D008231C43A4B2CB0701D5F0
:1093E00003070AD41023034204D00B4202D12023E6
:1093F0001C43A4B2200003B030BD10231C43A4B210
:10940000F0E704250024CAE70300F0B570C970C373
:10941000002630C930C3002500240023084F846192
:10942000C5618663C763046245628462C562046382
:109430004563046445640465456583648265F0BDE5
:1094400000002440F0B5CE46474680B589B080463E
:109450000C1C914605F038FD00900191002900DABE
:10946000E5E043461A6E5B6E801A994108F06CFD88
:109470000022724B08F095FC434606000F00986DE1
:10948000211C0496059709F078FB09F01FFC434660
:1094900004000D0018680294039509F017FC2200DF
:1094A0002B0008F098FC02000B004146069207933F
:1094B0000A624B62300022002B00390008F08BFC5E
:1094C00043469A69DB6908F067FC434606000F00D3
:1094D00018699E61DF6109F0F9FB0B0002000400CE
:1094E0000D003000390008F0D3FC4346002800D1BD
:1094F0008BE09C61DD614346586809F0E7FB220080
:109500002B0008F068FC434606000F000298039900
:109510009E62DF621A6D5B6D08F039FC049A059B50
:1095200008F03FFC4346040098680D0009F0CEFBAC
:1095300002000B002000290008F04DFC4346040007
:109540000D00069807991C635D6332003B0008F02C
:1095500023FC22002B0008F01FFC43469C6BDD6BB4
:1095600022002B0006000F0008F092FC00280CD10E
:10957000434630001C6C5D6C390022002B0008F063
:1095800071FC002801D134003D00029A039B414642
:1095900020000A654B65290009F04EF808F0DCFC54
:1095A000434641469864041C009A019B48460A665B
:1095B0004B66234909F040FB002823D1002148468F
:1095C00009F024FB002801D000239946211C4846BD
:1095D00009F0D6FA1A49041C09F02EFB03001920E1
:1095E000002B0AD11749201C09F0E1FA09F06EFBA3
:1095F00009F022F808F0A0FCC0B209B00CBC9046FB
:109600009946F0BD0E4B9946E0E7D86809F05EFB3D
:1096100004000D0002000B003000390008F022FCAD
:10962000002801D0434664E734003D0063E7064B61
:10963000064A3F21064806F0F3FCC04680842E41CE
:10964000000020410000204028310210403202106A
:10965000443102108165704700487047143302108E
:1096600010B50400024B03600FF078FB200010BD22
:10967000E032021010B50400044B03600FF06EFBE3
:10968000200004210FF0C0F9200010BDE0320210CC
:1096900010B5034B034A3F21034806F0C1FCC04606
:1096A00028310210283302104431021010B5042072
:1096B0000FF0F4FB024B034A0360034910F08CF8EF
:1096C000E032021061960010CC320210F0B50400B6
:1096D000D6464F4646460025C0B5260089461F009F
:1096E000834B8AB08360834B2036C360904605600D
:1096F000456010220021103009F0AAFB3000102232
:109700000021257609F0A4FB3572103630001022B6
:10971000002109F09DFB3572103630001022002127
:1097200009F096FB3572103610220021300009F046
:109730008FFB4B463572200023664346A76663665F
:1097400014220021703009F083FB20001422002134
:109750008430270009F07CFB052698239837E650D3
:1097600004213D72052009F01BFBA4239846A04468
:109770007860E650434604211D72052009F010FB75
:1097800043465860B023E5500433E552043B994604
:10979000A14400264B469E71CC239A46A244E6542F
:1097A0002000534603225E700021CE3009F050FBAA
:1097B000200003220021D13009F04AFB20000322BF
:1097C0000021D43009F044FB200003220021D730CF
:1097D00009F03EFB200003220021DA3009F038FBBB
:1097E00053465E74DE231422E552002105A809F0D9
:1097F0002FFB80232000404ADB050093E03005ABBF
:10980000111CFFF789FC2000FC22693092053A49BF
:10981000FF30FFF711FD2500BC2300227D355B00E2
:10982000FF35E25400211032280009F011FB01201D
:1098300004F034F80300286119220121280005F002
:10984000FDFE2000FA21913000228900FF3000F057
:10985000E9FF2000FA21A93000224900FF3000F082
:10986000E1FF02A8FFF78AFD052202A9E01C09F02A
:10987000F5FA0B220021484609F0EAFA3C2010F0E4
:10988000ABF805003C22002109F0E2FA00221B4B54
:10989000AA712B6000231A4AAB80AA60194A2B8256
:1098A000194BEA602A0019001432C1C9C1C241C96A
:1098B00041C2143343CB43C203CB03C22000E5664D
:1098C0000AB01CBC90469946A246F0BD4346586873
:1098D00009F0A6FA786809F0A3FA0FF067FE2800ED
:1098E00005F0BEFE2869431CF0D003F0C5FFEDE78C
:1098F0006F1283B90000A0400000A041000020C109
:109900000000D2420000F042EC32021070B5102686
:10991000046E0500A3691E420ED1322005F00EFB35
:10992000A3691E4204D110222368A3691A42FBD006
:10993000322005F003FB2C6E2022E91C0835A369B8
:109940001A42FCD10B78013123608D42F7D170BDF2
:10995000B023C158030010B5B03382B05A68040078
:109960009B686846FFF7A6FC00980199FFF70EFD7B
:109970006378002812D1991E226E012901D9002B8B
:1099800017D12021E01C083493691942FCD10378D7
:10999000013013608442F7D102B010BD023B012BAD
:1099A00003D9DE22A35A0133A352084B226E23802F
:1099B000E7E768462021441D93691942FCD10378EA
:1099C000013013608442F7D1E6E7C046030300008C
:1099D00082B0F0B5DE464E4645465746E0B50F002C
:1099E0003E001100002591368FB0090AFF36C9B23A
:1099F000029018920570D2B245708570C5700571DD
:109A000045718571300091461993059100F012FF60
:109A1000D4235B0098463C0018ABB844997898343E
:109A2000404600F007FF62886168531C1998920055
:109A30009BB2638050509822BA5A9A4202D80123AE
:109A400065802372A4239A46BA44534651465A88E5
:109A50001A98531C9BB24B80496892005050A42224
:109A6000BA5A9A4204D800235246538001331372E3
:109A70004823FB5C0193002B00D177E14B46019317
:109A8000002B00D031E13B004A4640331A723E00C1
:109A9000BE237D365B00FF36FA58EFF3108172B6B5
:109AA0001368002BFCD0BFF35F8F32897389D21A01
:109AB000009205D59446F38901339C446346009394
:109AC000BE235B00FB58BFF35F8F00221A6081F357
:109AD0001088009B002B00D06DE14823FB5C002B1D
:109AE00000D071E100230393E0239C46BC4463460D
:109AF00004939823FB5A9B46237A002B01D1638859
:109B00009B465B46002B00D15CE1636800259946CB
:109B100000239846330000244646B8464F469946EF
:109B200001CF09F0D3F802000B002000290008F053
:109B300033F90136B6B204000D00B345F0D15846F2
:109B400008F0BEF902000B002000290008F029F9F6
:109B500008F002FA47464E46011C019B002B01D13A
:109B60000023039301200023BA78013AD2B2904235
:109B70005B41039ADBB20498FFF708FBB4235B0058
:109B80009C46BC4463460493A423FB5A03909B4623
:109B900053461B7A8146002B02D153465B889B4675
:109BA0005B46002B00D10BE153465B6800249A46CC
:109BB00000239846330000254646B84657469A4645
:109BC00001CF09F083F802000B002000290008F003
:109BD000E3F80136B6B204000D00B345F0D15846A3
:109BE00008F06EF902000B002000290008F0D9F8F7
:109BF00008F0B2F947465646011C0498FFF730FBBF
:109C0000FB6E80465B79002B00D0ACE00090039A9D
:109C1000009B94466344192B00DD96E019234146CE
:109C20009B1A5B1ADBB29A46002A00D115E106ABFB
:109C30009C4601239B4633001F244E460025B9460F
:109C40001F0064445B46013521003800EDB22370EB
:109C500005F00CFDB542F5D13E004F464346002BC2
:109C600012D002239946330000254646B8461F000D
:109C70004B46013521003800EDB2237005F0F6FCAB
:109C8000B542F5D13E0047465346002B11D0002384
:109C9000B94600253700984656464346013521000F
:109CA0003800EDB2237005F0E1FCB542F5D13E007D
:109CB0004F462100300005F015FD002824D17B78A7
:109CC000023B012B03D9DE22BB5A0133BB52C12315
:109CD0009B003B8002980FB03CBC90469946A24640
:109CE000AB46F0BC08BC02B01847BC235B00FB5C71
:109CF000002B00D18EE0032B00D193E0012B00D08C
:109D0000C5E6029A1370C2E62378012B00D186E0E3
:109D1000022B02D1029A013B9370390006ACE0316C
:109D20002000FFF76DFA3B00703307CC07C306CC69
:109D300006C3FB6E9B79002B02D1059B002BC9D07B
:109D40000023029A13719370C4E7019B002B51D03A
:109D500019234A469B1ADBB29846002A00D181E0BB
:109D600000239A4663E70023984650E7300000F04E
:109D70005FFD002800D08AE64B46002B5DD0BC2357
:109D80005B00FB5C002B51D1029A013313705370BE
:109D900005F09AF800296EDB4823FB5C38640193D8
:109DA0007964002B00D072E63B00012240331A7226
:109DB0004B4601936BE606AB1F249C46644478E750
:109DC00000211AE70021C8E6BD6805F07DF80029EA
:109DD00051DB3A6C7B6C801A994108F06DFF274982
:109DE00008F0D1FE291C08F0E2FEF96808F0C8FE70
:109DF000039079E6100008F030FF08F067FF204B71
:109E0000002207F0E8FF08F067FC08F095F8C3B2FD
:109E100099469DE7029A01331370537037E6029A10
:109E200013717AE7029A023B537030E6032B10D08D
:109E3000012BADD1029A1370AAE7404600F0F8FC5E
:109E4000002800D123E60123029A13705370D370C7
:109E50001DE6029A023B53709AE706AB1F249C460C
:109E60006444FBE600239A461933984606AB1F2448
:109E70009C466444F5E6FFF70BFCC04600007A44BC
:109E80000000E83FF0B5040089B0050003A8020017
:109E9000E36EE0351433C2CBC2C242CB42C26A4643
:109EA00006AB42CB42C22600049A059B03992800C8
:109EB000FFF796F9E36E69361A79FF36002A0FD15B
:109EC000A278012A17D0022A13D099682800FFF738
:109ED00043F9E36E3000D968FFF7DCF909B0F0BD53
:109EE00006492800FFF738F900213000FFF7D2F9C2
:109EF000F4E70349EAE70249F3E7C04600008C4271
:109F000000000243F0B5C646BC27002500B590B05E
:109F100004002822002106A808F09AFF584E7F006E
:109F2000A26E1368EFF3108172B618680028FCD097
:109F3000BFF35F8F138950891B1A02D5D089013076
:109F40001B181268BFF35F8F156081F31088002B18
:109F500000D186E006A9A06E05F03EFC06AB1B789A
:109F60000E2BDDD89B00F3589F4601236370D7E783
:109F70000D9B012B05D0002B03D0032B01D0042B0C
:109F8000CED1E355CCE780235B0023802300A5706E
:109F900020331A7A002AC3D01D72C1E706AB1B7E9C
:109FA000E26E9371BCE706AB1B7E002B02D0A27859
:109FB000022A5DD0E26E20001371FFF763FFAFE766
:109FC0006378023B012B03D9DE22A35A0133A3524B
:109FD0002C4B2380A4E706AB1B7EE26E53719FE7F8
:109FE000079B0193019AE36E1A6099E7E36E079865
:109FF0009846196808F0C1FD4346986090E7079AB3
:10A00000E36E01929A608BE7079AE36E0192DA6041
:10A0100086E7089AE36E0192099A02920A9A0392DD
:10A020000B9A5A62079A04925A61019A9A61029AAB
:10A03000DA61039A1A6273E7089AE36E0192099A49
:10A0400002920A9A03920B9A0492079A05929A62D4
:10A05000019ADA62029A1A63039A5A63049A9A631B
:10A060005EE72000FFF70EFF10B004BC9046F0BD85
:10A0700022003032117A00299CD015729AE7C0462E
:10A080007832021005030000F8B50400407800287B
:10A090003DD001283CD1E56E2B79002B3CD1A37833
:10A0A000002B37D0022B32D9C0238021AF68E6586D
:10A0B000C905381C08F061FD311C08F0BDFD002801
:10A0C0002CD18021381CC90508F05AFD311C08F03C
:10A0D0009DFD002822D16B790330002B17D18121FF
:10A0E000C433ED68E458C905281C08F046FD211C5E
:10A0F00008F0A2FD002811D18121281CC90508F013
:10A100003FFD211C08F082FD434258410230F8BD5A
:10A110000520FCE70020FAE70420F8E70220F6E734
:10A1200070B585780400002D16D1C36E2C4998684F
:10A1300008F082FD002802D10323A37070BDC02364
:10A140002849E05808F062FD0028F5D001232000DE
:10A15000A370FFF797FEF1E7012D20D0022DEDD17E
:10A160003823C35C002B38D004F0AEFE002932DB6C
:10A17000226B636B801A9941002903DCDED11A4BF4
:10A180009842DBD90323A370230030331A7A002AC4
:10A1900001D000221A722000FFF774FECEE786215C
:10A1A000C023C905C05808F047FD0028C6D00223C7
:10A1B000A37004F089FE00290DDB3823E35C002B3B
:10A1C00005D0206361632000FFF75CFEB6E7230043
:10A1D00030331D72F5E7FFF75BFAFFF767FAC04609
:10A1E0000000A04200008242001C4E0EF0B5DE4688
:10A1F00057464E464546E0B54378B3B00400002BC1
:10A2000000D161E21026056EAB691E420DD13220ED
:10A2100004F094FEAB691E4204D110222B68AB6996
:10A220001A42FBD0322004F089FE2000FFF790FB99
:10A2300004F04AFE002900DADCE20023964A801886
:10A2400059410290039100294ADB029A039B10AD09
:10A250002800276E04F0BEFDDE2326009B46CC3688
:10A26000CE3B8146B246A344984603E02800C84747
:10A2700000283BD14246BB691A42F7D152463B689F
:10A28000137001239C46E244D345F3D10123984641
:10A2900023006A46CC27DC331B881380F368E0591F
:10A2A0007168B268FEF756FD6378002831D0991EB8
:10A2B0002278012900D847E2DE21635A0133635234
:10A2C00002236370002A00D1237028274246E35DF1
:10A2D000002A00D05BE2002B22D02300203373E25F
:10A2E00001226E4B524202920393AEE763789A1EAC
:10A2F000012A00D824E2DE22A35A0133A35202230A
:10A300006370002223789046002BC1D10133237063
:10A31000BEE79A1E012A00D868E2012B00D11CE298
:10A320002200D123D1325078E35C000203439078BD
:10A3300000041843FEF7C4FC2200D723D732049050
:10A340005078E35C00020343907800041843FEF762
:10A35000B7FC122205900021280008F079FD06AB19
:10A360009C462A2003220021604408F071FD06ABC0
:10A370009C462D2003226044002108F069FD032241
:10A38000002112A808F064FD06AB9C46332003228E
:10A390000021604408F05CFD06AB9C46362000219D
:10A3A0000322604408F054FD33002A0043CA43C32B
:10A3B00011682000196092889A80FFF7A3FD6378E6
:10A3C000023B012B00D86BE123006A46C43303CB68
:10A3D00003C2BC23E2582300BC335B68210008A8F9
:10A3E000FFF7F6FA200058260B2208A9B03008F033
:10A3F00035FDA35D002B08D004F066FD002900DACE
:10A40000F8E1A35D002B00D1F6E104F05DFD002929
:10A4100000DAEFE19823E35A10909B462300119154
:10A4200098331A7A002A01D15A8893465A46002A4C
:10A4300000D144E15B68002699460023984623003A
:10A4400000274C469A4600E0984601CC08F03EFCB6
:10A450000B0002003900300007F09EFC4346013338
:10A460009BB206000F009B45EED1584607F028FD31
:10A470000B000200390030000692079307F091FCB0
:10A48000544607F069FD00239A462300A86054460D
:10A49000002600279A4604E0A0860100FFFFFF7F08
:10A4A0001C004B4601CB994608F010FC0B00020043
:10A4B0003900300007F070FC631C06000F009BB2EF
:10A4C0004445EDD1069A079B07F06BFC07F044FD6D
:10A4D0005446011CE36E9A46186808F051FB534637
:10A4E000E8601B682B61534699686961186808F039
:10A4F00047FB5246A86117AB143243CA43C303CA91
:10A5000003C32100142270311CA808F0A7FCA42367
:10A51000E35A9B462300A4331A7A002A01D15A88B1
:10A5200093465A46002A00D1CCE05B680026994643
:10A530000023984623000027444698464B4601CB0B
:10A540000134994608F0C2FB02000B0030003900CC
:10A5500007F022FCA4B206000F00A345EED1584636
:10A5600007F0AEFC02000B0030003900444607F053
:10A5700018FC07F0F1FC534652466864DB68283249
:10A58000AB6423AB43CA43C303CA03C3220028AB53
:10A59000843243CA43C303CA03C3B423E25C403BCF
:10A5A000EA543E33E25C3D3BEA5453465A79762303
:10A5B000EA5453461A797723EA5453469A79782312
:10A5C000EA5466780133EE54A27801332000EA544D
:10A5D000FFF75AFD7B232278E8540133EA54023E08
:10A5E0003433E35C012E50D9BC22A25C002A43D054
:10A5F0007D220121A954002B42D17E230022EA545E
:10A60000BD23E35C7F22AB54DE23E25A5E3BEA5279
:10A61000059A0233EA52049A0233EA52F433E25CB6
:10A62000F23BEA54636E1968EFF3108072B60A6861
:10A63000002AFCD0BFF35F8F1A895989521A02D5BC
:10A64000D989013152181968BFF35F8F00260E6057
:10A6500080F31088DB89934203D0606E290005F0F7
:10A6600005F80298039904F07BFA33B03CBC90469D
:10A670009946A246AB46F0BD7D216A54002BBCD062
:10A68000B323E25C353BEA54BAE77D220021A954AA
:10A69000002B4ED0B323E25C353BEA540023B1E7F4
:10A6A0002379E1781B020B436179E27909040B43BA
:10A6B000A17908A809061943FEF73AFE92E600219F
:10A6C000A96007E7002056E704F0FEFB002900DA46
:10A6D00090E00027494E36184F41002F2CDB102206
:10A6E000256E9046AB691A420FD1322004F026FC49
:10A6F0004246AB691A4204D110222B68AB691A4258
:10A70000FBD0322004F01AFC256E20002021E21C30
:10A710000830AB691942FCD1137801322B609042AA
:10A72000F7D13000390004F01BFA2000FFF7EAFBF4
:10A730009BE77E22AB5465E70126314F7642CEE798
:10A74000032B00D1DDE5DAE5032B00D0B8E5002AC4
:10A7500000D0E5E502232370E2E50CAB9846230028
:10A760006A46D8331968404600919B889380E15926
:10A770007268B368FEF7E2FB22004346BC3283CB2B
:10A7800083C21B6820001360FFF7CAFCC8E5002BDA
:10A790001DD004F099FB00292CDB226A636A801A21
:10A7A0009941002905DC00D0BAE5164B984200D843
:10A7B000B6E580235B0023800023A37023002033B1
:10A7C0001A7A002A00D1ABE500221A72A8E504F03B
:10A7D0007BFB00290EDBE35D20626162002B00D071
:10A7E0009EE52300012220331A7299E5022B00D046
:10A7F00096E56AE5FEF74CFFFEF758FF40420F0072
:10A80000FFFFFF7F80841E0010B5034B034A3F21EA
:10A81000034805F005FCC0462831021060330210E1
:10A820004431021000230180827003747047C046D7
:10A830008078704770B5827804000D00037C8A42EE
:10A8400027D0002B19D004F03FFB002926DB237C06
:10A85000002B25D0A268E368801A9941FA220023D0
:10A86000920007F07FF82388002902DC04D1984287
:10A8700002D90023A570237470BD04F025FB0029C4
:10A880000CDB237CA060E160002BF5D10123237455
:10A89000F2E7002BF0D000230374EDE7FFF7B4FFDD
:10A8A00004200EF0FBFA034B034A036003490EF049
:10A8B00093FFC046E032021061960010CC320210C5
:10A8C00010B5034B034A3F21034805F0A9FBC046DE
:10A8D00028310210083402104431021070B5144CB3
:10A8E0002268002A1DD08025102193691148ED00AF
:10A8F000194216D193691942FCD11668036842685F
:10A90000BFF35B8F9A1AAA420CD09A05920D821857
:10A910001672BFF35B8F013303602268936919429B
:10A92000E8D070BD226893691942E3D0F9E7C046C8
:10A93000384A002030460020F0B585B00700684650
:10A9400004F048FA1A260500194C03E06846A847A7
:10A95000002815D1220008CABFF35B8F61685B1A1B
:10A96000192BF3D9013E002EF4D113682168BFF3EF
:10A970005B8FC91A192906D8002915D0002004E0D8
:10A98000002005B0F0BD01201A215A1C9B059B0D2B
:10A99000E3181B7ABB5501361300B142F5D8BFF35B
:10A9A0005B8F044B1A60ECE71A000020F7E7C04603
:10A9B000304600203446002070B504000E4B0021C4
:10A9C000186005F00DF80D4B0D49E5186B1E9D4103
:10A9D0001435280002F0B4FF2800012102F08AFF9C
:10A9E00050233822A363636B34341A4080235B0105
:10A9F0001C43226070BDC046384A002000C0FCBF26
:10AA0000DDA80010F0B5C64600B584B080466846A3
:10AA10000D0004F0DFF90600002D36D00027204C91
:10AA200003E06846B047002828D1220008CABFF3D7
:10AA30005B8F61685B1A9D42F3D80137BD42F4D148
:10AA400013682168BFF35B8FC91AA9421BD800297C
:10AA500023D0D8435E1840445A1C9B059B0DE31835
:10AA60001B7A835413009642F6D10E4B491B484281
:10AA70004841BFF35B8FC0B21E6000E0002004B00D
:10AA800004BC9046F0BD2900E1E7064B00211A1FE7
:10AA90001E681268BFF35B8FE8E71E00E5E7C0465B
:10AAA00030460020344600208360009B0160C36074
:10AAB000019B426003617047F0B5DE4657464E4643
:10AAC0004546E0B5A7B0029330AB019204CB834674
:10AAD0001B8803929A4633AB1B881022049334AB35
:10AAE0001B880F0008A80021059308F0B1F9012385
:10AAF00006AA9446422207AE07930433F360B3825A
:10AB0000153363441A80002200240121B8485A807A
:10AB10002032036864000B40013A1C19002AF8D166
:10AB2000329BB4495D006D08281C746008F089F8F8
:10AB3000002800D031E1AF49281C08F06DF800284A
:10AB400000D02AE10023994686230022FB5C904630
:10AB5000013BDBB2032B02D8A74AD35C98460622FE
:10AB600000211DA808F074F97923FA5C763B022ACB
:10AB700001D8A24B9B5C15AD2B707A23FB5C0022A5
:10AB8000013BDBB2022B01D89D4AD25C7B236A7069
:10AB9000FB5C0022013BDBB2052B01D8994AD25C59
:10ABA00006AB9C46AA703F22FB686244190A1370E8
:10ABB0005170190C1B0E9170D3704322BB69624413
:10ABC000190A13705170190C1B0E9170D370472223
:10ABD0007B6C6244190A13705170190C1B0E917032
:10ABE000D3704B22BB6C6244190A13705170190C5C
:10ABF0001B0E9170D3704F223B696244190A137087
:10AC00005170190C1B0E9170D3705322534662443D
:10AC100013701B0A53707D23FB5C4A466B767E23C0
:10AC2000FB5C100AAB767623FB5C7968EB767723C6
:10AC3000FB5C2B777823FB5C6B777F23FB5CAB772C
:10AC40005B2363441A70802258706123BA5C6344AA
:10AC50001A703A008032527838685A70002900D150
:10AC600096E0FA220023920006F094FEFA21890071
:10AC700006F052FE06AA94466323020A63445A7001
:10AC8000020C18709A70000E8222D8706723BA5C8A
:10AC900063441A703A00823252781E205A7084221D
:10ACA0006923BA5C63441A703A0084325278604473
:10ACB0005A706B22019B6244190A13705170190C6F
:10ACC0001B0E9170D3706F22029B6244190A13709D
:10ACD0005170190C1B0E9170D3707322039B624448
:10ACE000190A517019021370090E1B0E9170D3705E
:10ACF0003B234246EA543933FB5A2021AB87049B5D
:10AD0000EB874023059AEA523F4B1A685A605B462C
:10AD10001B689A691142FCD1327801361A60B04240
:10AD2000F7D106AA7E209446202160449A691142F8
:10AD3000FCD12A7801351A60A842F7D11A220021E5
:10AD40000EA808F085F804F0BFF800294EDB0023B8
:10AD50002E4A12184B41002B02DA01222C4B524290
:10AD60000EA8FFF7E9FD00280BD006AA06AB158F49
:10AD7000DB8E2D041D431FD1119B00200193032B5B
:10AD800011D027B03CBC90469946A246AB46F0BDD8
:10AD9000FA21890006F0C0FD68E7329807F084FFC9
:10ADA00083B29946D0E6109B01939C42E9D1129858
:10ADB00043425841C0B2E4E7280007F0D3FF040043
:10ADC00004F082F8002911DB0023124A12184B41CB
:10ADD000002B02DA01220E4B524229002000FFF71D
:10ADE00011FE200008F01CF80020CAE7FFF768FDFC
:10ADF0001C000640FFFF7F7FF0330210D0330210AB
:10AE0000D4330210D833021030460020A08601004F
:10AE1000FFFFFF7F50C30000F0B54F464646D646C1
:10AE2000C0B5CB7D8E7D1B0233430E7EA4B03604AD
:10AE300033434E7E070036060D001E43292E36D0C2
:10AE40004B790A791B021A438B79CD791B04134382
:10AE500000212D0616221AA81D4307F0F9FF012331
:10AE600019AC19930333E3600133A382202100233B
:10AE70000120D64E32685B0002400139D318002908
:10AE8000F8D1636003237E2023613B68A56068449A
:10AE900020319A691142FCD1227801341A60A04213
:10AEA000F7D124B01CBC90469946A246F0BD19AC1F
:10AEB00029220021200007F0CBFF04F005F800292B
:10AEC00000DAC9E10023C24A12184B41002B02DA12
:10AED0000122C04B52420EA803F07CFF29239A4660
:10AEE000BD4B8146984603E00EA8C847002841D1D3
:10AEF0004246414608CABFF35B8F49685B1A282B5C
:10AF0000F2D901235B429C46E2445346002BEFD129
:10AF1000414613680968BFF35B8FC91A282902D814
:10AF2000002924D00E00D84300222018591C9B056C
:10AF30009B0D43441B7A013243540B009642F5D8D3
:10AF40004246BFF35B8F5160292E13D103AA2521FE
:10AF50001AA800F0D7F92368039A934200D041E180
:10AF600063680D2B48D89D4A9B00D3589F46BFF37A
:10AF70005B8F13606B792C791B022343AC7916220B
:10AF800024042343EC79002124060FA81C4307F076
:10AF90005FFF01234C216A460E930333521811932D
:10AFA0000133138001200023884D2C392A685B006F
:10AFB00002400139D3180029F8D11094522412907C
:10AFC00020203A680F936C440EAB91690842FCD183
:10AFD0001978013311609C42F7D162E728220021E1
:10AFE0000EA807F035FF38216A460D2352181100CC
:10AFF0007868137004F0B4FB6B792C791B0223433F
:10B00000AC79162224042343EC79002124060FA8EE
:10B010001C4307F01DFF01234C216A460E930233A7
:10B02000521811930233138001200023674D2C39ED
:10B030002A685B0002400139D3180029F8D1109426
:10B040005224202039680F936C440EAB8A69104259
:10B05000FCD11A7801330A609C42F7D121E7202203
:10B06000E369A15C1B0A09061943386901F0ECFA8F
:10B07000C2E7E3691A0A2023E35C1B061343013B82
:10B08000032B03D8564A9B009B589A46282200213E
:10B090000EA807F0DDFE6A4638210E235218137001
:10B0A000534611007868159304F05AFBA4E7A3688F
:10B0B000207B1B0A0006184307F0F6FD81B2F868F2
:10B0C00000F098FC98E7217AF86800F07BFC93E7A1
:10B0D000A368217B1B0A09061943F86800F042FCAB
:10B0E0008AE7A3681A0A237B1B0613430493E368C9
:10B0F0001A0A237C1B061343059323691A0A237D2E
:10B100001B061343069363691A0A237E1B06134327
:10B110000793A3691A0A237F1B0613436A46089301
:10B1200007AB03CB03C20499059A069BF86800F0AD
:10B13000B3FC61E7A368217B1B0A09061943F86881
:10B1400000F076FC58E7386901F086FA54E7217A76
:10B1500000297CD0F86800F0F3FC4DE7217AF8680C
:10B1600000F018FC48E7A3681A0A237B1B06134368
:10B170000993E3681A0A237C1B0613430A93236985
:10B180001A0A237D1B0613430B9363691A0A237E55
:10B190001B0613430C93A3691A0A237F1B06134350
:10B1A0006A460D930CAB03CB03C209990A9A0B9B19
:10B1B000F86800F09BFC1FE7A368217B1B0A0906C7
:10B1C0001943F86800F050FC16E7C0461C00064022
:10B1D00050C30000FFFFFF7F30460020983302106D
:10B1E000E03302106B792C791B022343AC791622D1
:10B1F00024042343EC79002124060FA81C4307F004
:10B2000027FE01234C216A460E93033352181193F3
:10B210000133138001200023104D2C392A685B0074
:10B2200002400139D3180029F8D10F93109402235A
:10B2300052242020396812936C440EAB8A69104264
:10B24000FCD11A7801330A609C42F7D129E63869AB
:10B2500001F008FA217A7DE7FFF732FB1C00064077
:10B2600030B5204C8BB02268BFF35B8F636805005C
:10B270009A4201D10BB030BD1A22002103A807F079
:10B28000E7FD03F021FE002929DB0023164A1218EE
:10B290004B41002B15DB03A8FFF74EFB00280DD018
:10B2A000124807F063FF1A2103A8FDF7BFFC039BB8
:10B2B000022B03D1069B0193062B0BD023686360FE
:10B2C000D8E701220A4B524203A8FFF735FB0028BA
:10B2D000E6D1F3E703A92800FFF79EFDCAE7FFF7D1
:10B2E000EFFAC0463046002010270000F433021069
:10B2F000FFFFFF7F0022024B1A605A607047C04672
:10B3000030460020F0B5DE4657464E4645460023FF
:10B31000E0B51360384B83B09A461B6801908946AC
:10B320009346002B4DD1FF2380201B06514600225F
:10B33000324D0127324E9C46400007E03D002F4B26
:10B34000154098466D4235404544043154086540E7
:10B350003C002A4B2C4098466442344044446D08DB
:10B3600065403C003B002C40644234406D0844443E
:10B370006C403D0023405B423340640843446340DB
:10B380003C001D406D4235405B0845445D403B003C
:10B390002C406442344044446D086C4023405B427E
:10B3A00033406408434463403C001C4064423440E2
:10B3B0005B0844445C40634601325C400C6082425E
:10B3C000BCD14B46002B0FD000220198C118544627
:10B3D000037801305340DBB29B00E358120A5A4015
:10B3E0005B461A608142F2D103B03CBC904699465C
:10B3F000A246AB46F0BDC046604A00202083B8EDAF
:10B40000E07C4712052270B50026050084B0437920
:10B4100003AC227063700179009622000223006859
:10B4200008F03AF9054B2979238028680096022311
:10B43000220008F031F904B070BDC04606ACFFFF31
:10B440000423F0B5C646984600B584B06B46424624
:10B45000002604000F00DA720179073200960123FA
:10B460006A4403AD006808F017F9012321790096BA
:10B470002A00206808F07AF92B783B409F4204D0DC
:10B48000A06804B004BC9046F0BD6B460B22DE728F
:10B49000217901236A440096206808F0FDF821799B
:10B4A00002232A000096206808F060F96B464246A5
:10B4B000DA720B222F88217901236A4400962068D2
:10B4C00008F0EAF8217901232A000096206808F0A4
:10B4D0004DF942462B782A70402293436B702179B4
:10B4E00002232A007FBA0096206808F0D5F838B207
:10B4F00007F0B8FBF621890507F059FBA060C0E70B
:10B5000010B50400807984B0002801D004B010BDCB
:10B510000F220090012321796A44206808F026F95F
:10B52000C317181AC00FA071F0E7C046016042604F
:10B530007047C046F0B5C64600B5984682B00500D3
:10B5400017004368C046C046C04601242200D026EA
:10B550009A403606B261C046C046C046032201ABDF
:10B560001A700A0C49BA5A705980042219000068EE
:10B5700017F0F6FC43463A000021286817F088FCD3
:10B580006B68C046C046C0469C407461C046C04619
:10B59000C04602B004BC9046F0BDC0462023F0B5C2
:10B5A00083B001AF3B700B0C49BA7B70040079800B
:10B5B0004368C046C046C04601263200D0259A40A6
:10B5C0002D06AA61C046C046C04606236A466946A3
:10B5D00013700068012217F0C3FC6368C046C046C0
:10B5E000C04632009A406A61C046C046C0466368A1
:10B5F000C046C046C04632009A40AA61C046C04616
:10B60000C04604223900206817F0AAFC6368C046CF
:10B61000C046C0469E406E61C046C046C046012638
:10B6200005276368C046C046C04632009A40AA61FA
:10B63000C046C046C0466B466A461F806946022324
:10B64000206817F09DFC6368C046C046C0463200C3
:10B650009A406A61C046C046C0466B465B781E424F
:10B66000DFD103B0F0BDC046F0B5C646802600B5B8
:10B670007600C2B004000D0090460021320002A8FE
:10B680001F0007F0E5FBB74200D88EE0022301AEB1
:10B6900033702B0C6DBA737075806368C046C046FA
:10B6A000C04601273A00D0259A402D06AA61C0461F
:10B6B000C046C04606236A466946137020680122C8
:10B6C00017F04EFC6368C046C046C0469F406F619D
:10B6D000C046C046C0460523012798466368C04659
:10B6E000C046C0463A009A40AA61C046C046C0461D
:10B6F0006B46424669461A80206802236A4617F064
:10B700003FFC6368C046C046C0463A009A406A6142
:10B71000C046C046C0466B465B781F42DED16368B8
:10B72000C046C046C0463A009A40AA61C046C046DC
:10B73000C04604223100206817F012FC802202A9C2
:10B740005200206817F00CFC6368C046C046C04633
:10B750009F406F61C046C046C046D02601250527E0
:10B7600036066368C046C046C0462A009A40B261A9
:10B77000C046C046C0466B466A461F8069460223E3
:10B78000206817F0FDFB6368C046C046C0462A002B
:10B790009A407261C046C046C0466B465B781D4207
:10B7A000DFD142B004BC9046F0BD3A00414602A849
:10B7B00007F054FB6AE7C046F0B5C6469F2300B5C4
:10B7C00082B0019307004368C046C046C0460125C9
:10B7D0002A00D0269A403606B261C046C046C0460E
:10B7E00001AC052322002100006817F0C9FB7B682B
:10B7F000C046C046C0469D407561C046C046C04672
:10B800000523012598467B68C046C046C0462A00ED
:10B810009A40B261C046C046C0466B464246694641
:10B820001A80386802236A4617F0AAFB7B68C04674
:10B83000C046C0462A009A407261C046C046C04613
:10B840006B465B781D42DED1A378E0781B02C018FE
:10B8500080B202B004BC9046F0BDC046F0B5474689
:10B86000CE46902380B585B00293002302AD2B71A4
:10B8700007004368C046C046C04601263200D024B7
:10B880009A402406A261C046C046C04605232A004D
:10B890002900006817F074FB7B68C046C046C046AC
:10B8A0009E406661C046C046C046012398460433A8
:10B8B000994601AE7B68C046C046C04642469A40A3
:10B8C000A261C046C046C0464B46320033803100BC
:10B8D0000223386817F054FB7B68C046C046C04658
:10B8E00042469A406261C046C046C04642467378AE
:10B8F0001A42DFD12879431E9841C0B205B00CBC72
:10B9000090469946F0BDC04670B50500114C0160E7
:10B91000426021003C22083007F0A0FA0E4B0022C2
:10B920006B644823EA522B000021443399710B4980
:10B93000E9640B4929651A82220014333C3243CA58
:10B9400043C303CA03C3503407CC07C3280006CC43
:10B9500006C370BD40340210000020C10000D24276
:10B960000000F04200B58BB06A460223137000233A
:10B97000029303930493059300234164019113768A
:10B980006946006807930893099303F06FFE0BB0B4
:10B9900000BDC04600B549238BB06A46C154433B45
:10B9A00013700023019302930393049305930023E0
:10B9B00011760068694607930893099303F056FED1
:10B9C0000BB000BD00B54A238BB06A46C154423B60
:10B9D00013700023019302930393049305930023B0
:10B9E00011760068694607930893099303F03EFEB9
:10B9F0000BB000BD10B554238AB06A46C1524B3B10
:10BA000004681370080007F028F900236A460293BF
:10BA10000393049305930023019013766946200055
:10BA200007930893099303F021FE0AB010BDC046A6
:10BA300030B5040095B0081C616C07F09EF8282210
:10BA4000051CE06400210AA807F002FA24682822F5
:10BA50000AA968460B9507F001FA6946200003F031
:10BA600005FE15B030BDC04600B58BB06A46042354
:10BA7000137000230293039304930593002301653D
:10BA8000019113766946006807930893099303F0C0
:10BA9000EDFD0BB000BDC04684B070B58AB0119307
:10BAA0000FAC0300109222000F91583362CA62C398
:10BAB00022CA22C3109B6A460293119B69460393D4
:10BAC000129B00680493139B0593032313700F9B31
:10BAD00001930023137607930893099303F0C6FD9F
:10BAE0000AB070BC08BC04B01847C04684B070B53A
:10BAF0008AB011930FAC0300109222000F916C33A7
:10BB000062CA62C322CA22C3109B6A460293119B77
:10BB100069460393129B00680493139B05930523C6
:10BB200013700F9B019300231376079308930993D7
:10BB300003F09CFD0AB070BC08BC04B01847C046B6
:10BB400000B548238BB06A46C154413B13700023B3
:10BB500001930293039304930593002311760068E5
:10BB6000694607930893099303F080FD0BB000BD6D
:10BB7000F0B5C6460500040000B521494435D0B0F3
:10BB80003C226431280007F069F96068FFF766FE1F
:10BB9000002817D06068FFF70FFE802310AE320038
:10BBA0005B0000216068FFF7C5FC3678119B3C22E2
:10BBB00013A901A89846129F07F050F9012E01D150
:10BBC0003C2F08D03C220F49280007F047F950B01D
:10BBD00004BC9046F0BD6A463C2101A8FFF792FBE9
:10BBE000009B4345EED1200001A93C22083007F01C
:10BBF00035F93C2201A9280007F030F9E7E7C046F3
:10BC000040340210E0340210F0B50600C5B04436EE
:10BC100005006A4630003C21FFF774FB0021B82282
:10BC200016A807F015F9002201AB019201321A7033
:10BC3000009A04AC02923C220392220083CB83C27E
:10BC40003C22310007A807F009F968680021FFF7D6
:10BC5000A5FC802322005B0000216868FFF704FD3B
:10BC60002800FFF785FF45B0F0BDC046010010B5C4
:10BC7000083104003C22443017F022F9002800D19A
:10BC800010BD2000FFF7C0FFFAE7C046F0B5CE4672
:10BC9000474602230024002580B595B00AAF3B70CB
:10BCA000436C0600390000680B930C950D950E95BA
:10BCB0000F953C7611941294139403F0D7FC49230A
:10BCC0000622F35C390030683A700B950C950D959F
:10BCD0000E950F953B7611941294139403F0C6FCC5
:10BCE0004A230822F35C390030683A700B950C95B2
:10BCF0000D950E950F953B7611941294139403F0C5
:10BD0000B5FCF36C282299460021380007F0A0F812
:10BD10003368282298464B46390068460B9307F053
:10BD20009DF86946404603F0A1FC5423F05A06F002
:10BD300094FF6A46092369461370019002950395A2
:10BD4000049505953068147607940894099403F0D7
:10BD50008DFC6A4604231370336D0295019303959D
:10BD600004950595694614763068079408940994FB
:10BD700003F07CFC6A4603231370B36D694601939C
:10BD8000F36D30680293336E0393736E0493B36E56
:10BD90000593147607940894099403F067FC6A46A7
:10BDA00005231370F36E69460193336F3068029375
:10BDB000736F0393B36F0493F36F05931476079433
:10BDC0000894099403F052FC482369460722F35C67
:10BDD00030680A70019502950395049505950B76D8
:10BDE00007940894099403F041FC15B00CBC9046EC
:10BDF0009946F0BD10B50400FFF7BAFE4823E35C96
:10BE0000002B03D12000FFF741FF10BD04F0BCF868
:10BE10000028F7D103F058F8002911DB0BD0FA22E3
:10BE20000023920005F0B6FD084B9842EAD848235B
:10BE30000022E254E6E7FA21890005F06DFDF3E700
:10BE4000034B044A3F21044804F0EAF81F4E000067
:10BE5000283102101C3502104431021010B5034B7A
:10BE6000034A3F21034804F0DBF8C04628310210A2
:10BE7000C83502104431021010B50400C068002813
:10BE800001D00CF0E5FE2068002801D00CF0E0FEA7
:10BE9000200010BD037A10B50400002B03D1FF244D
:10BEA000E405201C10BD03F00FF8002918DB237AED
:10BEB000002B17D022686368121A8B4119001000FA
:10BEC00006F0FAFE0C4906F05EFE0B4906F05BFE3A
:10BED0000021041C06F09AFE0028E2D00024E0E7CE
:10BEE000FFF7BCFF04200CF0D9FF044B044A0360A9
:10BEF00004490DF071FCC04600007A44E0320210A3
:10BF000061960010CC320210F0B5D64646464F4638
:10BF10008A46C0B5836C466C90B09A1BD2109300D1
:10BF20009B1819015B1819025B1819045B185B0058
:10BF30009B1804009A4500D2C8E000229246002BCC
:10BF400000D1DBE07368326800209F1ABA109300BA
:10BF50009B1819015B1819025B1819045B185B0028
:10BF60009B18002100220090019102929846002B1C
:10BF700007D06A4A934200D9BEE038000DF02CFD8C
:10BF800080464346474400930193029733687168A3
:10BF90009C468B4211D04246A1CBA1C29942FBD113
:10BFA00063460C39C91A5E4B8908594389008908D0
:10BFB00001314B005918890088444346F2680193C7
:10BFC00033699F1AFA1053009B1819015B18190264
:10BFD0005B1819045B189B009B180022994603927A
:10BFE00004920592002B07D04E4A934200D981E07B
:10BFF00038000DF0F1FC81464B464F440493059701
:10C000000393F3689C463369614698464E469C45C7
:10C0100033D033000A00A1CAA1C3A1CAA1C3A1CAD7
:10C02000A1C3126828311A6028368845F1D14746E5
:10C030006346283FFF1A3C4BFF087B43DB00DB08CD
:10C040005F1CBB00DB19DB009846C84443464E46E4
:10C05000049306AFC84510D03B00320023CA23C367
:10C0600023CA23C323CA23C3126839001A60606A33
:10C0700003F076FB2836B045EED15346A38502F097
:10C0800023FF002934DB3823E35C002B24D1230079
:10C09000012230331A72524620636163002A05D1AF
:10C0A00051464032A152A18500221A7203980028FD
:10C0B00001D00CF0CDFD0098002801D00CF0C8FD97
:10C0C00010B01CBC90469946A246F0BD53465B009A
:10C0D0005344DB00F61835E7534620636163002BB9
:10C0E000E4D152464033E2522300A2853033DBE7ED
:10C0F000FFF7B4FE0DF090FC0DF08EFC11000B4824
:10C100000DF0CAFC6846FFF7B7FE0DF04FFA009835
:10C110000028FAD00CF09CFDF7E7C04655555515A0
:10C12000ABAAAA2A66666606CDCCCC0C7C3502107A
:10C1300082B0F0B54546DE4657464E46E0B50500AE
:10C1400089B01393696CAB6C12925A1AD210930097
:10C150009B181C011B191C021B191C041B195B00DA
:10C16000808D9B18984200D3F2E046003618F60006
:10C170008E197368326800209F1ABA1093009B18BA
:10C1800019015B1819025B1819045B185B009B18F6
:10C19000002100220290039104929B46002B07D0BD
:10C1A000794A934200D9E0E038000DF015FC83464F
:10C1B0005B465F44029303930497336871689C461F
:10C1C0008B4200D1C9E05A4691CB91C29942FBD132
:10C1D00063460C39C91A6D4B89085943890089088F
:10C1E00001314F007F18BF005F44F2683369039745
:10C1F0009B1ADA10984653009B1819015B18190214
:10C200005B1819045B189B009B1800229C46059242
:10C2100006920792002B0AD05D4A934200D9A2E011
:10C2200040460DF0D9FB029B84469B46039F634624
:10C2300006930593434663440793F3680193336978
:10C240009A46019B534500D189E01900E1464B46CF
:10C250000A0051CA51C351CA51C351CA51C31268CD
:10C2600028311A6028239846C1448A45EFD15046A8
:10C27000019B2838C01A474BC0085843C000C0086B
:10C28000013083001818C000604406905C465F458A
:10C2900018D06268237890462689012B4ED0002B57
:10C2A00044D0022B09D13823EB5C002B1FD1002096
:10C2B000414606F0B9FC00282ED10C34A742E8D143
:10C2C000059B9C466346002B02D060460CF0C0FCE8
:10C2D0000298002801D00CF0BBFC09B03CBC904691
:10C2E0009946A246AB46F0BC08BC02B0184702F023
:10C2F000EBFD002935DB2A6B6B6B801A994106F048
:10C30000DBFC254906F03FFC234906F03CFC414696
:10C3100006F08AFC0028D0D031002800FFF7F4FD99
:10C3200005980028D4D00CF093FCD1E730217D2370
:10C3300006AA5218D35C002BBFD0EDE72B7E002B52
:10C34000B5D002F0C1FD002911DB2A696B69D4E781
:10C3500000212800FFF7D8FDBFE75F4645E76046AC
:10C3600093E7FFF77BFD0DF057FB0DF055FBFFF753
:10C3700075FD02A8FFF780FD0DF018F9029800285E
:10C38000FAD00CF065FCF7E755555515ABAAAA2A6B
:10C3900066666606CDCCCC0C00007A4482B0F0B55F
:10C3A0004746CE4680B5A1B0289277220400299353
:10C3B00028AB9D5C06329B5C006A9846237A002B72
:10C3C00000D16EE04823C35C002B0DD19B4B61680C
:10C3D0005A6A2668914207D89B6AB34201D29142B9
:10C3E00002D00121FFF7ACFB29234246E35C002A7F
:10C3F00031D1002B00D075E05423206AC35A002DA0
:10C4000004D12822A25C002A00D099E0628D9A42D1
:10C4100009D0002B00D073E0227A002A3FD00023FD
:10C4200023725433C35A41462922A154013AA554D8
:10C430002AA963855832684606F010FD289A299B80
:10C440002000FFF775FE21B00CBC90469946F0BC69
:10C4500008BC02B01847002BCED102F035FD0029F0
:10C4600000DAE8E0237E002B01D101332376482354
:10C470002061206A6161C35C002B00D0B8E05423C6
:10C48000C35A002B00D09AE0227A002A69D1002DED
:10C4900000D0B2E02822A55C002DB7D000250023F3
:10C4A000C1E75433C35A002B9ED0654A5A43914684
:10C4B00002F00AFD06000F1E00DABCE0FA2200239B
:10C4C00092004846002106F03BFB36184F41002FF2
:10C4D00002DA01265B4F7642237A002B6AD026606F
:10C4E000676081E7237E002B01D043462376A38D2E
:10C4F000002B00D180E700212000FFF705FD7BE73E
:10C500004F4A5A43914602F0DFFC06000F1E00DA44
:10C5100091E0FA22002392004846002106F010FB29
:10C5200036184F41002F02DA0126464F7642237A11
:10C53000002B0ED05423226A26606760D35A72E71C
:10C54000002B1BD1227A151EA9D0002300252372AF
:10C5500069E70123226A2372533326606760D35A46
:10C5600061E72372002D04D12823E55C0022002D11
:10C57000E9D1638D002B00D155E74DE7304A5A438E
:10C58000914602F0A1FC06000F1E54DBFA220023A4
:10C5900092004846002106F0D3FA36184F41002F8A
:10C5A00041DB237A002B35D05423206A2660676054
:10C5B000C35A2BE7012326606760237214E7204AE1
:10C5C0005A43914602F080FC06000F1E33DBFA222C
:10C5D000002392004846002106F0B2FA36184F4177
:10C5E000002F24DB237A002B0CD02660676003E742
:10C5F0000021FFF7A5FA206A41E7638D002B00D1E7
:10C6000011E74CE70123206A2372533326606760E9
:10C61000C35AF4E60123206A23725333266067600D
:10C62000C35A0025F2E60126064F7642B9E70126F5
:10C63000044F7642D6E7FFF711FCC04600400540A4
:10C6400060EA0000FFFFFF7F402310B5C1520121C7
:10C65000FFF75AFC10BDC04610B50021FFF754FC8F
:10C6600010BDC046F8B55423026A0400D55A002D07
:10C6700004D1027A002A00D00572F8BD1248454361
:10C6800002F022FC06000F1E1CDBFA22002392009F
:10C690002800002106F054FA8019794100290ADBAC
:10C6A000237A002B02D020606160E6E7012320603E
:10C6B00061602372E1E70120237A40420349002BA5
:10C6C000F1D1F3E7FFF7CAFB60EA0000FFFFFF7F4D
:10C6D000F0B5DE4657464E4645460300E0B50F002E
:10C6E00083B05C6801900068211AC9108A00521852
:10C6F0001301D2181302D2181304D3185B003A1A8C
:10C700005B1800909346002B00D1AFE05A00934293
:10C7100000D89FE010235B42984640460DF05CF93C
:10C72000182381464B449A46C84458461822484428
:10C73000002106F08DFB009A974230D04B46002135
:10C7400059609960196010681860116055685868E0
:10C750005D605060956898689D609060196159614E
:10C76000D960D068D860D160186915691D61106101
:10C77000586955695D615061183218339742DFD1AD
:10C780003A00009B183AD21A494BD2085343DB00B7
:10C79000DB0802335A00D318DB004B449A46A74209
:10C7A0002FD0E21B183A424BD20853435246DB00CB
:10C7B0003A433900DB0852075ED1002B5CD00133CD
:10C7C0009C4650460027002200230D684E68013722
:10C7D000056046608D68CE680A604B608560C66003
:10C7E0000D694E698A60CB60056146610A614B61E3
:10C7F000183018316745E8D363465B006344DB00BB
:10C800009A44009B1F00A3420CD0F868002801D076
:10C810000CF01EFA3868002818D018370CF018FAF7
:10C82000A742F2D1009B002B02D018000CF010FAA6
:10C830004B46019A1360534653604346936003B0DE
:10C840003CBC90469946A246AB46F0BD1837A7427D
:10C85000DBD1E7E7174B9A4200D95BE7002A06D104
:10C8600018239A460023984699465EE70122530012
:10C870009A18D300984650E7524600200D68086089
:10C8800015604D68486055608D6888609560CD681A
:10C89000C860D5600D69086115614D69486118313E
:10C8A000556118328C42E9D101339C46A4E7C04659
:10C8B000ABAAAA0AAAAAAA0AF0B54E46DE4657466D
:10C8C00045460C00E0B50768466883B0F11B891047
:10C8D00000928A0052189B461301D2181302D218F4
:10C8E0001304D3185B00E21B5B1880469146002BB3
:10C8F0005ED05A00934251D904256D4228000DF0B4
:10C900006BF82B0082460500534401930C355B46BF
:10C91000D144186806F0A6F949460C9B009A1B887A
:10C92000127848600A700B81A74212D03B00524631
:10C9300023CB23C29C42FBD122000C3AD21B1F4BBB
:10C94000920853439B009B0802335D00ED18AD0035
:10C950005544A64210D0361B0C3E184BB608734304
:10C960009B009B0801335E00F618B60028003200D9
:10C97000210006F073FAAD19002F02D038000CF038
:10C9800067F9434652461A60019A5D609A6003B0A7
:10C990003CBC90469946A246AB46F0BD084B9A4235
:10C9A000AAD8002A05D100230C2501939A46AEE7A8
:10C9B00001225500AD18AD00A0E7C046ABAAAA2AD7
:10C9C00055555515F0B50300454657464E46DE46CB
:10C9D0000C00E0B580465E6800681700311AC91087
:10C9E0008A0052181301D2181302D2181304D31854
:10C9F0005B0085B05B180090251A002B00D13FE149
:10CA00005A000192934200D830E110235B42180093
:10CA100001930CF0E1FF81463B6879689C46CB1A94
:10CA20009A109B4693009B1818011B1818021B189C
:10CA300018041B185B009A1800234D442B606B6090
:10CA4000AB600020002A09D0AF4B9A4200D93EE1EA
:10CA500058460CF0C1FF3B6879689C465B46C3189A
:10CA600028606860AB6061451AD002008246634668
:10CA7000AB460800029432CB32C29842FBD101008F
:10CA8000634650465D460C39C91AA04B8908594384
:10CA90008900890801314B0059188900029C40180F
:10CAA000FB6839699C46CB1ADA109A4653009B18EA
:10CAB000686018011B1818021B1818041B189B002B
:10CAC0009A180023EB602B616B619B46002A0AD009
:10CAD0008F4B9A4200D9F8E050460CF07DFFFB687E
:10CAE00083469C4639695B46EB602B6153465B4449
:10CAF0006B618C4522D067465846AA46029603943D
:10CB000003003A0070CA70C370CA70C370CA70C3A1
:10CB1000126828371A602830B942F1D16346554669
:10CB20002839C91A7B4BC9085943C900C9080131C2
:10CB30008B005918C900029E039C8B445B460098E9
:10CB40002B6102004B4600214D46A0422DD059607A
:10CB500099601960106818601160556858685D60C8
:10CB60005060956898689D60906019615961D960BE
:10CB7000D068D860D160186915691D611061586965
:10CB800055695D615061183218339442DFD122003B
:10CB9000009B183AD21A604BD2085343DB00DB08E3
:10CBA00001335D00ED18ED004D441835A64234D038
:10CBB000321B183A584BD20853432A00DB00224359
:10CBC000DB08520766D1002B64D001339C46290054
:10CBD000002000220023B246AB46674625686668FF
:10CBE00001300D604E60A568E668226063608D606C
:10CBF000CE6025696669A260E3600D614E612261C5
:10CC0000636118311834B842E8D356465D46BC46D5
:10CC100063465B006344DB00ED18009B1C00B342DD
:10CC20000CD0E068002801D00CF012F82068002831
:10CC300018D018340CF00CF8A642F2D1009B002B4F
:10CC400002D018000CF004F84A46434624C342467A
:10CC5000019B4B44936005B03CBC90469946A2466C
:10CC6000AB46F0BD1834B442DBD1E7E72B4B9A4218
:10CC700000D9CAE600239946002A00D1CCE602E09A
:10CC800001231A000193944653006344DB0001938F
:10CC90001800BEE62A00002120682160106060684C
:10CCA00061605060A068A1609060E068E160D06061
:10CCB0002069216110616069616118345061183226
:10CCC000A642E9D101339C46A2E70CF0A5FE0CF088
:10CCD000A3FE04002868002801D00BF0B9FF200053
:10CCE0000BF096FE4B46002B05D12800FFF7C4F849
:10CCF0000CF08CFDF4E748460BF0AAFFF8E70BF0C8
:10CD0000C1FE0CF053FCC04655555515ABAAAA2AD6
:10CD100066666606CDCCCC0CABAAAA0AAAAAAA0A59
:10CD20000368F0B54E46454699465746DE46E0B59F
:10CD300015004A4643680E00991AC9104A00521855
:10CD400098461301D2181302D2181304D3184A4676
:10CD50009B005B1883B08246B41A002B67D05A0040
:10CD600093425AD910277F4238000CF035FE3B0021
:10CD7000834607005B44019328375C440ECD0EC404
:10CD80000ECD0EC40ECD0EC42B682360B1451DD050
:10CD90004946584603000A00B0CAB0C3B0CAB0C37F
:10CDA000B0CAB0C3126828311A6028308E42F1D15F
:10CDB00032004B46283AD21A1F4BD2085343DB00AD
:10CDC000DB0802339F00FF18FF005F44B04511D01D
:10CDD00043469A1B283A184BD2085343DB00DB0822
:10CDE00001339C00E418E40038002200310006F012
:10CDF00035F83F194B46002B02D048460BF028FF70
:10CE000053465A461A60019A5F609A6003B03CBC70
:10CE100090469946A246AB46F0BD084B9A42A1D82F
:10CE2000002A05D10023282701939B46A5E701226C
:10CE30009700BF18FF0097E7CDCCCC0C666666065E
:10CE4000F0B5DE464E46574645460400E0B50E00B6
:10CE5000B3B0170000211022002505F0F9FF2000D3
:10CE6000102200212572103005F0F2FF67622700C2
:10CE700029233037257626621022E5540021658566
:10CE8000A585380005F0E4FF00233B724023E552FE
:10CE9000043399460433F25C203B6564A564E56481
:10CEA000E2542C33F35AA144638500214846FFF72E
:10CEB0000FFC1EAB984600212822180005F0C8FF81
:10CEC0000E2342461370E64B28AA23CB23C223CB62
:10CED00023C223CB23C21B680CAD136000232B702D
:10CEE00006930793089309930A930B9312930233C3
:10CEF000189318AB00932A0012AB002106A8FFF785
:10CF0000DBFCA66CE36C9E4200D1D0E2079B069A44
:10CF100000209B1A9A109A4693009B1819015B18DF
:10CF200019025B1819045B185B009B180022326021
:10CF30007260B260002B06D0CA4A934200D9EAE27E
:10CF400050460CF049FD53463060C3187060B36022
:10CF5000079A069B9C46934217D00100924683464F
:10CF60000A0083CB83C211009A45F9D15246634629
:10CF700058460C3AD21ABC4B920853439B009B086C
:10CF800001335A00D3189B00C0180A9B099A70609D
:10CF90009B1ADA109A4653009B1819015B18190264
:10CFA0005B1819045B189B009B1800220020F2609C
:10CFB00032617261002B06D0AC4A934200D9ACE2D8
:10CFC00050460CF009FD5346F060C3187361099B8D
:10CFD00030619A460A9B9C469A4522D05146834628
:10CFE0000296039403000A00D0CAD0C3D0CAD0C3AB
:10CFF000D0CAD0C3126828311A6028308C45F1D1CC
:10D00000624653465846283AD21A994BD20853439F
:10D01000DB00DB0801339A00D318DB00029E039C7F
:10D02000C018A36C30611833A364002342460C93EC
:10D0300000216B60AB60EB602B616B610FA8FFF7A9
:10D040006FFE012202AB1A7304236968A868129369
:10D05000013B1893814200D142E20A708122D2053D
:10D060004A600B810C316960A66CE36C9E4200D172
:10D0700023E20C9A0D9B00209B1A9A109A4693006B
:10D080009B1819015B1819025B1819045B185B00E7
:10D090009B18002232607260B260002B06D0714A89
:10D0A000934200D92DE250460CF096FC5346C3182B
:10D0B00030607060B3600C990D9A914217D094461D
:10D0C0000B008A468346020083CB83C29C45FBD17A
:10D0D0006246514658460C3A521A634B92085343E3
:10D0E0009B009B0801335A00D3189B00C0180F9A6D
:10D0F000109B70609B1ADA109A4653009B18190116
:10D100005B1819025B1819045B189B009B1800221E
:10D110009B46F26032617261002B07D0534A934202
:10D1200000D9F0E150460CF057FC83465B46F360B3
:10D13000336153465B4473610F9B10989A46834258
:10D1400022D08446190058460296039403000A0030
:10D15000D0CAD0C3D0CAD0C3D0CAD0C31268283175
:10D160001A6028308C45F1D1604653462838C01AE1
:10D170003F4BC0084343DB00DB0801339A00D31860
:10D18000DB00029E039C9B445B463361A36C183317
:10D19000A364002328AA002115A8129313931493C3
:10D1A000159316931793FFF7BBFD02AB9C460B221A
:10D1B0000A230220149E139962440593063B1070C3
:10D1C00018930296B14200D192E12A4A08704A604F
:10D1D0000B810C311391A66CE36C9E4200D172E17D
:10D1E000139B129A00209F1ABA1093009B181901E2
:10D1F0005B1819025B1819045B185B009B1800226E
:10D2000032607260B260002B06D0164A934200D999
:10D210007BE138000CF0E0FBC71930607060B7604C
:10D22000129F139A974227D03B00010094468246F2
:10D23000A3460A0013CB13C211009C45F9D16246E4
:10D2400050465C460C3AD21B074B920853439B0056
:10D250009B0801335A00D3189B00C0180CE0C0464D
:10D260005435021055555515ABAAAA2A66666606AE
:10D27000CDCCCC0C00002041169B159A70609F1AF3
:10D28000FA1053009B1819015B1819025B18190456
:10D290005B189B009B1800220020F26032617261D3
:10D2A000002B06D0BE4A934200D930E138000CF082
:10D2B00093FBC719F06030617761159B169F9A4602
:10D2C000BB4223D019008446BB4602960394030058
:10D2D0000A00D0CAD0C3D0CAD0C3D0CAD0C3126843
:10D2E00028311A6028308B45F1D15F46534660469D
:10D2F000283FFF1AAB4BFF087B43DB00DB08013301
:10D300009A00D318DB00029E039CC018A36C306106
:10D310001833A3640023424600211BA818931993D5
:10D320001A931B931C931D93FFF7FAFCA66CE36CF6
:10D330009E4200D1CDE0199B189A00209F1ABA1086
:10D3400093009B1819015B1819025B1819045B18EC
:10D350005B009B18002232607260B260002B06D026
:10D36000914A934200D9D4E038000CF035FBC7193C
:10D3700030607060B760189F199A974219D03B00CF
:10D38000010094468046A1460A0013CB13C2110047
:10D390009C45F9D1624640464C460C3AD21B834B21
:10D3A000920853439B009B0801335A00D3189B00FB
:10D3B000C0181C9B1B9A70609F1AFA1053009B1890
:10D3C00019015B1819025B1819045B189B009B1864
:10D3D00000220020F26032617261002B06D0704A98
:10D3E000934200D98BE038000CF0F6FAC719F060D0
:10D3F000306177611C9B1B9F9C469F4223D0390064
:10D400008046B146BA46A34603000A00D0CAD0C33C
:10D41000D0CAD0C3D0CAD0C3126828311A6028300D
:10D420008C45F1D16246574640464E465C46283A06
:10D43000D21B5C4BD2085343DB00DB0801339A005C
:10D44000D318DB00C018A36C30611833A364002F1D
:10D4500002D038000BF0FCFB1898002801D00BF02C
:10D46000F7FB1598002801D00BF0F2FB129800286A
:10D4700001D00BF0EDFBE868002801D00BF0E8FBD1
:10D480000C98002801D00BF0E3FB0998002801D08C
:10D490000BF0DEFB0698002801D00BF0D9FB200032
:10D4A00033B03CBC90469946A246AB46F0BD06AAB6
:10D4B00031004846FFF786FAB7E52A0031004846B2
:10D4C000FFF780FA65E612AA31004846FFF77AFABC
:10D4D00020E718AA31004846FFF774FA1B9FB6E709
:10D4E00018AB009305AA12AB2800FFF7E5F9BBE5DE
:10D4F00018AB009312A805ABFFF7DEF96BE60CF052
:10D500008BFA0CF089FA0CF087FA0CF085FA0CF023
:10D5100083FA0CF081FA0CF07FFA0CF07DFA306897
:10D52000002820D00BF094FB1DE0656CA66CAE4289
:10D5300029D1606C002801D00BF08AFB0CF036F882
:10D5400011E0306800280BD00BF082FB08E0306857
:10D5500000280DD118A8FEF78FFC12A8FEF78CFC4E
:10D560002800FEF789FC06A8FEF786FCDDE7F4E755
:10D570000BF06EFBEEE7EDE7F2E730680028ECD049
:10D580000BF066FBE9E7E868002801D00BF060FBD0
:10D590002868002801D00BF05BFB1835C7E7C046B0
:10D5A00066666606CDCCCC0C55555515ABAAAA2A95
:10D5B000094A830094464022634410B51C68C000A9
:10D5C0006240C02414408022520113431C60034B6C
:10D5D0009C466044416010BD04C0014000400140D1
:10D5E0000A4B80009C4604236044002901D00C2390
:10D5F0000821002A00D10B00026853400C221A4077
:10D6000080235B01184302607047C04604C001409C
:10D61000074BC0009C466044036809045940C0237E
:10D620009B02194080235B01184301607047C0468C
:10D6300004400140074BC0009C4660440368090257
:10D640005940C0239B00194080235B0118430160AF
:10D650007047C04604400140064B80009C46604431
:10D6600003684B400121194080235B01184301608E
:10D670007047C04604C00140064B80009C46604491
:10D680000368090159403023194080235B01184386
:10D690000160704704C001400123D022834012067C
:10D6A00093629361094A8300944640226344196857
:10D6B000C0004A40C021114080225201134319602A
:10D6C000034B9C46052360444360704704C00140FF
:10D6D00000400140024B18688007C00F7047C046E9
:10D6E00000C00640EFF3108072B6034A1368002BA7
:10D6F000FCD0BFF35F8F70472C0100D0BFF35F8F6A
:10D700000022024B1A6080F3108870472C0100D071
:10D71000F8B5EFF3108772B60D4E3368002BFCD0CE
:10D72000BFF35F8F0725CB08C01801230D40AB4026
:10D730001D000478254007D123430370BFF35F8F9A
:10D74000356087F31088F8BD100002F00FFDC04669
:10D750002C0100D0F8B5CE4647468C4680B5EFF395
:10D76000108872B6214D2C68002CFCD0BFF35F8F5F
:10D770009A422CD80721012511408D40D408041964
:10D78000267835421FD007218946063909E04D46E3
:10D790000F001540AF40D408041926783D003742E9
:10D7A00011D001329342F2D201204042BFF35F8F89
:10D7B00000220E4B1A6088F3108800280FDB0CBC87
:10D7C00090469946F8BD354325701000EEE7BFF34B
:10D7D0005F8F00232B6088F310880120404263464E
:10D7E000002BECD0089802F0C1FCC0462C0100D000
:10D7F00070B5EFF3108572B60E4C2368002BFCD089
:10D80000BFF35F8FCB08C01807231940063B8B403E
:10D810000278134208D09A430270BFF35F8F00234F
:10D82000236085F3108870BD034B044A33210448FC
:10D8300002F0F6FB2C0100D0103602100036021068
:10D84000303602100021044B044ABFF35F8F02C33D
:10D850009342FAD17047C046000100D0800100D049
:10D86000044A1078431CDBB2172B00D91023137025
:10D870007047C046E8390020064B10B5C3180100B8
:10D880009B00BFF35F8F002203481A60FFF7B0FFD1
:10D8900010BDC04640000034B04F002000B5054B1D
:10D8A00083B00100009318221F230348FFF752FFA3
:10D8B00003B000BD78360210B04F002010B5034B06
:10D8C000034AB121034802F0ABFBC046E038021026
:10D8D000D4360210F838021010B5034B034AA321C6
:10D8E000034802F09DFBC046B0380210B03602106B
:10D8F000F838021001238340002904D0034A136042
:10D90000034A13607047034A1360FBE780E200E0BC
:10D9100000E100E080E100E001228240034B1B684F
:10D920001340581E8341D8B27047C04600E100E062
:10D93000024B10309B688000C058704700ED00E03B
:10D9400010B5EFF3108472B6114A1368002BFCD0A7
:10D95000BFF35F8F0F4B10309B6880001B580E4A3F
:10D96000934201D099420CD10A4B9B681950BFF3E6
:10D970005F8FBFF35F8F0022054B1A6084F310881E
:10D9800010BD064B064A8621064802F049FBC046F8
:10D99000240100D000ED00E0CD80001078380210A6
:10D9A00094360210F8380210F0B54546DE46574668
:10D9B0004E46E0B583B001919046EFF3108A72B6FF
:10D9C000854A1368002BFCD0BFF35F8F0022834B86
:10D9D0009A569146002A00DAE7E054004C44A2002F
:10D9E0007F4C9346A518AA7910301A707D4B82009F
:10D9F0009B6800929F583B1B5F2B5ED8E0430C2135
:10DA0000C01903F089FF002900D0D8E001233900B4
:10DA10009943CB79434500D887E006200856002873
:10DA200000DABBE00A0005E0062018561A000028BC
:10DA300000DAB4E043001B189B00E318D879404596
:10DA4000F2D8002A00D170E006201056111D0028DF
:10DA500000DAB0E05B460433E4189388DE0A1C2E3B
:10DA600000D0AAE0604E5B05B4461B150433CB180A
:10DA70001C1B5E4E231F6444B44200D993E0E02493
:10DA80001B055B0D24022343574E6C1AB446574EB8
:10DA9000211F6444B44200D985E00905544C490D66
:10DAA0002143918049469171AB804346514AEB71C5
:10DAB000019B2A60A871AB6023E04F4B9F4200D0CE
:10DAC00083E05B46484A02339446E4184B4B474A8E
:10DAD0001C1B231F6444944200D964E001271F42A9
:10DAE00061D1474A1B052A80414A5B0D13436B8075
:10DAF000444B2F43AB80FF23AB714346EB71019B3B
:10DB0000AB60384B009A9B689F50BFF35F8FBFF3A9
:10DB10005F8F0022304B1A608AF3108803B03CBC40
:10DB200090469946A246AB46F0BD5B462E489A1CED
:10DB30008446324BA2189B1A2C481A1F6344844611
:10DB4000834230D8012717422DD15B460433E318B6
:10DB5000CB1A1E1FB146244E1205B3462448520D5F
:10DB600002435B4492B263451DD8274B6A809C46B2
:10DB70000B0066461B1B5B415E43360D204BAE71AE
:10DB80002B804B461B055B0D18434346EB71019BF5
:10DB9000A880AB60174B2F430B60B2E70B00191D39
:10DBA0001A001A4B70E7FFF797FE194B194AD72155
:10DBB000194802F035FA154B66E7FFF77FFE174B61
:10DBC000144AEA21144802F02BFA154B114ADE21BF
:10DBD000114802F025FAC046240100D0C7500020A9
:10DBE000EC39002000ED00E0FC070000FE0F000013
:10DBF00000E0FFFF01488047CD8000104C3A002034
:10DC000000A1FFFF01BDFFFFAAAA000001BD0000A7
:10DC10002C370210E4360210F83802107C3702105C
:10DC200054370210F0B5DE4657464E464546E0B53D
:10DC300083B0EFF3108372B66C4A01931368002B24
:10DC4000FCD0BFF35F8F6A4B6A4E9A6803001033B3
:10DC50009C001259A246B2426FD08A4200D181E0A4
:10DC6000654C151B5F2D68D801258540AC4663487F
:10DC700000680540A846654661480560BFF35F8FB0
:10DC8000EFF305808146002800D06DE001231000ED
:10DC9000062598438368455799420AD187E06B006F
:10DCA0005B1906259B00E3189F685D578F4209D0DA
:10DCB0001800002DF3DA6A21524B534AFF315348C2
:10DCC00002F0AEF9002D59DB6E0071198900601861
:10DCD00087689F60C779DF710627C7579F71002F3C
:10DCE00000DA62E0808804318B461F1DC10A1C29BE
:10DCF00000D073E041050915043159446118C91B6E
:10DD0000434F081FB946434F4944B94200D963E025
:10DD10000105E020490D0002014399803E4B761930
:10DD20001978B600A419A1711D704346002B38D094
:10DD300061463A4B1960314B196051462C4B9B6838
:10DD40005A50BFF35F8FBFF35F8F0022274B1A60DB
:10DD5000019B83F3108803B03CBC90469946A246D1
:10DD6000AB46F0BD3200E8E7834200D18EE73621B2
:10DD70002B4B254AFF31254802F052F9494600292C
:10DD80001ED100281AD0FF31817126498180224896
:10DD90000178997124491B1B5B415943090D01709E
:10DDA000C3E76146164B1960C7E72049B5E7030092
:10DDB000002D00DB88E74946002901D13200E6E763
:10DDC0001B49C91A08394808090B09D11949998012
:10DDD00019490143D980A8E7FFF77EFDFFF76EFDE3
:10DDE000164B174AAB21094802F01AF9240100D05A
:10DDF00000ED00E0CD800010EC39002000E100E0F3
:10DE000080E100E070380210FC360210F838021091
:10DE1000FC070000FE0F0000C750002080E200E079
:10DE20002C38021001BDFFFFAAAA000001BD0000AE
:10DE3000563A002000F0FFFF00F8FFFF60380210A4
:10DE4000BC360210F8B501243D4A0443A31A5F2BE7
:10DE500000D967E0EFF30581002900D169E0EFF315
:10DE6000108672B6374D2B68002BFCD0BFF35F8F46
:10DE7000354B0500AD1A6D416B431B0D334D8900C9
:10DE8000AF685BB27F58A74227D00621515699420E
:10DE90003ED01221515699423CD01E2151569942F2
:10DEA0003AD02A215156994226D0362151569942CC
:10DEB00034D042215156994228D04E215156994290
:10DEC0002ED05A2151560724994216D0D121204BE9
:10DED000204A4900204802F0A3F8AA681F4C545079
:10DEE0001F4A117813708171BFF35F8F0022154BA9
:10DEF0001A6086F31088F8BD0324610009198900AF
:10DF00005218FF21917117499180E9E70524F4E740
:10DF10000024F2E70124F0E70224EEE70424ECE712
:10DF20000624EAE7C721104B0A4A49000A4802F0D2
:10DF300077F892210D4B074AFF31074802F070F83D
:10DF4000EC390020240100D0AAAA000000ED00E076
:10DF50002438021010370210F8380210CD8000105B
:10DF6000C750002001BDFFFFF03702101838021023
:10DF7000054B064A1360064A136053609360D360F2
:10DF800013615361936170478080808000E400E0FA
:10DF900004E400E010B5034B034A3F21034802F0BC
:10DFA0003FF8C046283102103C39021044310210BB
:10DFB00070B504000E001500FFF752FC01002000B0
:10DFC00000F006F8A680E580BFF35F8F70BDC04605
:10DFD000024B9C4661448900016070474000003458
:10DFE00010B50400FFF73CFC01002000FFF7F0FF34
:10DFF000FF232371BFF35F8F10BDC04610B504002F
:10E00000FFF72EFC01002000FFF7E2FFFF23A380B3
:10E01000BFF35F8F10BDC0460A4B1968EFF3108045
:10E0200072B60A68002AFCD0BFF35F8F1B68BFF38B
:10E030005F8F00221A6080F3108840BF002000210B
:10E040007047C0466450002010B5034B034A3C2182
:10E05000034801F0E5FFC046803C0210C83A0210B8
:10E06000A43C021070B5002920D003681C7BA1429B
:10E070001CD883680E4884466144090159180D680C
:10E080004968002A12D0A24210D8624412019A189C
:10E09000536801208B4201D9C0B270BD8B4201D0C0
:10E0A0000020F9E71368AB42F6D8F9E7FFF7CCFF99
:10E0B000FFFFFF0F10B5034B034A3F21034801F058
:10E0C000AFFFC04628310210803A021044310210DE
:10E0D00010B5034B034A6821034801F0A1FFC04675
:10E0E000043D0210983A0210203D021070B500293C
:10E0F00019D0057BA94216D84B0004685B18033B76
:10E10000E318002A17D091420FD0AA420BD8500032
:10E1100080180338201881701978002901D11A70ED
:10E1200070BD4170FBE7FFF7D3FF064B064A712134
:10E13000064801F075FF064B034A7021034801F0C1
:10E140006FFFC046EC3C0210A43A0210203D0210C2
:10E15000E03C021010B5034B034A4121034801F093
:10E160005FFFC046803C0210D43A0210A43C02106B
:10E17000CB6810B50C0083420BD108000B6998479F
:10E18000002803D1E0600021002010BD20686168F4
:10E19000FBE75221024B034AFF31034801F040FFE5
:10E1A000703D02104C3B0210A43C021010B5034B12
:10E1B000034A5E21034801F033FFC046503C021081
:10E1C000E83A0210A43C0210F8B54746CE4680B5A6
:10E1D0001F000AAB16001A7805000468002A4BD00D
:10E1E000637B934264D0237B934267D353009B1895
:10E1F0002168033BC91889789046002958D13049D5
:10E200008C46A96862448C46120108996244916068
:10E21000166057600999D160227B42454ED322682F
:10E220009446002263449A705A701A70637B994630
:10E23000002B0BD019004246A0686368984700285D
:10E240000CD14A4641462000FFF750FF4346637316
:10E25000287D32003B0000F00DFF08E042464946B1
:10E260002000FFF743FF4B466373C845F0D040469C
:10E270000CBC90469946F8BDA37B9846002BF6D07F
:10E28000237B43451AD34246530043442168033B52
:10E29000C9184878A073002800D1E0730020887066
:10E2A000487008702C68217B4145A8D2FFF7CCFE4E
:10E2B000044B054A6721054801F0B2FEFFF708FF4D
:10E2C000FFFFFF0F683B0210003B0210A43C02104E
:10E2D0000023F0B55746DE464E4645469B469A4BD0
:10E2E0008200E0B5D75800239A468BB0099000F021
:10E2F000EBFD002900DAF0E07A68EFF3108672B6E1
:10E300001368002BFCD0BFF35F8F3D686C7B002C43
:10E3100000D16DE02B7BA34200D2EAE0BA688B4BC0
:10E320009046E3181B01984443461A685B68121A2A
:10E330008B41002B00DC64E0434609981A685B6857
:10E3400000F098FE00230022069207930023002588
:10E3500098467B68BFF35F8F52461A6086F3108839
:10E36000002D08D10028C2D10BB03CBC9046994684
:10E37000A246AB46F0BD5B461E0226434146300036
:10E38000A8477A6804900591EFF3108972B6136874
:10E39000002BFCD0BFF35F8F059B002B00DA85E0DC
:10E3A000049A059B110019434FD03B69002B4CD0B8
:10E3B000B34200D0B5E000F087FD002900DA8CE020
:10E3C000049A059B12184B41002B00DA7CE0414671
:10E3D0000294019100953800FFF7F6FE53463B6129
:10E3E0007B68BFF35F8F52461A6089F310887EE71F
:10E3F0000023002206920793002300259846002060
:10E40000A7E7002B02D1002A00D095E700212800C1
:10E4100000F0FCFFA04278D143461A685B68069280
:10E42000079343469D68DB689846002D67D03B689C
:10E430001B7BA34257D3FB6800201B19013B1B78B1
:10E440009B461B0223433B6183E73B68002C0DD0B6
:10E450005A7BA2420AD01D7BAC425CD8186862008D
:10E4600012198218033A9278002A05D0384B394A9B
:10E47000F621394801F0D4FDD97B002928D0A942E2
:10E4800049D84A0052188218033A54709A7B002ADD
:10E4900053D0DC733B681B7BA34224D3FB68013C55
:10E4A0009C46644423780133237097E73B69002B33
:10E4B000CBD0B3423BD1069A079B04980599121A18
:10E4C0008B41002B00DB82E70122244B52427EE786
:10E4D0009A7B002ADDD19C73DBE7214B214A3F2147
:10E4E000214801F09DFD214B214A4121214801F0A5
:10E4F00097FD1E4B204A3C211E4801F091FD1F4B09
:10E500001F4A92211B4801F08BFD1E4B1C4A8E2195
:10E51000184801F085FD1C4B1C4A68210E4801F08B
:10E520007FFD1B4B164AA421124801F079FD184BC0
:10E53000134AA1210F4801F073FD164B054AFB2138
:10E54000054801F06DFDC04640500020FFFFFF0F61
:10E55000F03B0210B83A0210203D0210FFFFFF7F8F
:10E5600028310210803A021044310210803C02101F
:10E57000D43A0210A43C0210C83A0210A83B021080
:10E58000183B0210903B0210043D0210983A021012
:10E59000B43B0210143C021010B5144C6368002BFD
:10E5A00004D00A211248FFF713FD10BD2300114AC1
:10E5B0001021206800F03AFE032000F079FC0320CF
:10E5C00000F0D2FD0C49032000F00EFDFFF748F9E2
:10E5D0000A4B9C4603232375D0231B061B6860440B
:10E5E0006375074B80006060DC60DAE7643A002006
:10E5F0006450002065E00010D1E2001040000034BB
:10E6000040500020034810B54368002B00D010BDD7
:10E61000FFF7CCFD643A0020F0B5454657464E461C
:10E62000DE46E0B585B00193002310A90978050006
:10E6300089469A46984600926A68EFF3108B72B644
:10E640001368002BFCD0BFF35F8F29688C7B002CF4
:10E6500000D19CE00B7BA34200D2A1E063001B1918
:10E660000A68033B0394D21850788873002800D1BD
:10E67000C87341469170517011702E68327BA2426E
:10E6800000D299E0A968524A8C4600980199A218D4
:10E6900012016244106051600E9991600F99D1602F
:10E6A000327BA24200D27BE0326894464246634409
:10E6B0009A705A701A70777B002F0BD022003900A5
:10E6C000B06873689847002858D13A00210030009C
:10E6D000FFF70CFD7473287D009A019B00F0CAFCC3
:10E6E0008246002803D02100286800F0FFFE2B6836
:10E6F0001B7BA3425AD3EB681B19013B18786B684C
:10E70000BFF35F8F42461A608BF31088002C44D011
:10E710005346002B09D1039B0002184305B03CBCB3
:10E7200090469946A246AB46F0BD4B46002B32D0F0
:10E730000E9B0F9900209847030006000F000B4323
:10E7400029D0002909DA009B019C9B1BBC41009346
:10E750000194002C0BDBCA466EE700F0B5FB0029E4
:10E7600030DB36184F4100960197002FF3DA012372
:10E77000184C5B4200930194CA465DE722003900C1
:10E780003000FFF7B3FC7773BC42B0D1A3E700239E
:10E7900000200393B3E70020C0E701204042BDE71B
:10E7A0000D4B0E4A68210E4801F03AFC0D4B0E4A03
:10E7B00041210E4801F034FC0A4B0D4A3C210B4824
:10E7C00001F02EFC0B4B0C4A3F210C4801F028FCB9
:10E7D000FFFFFF0FFFFFFF7F043D0210983A02107A
:10E7E000203D0210803C0210D43A0210A43C0210DA
:10E7F000C83A021028310210803A02104431021047
:10E80000F0B54546DE4657464E461100E0B585B0A8
:10E810008046109D194300D1E3E0D817040054400E
:10E82000260004005C4001002700361A8F41414653
:10E830006B60A9600F9B0E992A6029616B6100F0E3
:10E8400043FB002900DAF9E0801979410090019139
:10E85000002904DA01237A4C5B42009301940027DB
:10E860000023BB4699464746A8467B68EFF3108ACB
:10E8700072B61A68002AFCD0BFF35F8F39688C7BB0
:10E88000002C00D1A9E00B7BA34200D2B7E06200CC
:10E8900012190B68033A03949B1858788873002860
:10E8A00000D1C87349469970597019703E68337B1E
:10E8B000A34200D2B6E0B968624B8C460098019939
:10E8C000E3181B016344186059605F499960414631
:10E8D000D960337BA34200D291E033689C464B461B
:10E8E0006244937053701370757B002D0BD022001F
:10E8F0002900B06873689847002834D12A002100A5
:10E900003000FFF7F3FB7473387D009A019B00F031
:10E91000B1FB8346002803D02100386800F0E6FDF3
:10E920003B681B7BA34200D276E0FB681B19013BCE
:10E930001B787A68BFF35F8F494611608AF31088AD
:10E94000002C53D05A46002A16D1454601271C02F6
:10E95000039B1C433800EC6005B03CBC90469946D4
:10E96000A246AB46F0BD220029003000FFF7BEFBF7
:10E970007573AC42D4D1C7E74346DB689A46002B97
:10E9800043D1404603699847061E22D043461C687F
:10E990005D6823002B432ED0002D09DA009A019BDD
:10E9A000121BAB4100920193002B0BDBB3465CE7DB
:10E9B00000F08AFA00293BDB24184D4100940195B0
:10E9C000002DF3DA01231E4C5B4200930194B34601
:10E9D0004BE754465F464546BCE7002200230392BE
:10E9E000A7E7012600270122002320E7012445464E
:10E9F00000276442AEE7544645460700AAE7134B9A
:10EA0000134A6821134801F00BFB5221124B134AA1
:10EA1000FF31134801F004FB124B134A4121104807
:10EA200001F0FEFA0F4B114A3C210D4801F0F8FAB3
:10EA30000F4B104A3F21104801F0F2FAFFF73AFB62
:10EA4000FFFFFF7FFFFFFF0F71E10010043D021089
:10EA5000983A0210203D0210703D02104C3B02100B
:10EA6000A43C0210803C0210D43A0210C83A0210B2
:10EA700028310210803A021044310210F0B5C64627
:10EA8000C368040000B50020002B02D104BC9046EE
:10EA9000F0BDA5686968EFF3108672B60A68002AAF
:10EAA000FCD0BFF35F8F2F68D9B27A7B8A4239D00E
:10EAB000002943D03A7B8A4240D32A699446FF22F8
:10EAC0001A4050008218386880464244033A9278CF
:10EAD000002A19D0634533D01A0AD2B2FF2003406E
:10EAE000E86884466344013B1B78002093420ED1C2
:10EAF000380000F0FBFC002809D19921144B154A7D
:10EB00004900154801F08CFA634509D000206A6875
:10EB1000BFF35F8F0023136086F31088E360B5E7CF
:10EB20002A61F3E72A6993420AD01A0AD2B200296D
:10EB300002D0387B8842D1D2FFF70CFBFFF7C8FA2E
:10EB40002C21064B034AFF31034801F069FAC04605
:10EB50004C3C0210343B0210A43C0210283C021032
:10EB6000F0B5EFF30583C64600B5040084B00D0090
:10EB7000002B53D106267642F71736196F418F4284
:10EB800014D90026002700F09FF9002914DB320079
:10EB90003B00121A8B41002B12DC0FD02000290001
:10EBA00000F012FA04B004BC9046F0BD8F4201D1CF
:10EBB0008642E6D8002FE6DAFFF77CFA002AEDD08D
:10EBC00019484368002B2CD0002302930193174B64
:10EBD000320000933B00FFF71FFD0028DEDB00231F
:10EBE0009846BC46124A134F7B6A9C4504D8B96AC2
:10EBF000B142D3D29C45D1D11168EFF3108072B6E7
:10EC00000B68002BFCD0BFF35F8F1368BFF35F8FDF
:10EC10004146196080F3108820BFE5E7064801F0FF
:10EC2000A5FAFFF7C3FAC046643A002019E00010C5
:10EC30006450002000400540843D021070B504007F
:10EC40000D0000F041F9002909DB00196941002994
:10EC500002DA012003494042FFF782FF70BDFFF74F
:10EC600029FAC046FFFFFF7FF0B5EFF305834F465B
:10EC70004646D646C0B50C0084B007000E00002BF7
:10EC800012D0434A0020536A9E4207D8926A01304C
:10EC9000BA4203D2E41A601E8441E0B204B01CBC44
:10ECA00090469946A246F0BD3A4D6A68002A63D064
:10ECB00002930193384B0200009328000B00FFF7EA
:10ECC000ABFC0028DDDD20BF6B68002B54D0EFF3D8
:10ECD000108872B61A68002AFCD0BFF35F8F2B68C9
:10ECE000C1B29A465B7B8B4239D0002946D053464D
:10ECF0001B7B8B4242D32B699C46FF2303405A0067
:10ED00009146524612684B4491464B44033B9B78D4
:10ED1000002B18D0604533D0030ADBB2FF2210402D
:10ED2000EA68944660440138007898420DD1504614
:10ED300000F0DCFB002808D19921184B184A490043
:10ED4000184801F06DF9604507D06B68BFF35F8F1D
:10ED500000221A6088F3108893E72B61F5E72B698E
:10ED600098420DD0030ADBB2002903D05246127B31
:10ED70008A42D3D2FFF7EEF9FFF718FAFFF7A8F9A6
:10ED80002C21094B064AFF31064801F049F9C046DB
:10ED900000400540643A002019E000104C3C02108D
:10EDA000343B0210A43C0210283C0210084A43687D
:10EDB000516A10B5046800208B4203D8926A013072
:10EDC000A24200D310BD5B1A581E8341D8B2F9E7A6
:10EDD000004005400260436000487047ADED001000
:10EDE000F8B5EFF30582CE464746100080B51038DF
:10EDF000EFF3108C72B6204C2368002BFCD0BFF3CD
:10EE00005F8F0123190081401C4D1D4E71632960E5
:10EE10001C4DA9462D782F00C7403B4015D0736A82
:10EE2000194E984683009E59B04517D3174A8D4313
:10EE30009B584A461570BFF35F8F002222608CF307
:10EE40001088002B06D0984704E0BFF35F8F236043
:10EE50008CF310880CBC90469946F8BD0C4B920080
:10EE60009846424413681360BFF35F8F002323600A
:10EE70008CF31088EEE7C046280100D03C700540B6
:10EE800000400540C8500020AC5000209C4E00209F
:10EE9000D03F054010B5034B034A3F21034801F022
:10EEA000BFF8C04628310210D43D02104431021090
:10EEB00010B50100024A0348FEF72AFC10BDC04607
:10EEC000083E0210C4500020044A516A00E01900B4
:10EED000906A536A9942FAD17047C0460040054093
:10EEE000154A70B5546A00E01C00956A536AA34243
:10EEF000FAD12A0023008018594105000E008C42E7
:10EF000017D801D1824214D8002E12DB32000A4CED
:10EF1000636A9A42FCD80BD1074B2800996A8D424C
:10EF200003D805E0996A884202D9596A8A42F9D021
:10EF300070BDFFF7AFFFC04600400540204B70B5E5
:10EF400098420BD843011B1A1E4A9B001818916A5D
:10EF5000C000936A5B1A9842FBD870BDFA22002366
:10EF60009200002103F0ECFD164B5C6A00E01400F7
:10EF70009D6A5A6AA242FAD12A0023008018594198
:10EF800005000E008C4201D9FFF784FF8C4214D09B
:10EF9000002EF9DB32000B4C636A9A42FCD8DCD1BC
:10EFA000084B2800996AA94203D3D6E7996A884298
:10EFB000D3D9596A8A42F9D0CFE78242E4D8E7E749
:10EFC0009BC4200000400540064A536A9942FCD881
:10EFD00007D1044B02E05A6A914202D19A6A8242F6
:10EFE000F9D370470040054070B504000D00EFF301
:10EFF000108672B61A4A1368002BFCD0BFF35F8FDD
:10F00000002D1BD02000FEF793FC164988420AD041
:10F010002000FEF795FC01212000FEF76BFC012388
:10F02000A340114A1360114BA400E550BFF35F8F5A
:10F0300000220B4B1A6086F3108870BD0B4BA200A8
:10F04000D5500122A2400A4920000B7893430B704F
:10F050000449FEF7E7FD00212000FEF74BFCE5E741
:10F06000280100D0E1ED0010386005409C4E0020E2
:10F07000C8500020F0B5D6464F464646324CC0B583
:10F08000656A00E00D00A66A616AA942FAD1944659
:10F090001F00AB4208D805D001201CBC9046994601
:10F0A000A246F0BDB242F7D9EFF3108972B6274CF1
:10F0B00021680029FCD0BFF35F8F0124244E8440D7
:10F0C00031780D0025438846E9B231708A46051D26
:10F0D0001D49AD004C636A501E4D820053510B6AAE
:10F0E00023420BD10B6C0020234227D0BFF35F8F4C
:10F0F0000022164B1A6089F31088CEE74D6A0B0088
:10F1000000E01500996A5A6AAA42FAD1AF4211D8B2
:10F1100001D18C450ED8C2450ED00B4B0E4A1C6255
:10F120005C631F2318401E3B83401360434601204D
:10F130003370DBE70020D9E70120D7E7074B084A07
:10F14000C521084800F06CFF00400540280100D0B0
:10F15000C8500020AC50002080E200E02C3E02109D
:10F16000EC3D0210503E021010B5EFF3108472B661
:10F170000A490B68002BFCD0BFF35F8F012383404B
:10F18000074A0848136202789A430270BFF35F8F00
:10F1900000230B6084F3108810BDC046280100D006
:10F1A00000400540C850002010B5034B034A6821B9
:10F1B000034800F035FFC046043D0210983E02109F
:10F1C000203D021070B5002919D0057BA94216D840
:10F1D0004B0004685B18033BE318002A17D09142E8
:10F1E0000FD0AA420BD85000801803382018817025
:10F1F0001978002901D11A7070BD4170FBE7FFF743
:10F20000D3FF064B064A7121064800F009FF064B62
:10F21000034A7021034800F003FFC046EC3C021093
:10F22000A43E0210203D0210E03C021070B5836045
:10F230000023CCB243730133047342608373C473FD
:10F24000012C19D903685A1C012303E0057B033202
:10F250009D4215D30133DBB213709C42F6D1037B80
:10F26000A3420BD3FF230B405A000168D318C918DF
:10F27000002303394B7070BD002CF3D1FFF794FFCE
:10F28000024B034A6821034800F0CAFE043D021005
:10F29000983E0210203D0210F8B505000C1E35D036
:10F2A000017B8C4242D8630002681B19033BD318D0
:10F2B0005E78002E2AD08E4238D871008919033921
:10F2C0005218002157785170027BA2422ED35970F8
:10F2D0003200210080686B689847002818D03200FF
:10F2E00021002800FFF76EFF39002800FFF7D4FF48
:10F2F000061E0BD032002100A8686B6898470028D2
:10F300000DD0320021002800FFF75CFF2000F8BD7F
:10F31000220031002800FFF755FF3400E4E7220007
:10F3200031002800FFF74EFF3400EFE7FFF73CFF06
:10F33000F8B504000D001700002942D0037B8B4272
:10F340003DD34E0076180368033E9B195A78002A75
:10F3500043D19A78002A3AD11978FFF79DFF002F00
:10F3600014D1237B00280AD0984228D82268430071
:10F37000944600221B186344033B9A70237BAB42E4
:10F380001DD323689E1900237370F8BDE27B237B95
:10F39000002A0ED09A4212D853009A1823689C462D
:10F3A0006244033A5570A37B002B1CD0237BE5738A
:10F3B000D8E7A27B002AFAD1A573E573D2E7FFF75D
:10F3C000F3FE0C4B0C4A38210C4800F029FE0C4B84
:10F3D000094A3B21094800F023FE0A4B064A3A211C
:10F3E000064800F01DFE084B034A4221034800F086
:10F3F00017FEC046043F0210B83E02100C3F021038
:10F40000743F02104C3F0210143C0210F8B5457BCB
:10F4100004000F00002D45D0037BAB4240D36E00AB
:10F4200076190368033E9B195A78002A46D19A78C8
:10F43000002A3DD11978FFF72FFF002F17D1237B2A
:10F4400000280AD098422BD8226843009446002214
:10F450001B186344033B9A70237B9D4220D823688A
:10F460009C4600236644737060732800F8BDE27BFD
:10F47000237B002A0ED09A4212D853009A18236890
:10F480009C466244033A5570A37B002B1CD0237B1F
:10F49000E573D5E7A27B002AFAD1A573E573CFE720
:10F4A000FFF782FE0B4B0C4A38210C4800F0B8FDE8
:10F4B0000B4B094A3B21094800F0B2FD094B064AB3
:10F4C0003A21064800F0ACFD074B034A42210348AD
:10F4D00000F0A6FD043F0210B83E02100C3F0210DF
:10F4E000743F02104C3F0210143C0210F8B50400A7
:10F4F00000295DD0437B8B4267D0027B914200D9CB
:10F5000078E04D0000686D18033D4519AB78002B7D
:10F510004ED0934200D96DE05E00F618033E861986
:10F5200037788F4248D0002F58D0974256D87B006A
:10F53000DB19033BC3185E78B1420AD0002E53D0CA
:10F54000B2424BD373009B19033BC3185E788E42C3
:10F55000F4D16A785A7000230122AB706B702000DE
:10F56000FFF7E6FE667B0500864245D0002E1CD0E4
:10F5700000281FD002003100A06863689847002867
:10F580001DD0227B964235D8730021689B19033B1E
:10F59000CB1895422ED86A005219033A8A189670F1
:10F5A0001978002918D11D7035006573012000E01D
:10F5B0000020F8BD3500F8E76B783370CBE73200F8
:10F5C00029002000FFF7FEFDEFE701221900FFF7F9
:10F5D000AFFE60730120ECE75170E4E7094B0A4A83
:10F5E00068210A4800F01CFD094B0A4A6B210A48B1
:10F5F00000F016FDFFF7D8FD084B064A71210648BA
:10F6000000F00EFD043D0210983E0210203D021055
:10F6100024380210CC3E02100C3F0210E43E0210CF
:10F6200010B5034B034A1921034800F0F9FCC0460A
:10F63000A43F0210983F0210C03F021070B51600A0
:10F640000D0019000400FEF7C3FC701C290003F034
:10F65000A7FB0023E681A5816060A36070BDC04662
:10F6600010B5406803F0DCFB10BDC04670B5036800
:10F670000400EFF3108572B61A68002AFCD0BFF3BD
:10F680005F8F20896389E289C31A01D5561C9B19B3
:10F69000934208D12368BFF35F8F00221A6085F37D
:10F6A0001088002070BD90421AD86368A2899C46D9
:10F6B0005043604403F0D2FB002210002389E1890B
:10F6C00001339BB29942504141420B402381236850
:10F6D000BFF35F8F1A6085F3108840BF0120E1E718
:10F6E000FFF79EFF70B5040008002368EFF3108554
:10F6F00072B61A68002AFCD0BFF35F8F6189238934
:10F700005B1A02D5E28901329B18002B07D12268CF
:10F71000BFF35F8F136085F31088002070BDE3890D
:10F7200099421AD86368A2899C465143614403F008
:10F7300095FB002210006389E18901339BB2994255
:10F74000504141420B4063812368BFF35F8F1A60D1
:10F7500085F3108840BF0120E0E7FFF761FFC04656
:10F76000F8B50400002706E02368BFF35F8F1F6031
:10F7700085F3108820BF2368EFF3108572B61A68EE
:10F78000002AFCD0BFF35F8F20896289E389821A47
:10F7900001D55E1CB2189342E6D0984219D863682E
:10F7A000A2899C465043604403F058FB002210009D
:10F7B0002389E18901339BB29942504141420B4078
:10F7C00023812368BFF35F8F1A6085F3108840BFE1
:10F7D000F8BDFFF725FFC046F8B504000027080074
:10F7E00008E0002B34D12368BFF35F8F1F6085F3DF
:10F7F000108820BF2368EFF3108572B61A68002ABC
:10F80000FCD0BFF35F8F618923895B1AE9D5E68954
:10F81000721CD318002BE6D0B1421BD86368A289B2
:10F820009C465143614403F019FB00221000638998
:10F83000E18901339BB29942504141420B406381BF
:10F840002368BFF35F8F1A6085F3108840BFF8BD4F
:10F85000E689E1E7FFF7E4FEF8B5CE464746040047
:10F8600080B506200D0000F0ABFA061E52D0524BB8
:10F870005249E3185A4253418022D20394465B42D4
:10F8800013404F4A634413604E4A136018008A685D
:10F890009043FBD1484B8021E3185A4253414A4AD6
:10F8A0005B0049000620995200F08AFA2900C00046
:10F8B00002F032F8C30932D1402290463F3A6262E8
:10F8C000A362266BF30736D427008025E36A002362
:10F8D0002C376D013D432B600620266300F070FA43
:10F8E0004146800002F018F8236B06009846DB07BB
:10F8F0003BD46022E36A5A406E2313402B60434698
:10F900002363802310229B013B431A602F4B236308
:10F910000323A36430000CBC90469946F8BD2C4AE2
:10F9200093423FD900232B4A90462B4A6262A3623E
:10F93000266BF307C8D52200C02330329B01134346
:10F94000224A06201A60656AA36AAD01ED1800F02C
:10F9500037FA224901F0E0FFAD020100280001F072
:10F96000DBFF0021FFF7BCFAAEE72200C0233032F4
:10F970009B011343154A06201A60636AA26A9B0121
:10F980009946914400F01CFA4B4614499B02994653
:10F9900001F0C2FF0100484601F0BEFF0021FFF761
:10F9A0009FFAA6E77F2210409A0190460130400856
:10F9B0001A008044030082E70080FCBF00C00040C2
:10F9C00000E0004000F00040CC50002001030000A7
:10F9D000FEFF0000C0FF3F00FFFF00004E0E0000D2
:10F9E000F8B50C00611E8C41066B05002401F3077D
:10F9F0000BD41023E96A2A004C401C4080232C328F
:10FA00005B0113431C602E63F8BD0200C02330323B
:10FA10009B0113430A4A1A60476A836ABF010620A2
:10FA2000FF1800F0CDF9074901F076FFBF02010091
:10FA3000380001F071FF0021FFF752FAD9E7C04604
:10FA4000010300004E0E0000F0B5D6464F46464674
:10FA50000400C0B591425DD30D020E0E00232800B4
:10FA6000310001F097FF2E4B0200596891423ED3BE
:10FA70002B4B99462B4B012C3FD080212A4F09015B
:10FA800019607B69002B41D1254B19688C46E02118
:10FA90006046084080218446484649010843824622
:10FAA00060465146086018686040804603208446DE
:10FAB0004046614608400100504601600121A140D6
:10FAC0009C682142FCD08021484689010143802066
:10FAD000000108605A6028003100002301F05AFF3D
:10FAE000786101201CBC90469946A246F0BD5A6040
:10FAF0000B4B99460B4B012CBFD103214F4619608C
:10FB00000239BB681942FCD0074FBDE70623033B0F
:10FB1000FDD2B9E7054B064A3321064800F080FACA
:10FB20003C8000403CB00040B84F00201040021024
:10FB3000004002102440021030B50C2083B000F0C9
:10FB4000C7F9FDF7C7FD00280ED0874B874A1A601A
:10FB50005A609A60DA601A615A619A61DA611A62CF
:10FB6000834A5A6203B030BD824CA06700F01EFA8F
:10FB70000122814B1A60636C012BFCD103227F4B65
:10FB80001A607C4A936B012BFCD1013300937C4AB1
:10FB9000043301217B4800F019F905237A4A0093C8
:10FBA00001217A4800F012F9794B5A68FF2A02D8ED
:10FBB000802252005A6080226B4C704B21691201E6
:10FBC000734D1A60002907D0606901F0A5FE431C3F
:10FBD0005800C0180338FDD2E0216D4B02201A688E
:10FBE0001140802252012A431160196848400321C4
:10FBF0000140116004219A681142FCD080228021CA
:10FC000092012A438025090111606D00614A5D60FF
:10FC1000614B110001202361FFF716FF5F4B5A680B
:10FC2000FF2A00D85D6080225D4BE16912015B4DC7
:10FC30001A60002907D0606901F06EFE431C58006D
:10FC4000C0180338FDD2E02254490B681A408023C3
:10FC50005B012B431A60802380229B012B431201FE
:10FC60001A608022414B52004A60E3614D4B596853
:10FC7000FF2900D85A6080224B4B216A1201494D5E
:10FC80001A60002907D0606901F046FE431C580045
:10FC9000C0180338FDD2E02242490B681A40802385
:10FCA0005B012B431A60802380229B012B431201AE
:10FCB0001A6080235B004B602C4B3C4A23623C4B18
:10FCC0005968914201D801325A608022394B616AE9
:10FCD0001201374D1A60002907D0606901F01CFE3F
:10FCE000431C5800C0180338FDD2E02230490B688D
:10FCF0001A4080235B012B431A60802380229B01E2
:10FD00002B4312011A608023DB024B60184B6362A5
:10FD1000294B5A68FF2A02D8802252005A6080225A
:10FD2000264BA1691201244D1A60002907D0606991
:10FD300001F0F2FD431C5800C0180338FDD2E02248
:10FD40001D490B681A4080235B012B431A608023F6
:10FD500080229B012B4312011A6080235B004B60C1
:10FD60000C4BA361FEE6C046B84F0020006CDC02DD
:10FD70001BB70000008000403CB0004030B00040A5
:10FD8000002F685900800240008C864700C0024066
:10FD90003080004040597307001BB700548000407A
:10FDA00054B000406080004060B00040FFFF03009E
:10FDB0006C8000406CB000404880004048B000407B
:10FDC000014B8000C0587047B84F0020F8B51700AD
:10FDD000040033480D001E0001F09EFD314B010070
:10FDE000FA18314B9A4255D8380001F095FD0200BF
:10FDF0009823103A5B009A4246D8731E062B3DD8D2
:10FE0000069B013B062B39D8069B226836041B0350
:10FE10003343002A21DB254A254EA21851424A418C
:10FE2000802149018C4652420A40224962440A60BC
:10FE300021490A601700B1688F43FBD1C021221D00
:10FE40008901114321222560A0600A602268002AEE
:10FE5000FCDAE36008230B60F8BD3F2221680A400A
:10FE6000AA42D8D1A2681205120D8242D3D1EE2146
:10FE7000E268C9020A409A42CDD1EDE70F4B104A21
:10FE80001C21104800F0CCF80F4B0D4A19210D48E9
:10FE900000F0C6F80D4B0A4A11210A4800F0C0F8DC
:10FEA000001BB70080E84BD380F8A9320040FDBFAB
:10FEB00000C0004000E0004000F000403841021067
:10FEC0006C400210D84002101C4102107840021011
:10FED0008023024A9B000343D362704700800540A1
:10FEE000024B1A68024B5A607047C04630500020DF
:10FEF00000800540024B18680002400A7047C04667
:10FF000000800540184B194A10B5DA618022184B61
:10FF1000D2051A60174C184A146000291BD0E02241
:10FF2000164BD2041A60002804D18022134B12060B
:10FF30001A6010BD43011B1A9B001818104B0001DA
:10FF400098420CD80F4B18608022074BD20558609E
:10FF50000A4B1A60EDE7E022D2041A60E3E7094A8F
:10FF600018001360F0E7C046008005402131B76AF1
:10FF700000B00540FCFF01000820014000A0054042
:10FF8000FFFFFF0030500020064B00209A68002A37
:10FF900006D0D869044B9C46604443425841C0B2E5
:10FFA0007047C04600800540DFCE4895AA23064A28
:10FFB0001B0113602F230549D360054B196053685B
:10FFC000002BFCDA7047C0460040024000B0FA0047
:10FFD0000060024000BEFDE7094A1368002B06D00E
:10FFE00008491818884208D8106018007047064B56
:10FFF0000449181813608842F6D901235B42F4E7DC
:020000041001E9
:100000002C50002000000420FC52002000207047EB
:10001000012040427047C04610B5FFF7DBFFC046E5
:1000200010B50C0082B01900002A0AD0064B0192CC
:10003000009302002300054803F070F90120FFF748
:10004000C9FF034B1A00F2E78441021094410210E9
:10005000BC4F0210334B344A70B51A60334A344BEC
:1000600034491A6010008B689843FBD1324C334BF3
:100070009C4209D2013B1D1BAD080135AD002D1975
:1000800008CC9847AC42FBD1FFF756FD2C4A284BD1
:100090001A60284A9368DB018033FBD14022294B48
:1000A000294C2A4D9A675A671A67DA66AC420AD217
:1000B0002368002B28D0012B2DD120000834FDF718
:1000C0009DFFAC42F4D3224D224CC022A1682800EF
:1000D00002F0C4FEEFF30583A560002B19D1FDF7F4
:1000E000B1FBFDF745FFFEF757FA1B4C1B4B9C423B
:1000F00009D2013B1D1BAD080135AD002D1908CCFF
:100100009847A542FBD170BD2000FDF769FF083478
:10011000CCE700BEE3E7124B124A87211248FFF7F3
:100120007FFFC04600E00040BFCDFBFEFE7F3C00ED
:1001300000F0004000C00040284300203843002069
:10014000FFFFFF0100F0014008430020284300208A
:100150000000002000ED00E0384300205443002060
:10016000E4410210C4410210044202100FB400B571
:10017000084883B002F0FAFF049B002B07D005A9C2
:100180001800019103F07EF8034802F0EFFF012010
:10019000FFF720FFD44102108C4F02109A4200D288
:1001A000885470477047C046F8B557464E46454696
:1001B000DE46E0B599460A9B07009A460D9B8846A5
:1001C00093460B9E15009B070FD10C9B9E420CD2B1
:1001D0009D1B0E005D44541C4B4631002020B84747
:1001E0002200A542F7D1B0460B9E002E28D04446EF
:1001F000AD195346AA1B013E985D21004B46B847F6
:10020000002EF6D123002C0098460D9B9B0710D59D
:100210005B46E51A0C9BAB420BD94646220098463A
:1002200001344B46310020200135B8472200A84553
:10023000F6D820003CBC90469946A246AB46F8BD95
:100240002C00E2E7F0B54F464646D646C0B584B02E
:1002500098460EAB1B7894469946129B0D9C109FB6
:10026000119E9A0724D401221A409246002E62D190
:10027000BC420CD21F2C00D9B8E00C9A551E30227B
:1002800001E0202C03D001342A55A742F9D8524668
:10029000002A0DD0A6420BD9202C5AD00C9A551EFC
:1002A000302201E0202C54D001342A55B442F9D137
:1002B000DA0632D55A0555D4002C4FD10F9A102AA0
:1002C00000D18CE0022A00D17EE030220C9C22700A
:1002D0004A460124002A25D02D220C9D2A5501349E
:1002E00003930C9B02960093019443466246FFF7EA
:1002F0005BFF04B01CBC90469946A246F0BD202C82
:10030000EED00C9A1519013478222A70202CE7D0EF
:1003100030250C9A121915700134202CE0D04A4671
:10032000002AD9D15A0728D41A07D9D520220C9DE2
:100330002A550134D4E7002A24D04A46002A28D17D
:100340000C321A4225D1BC42A4D21F2C95D9202EA2
:100350001DD92024DA06C3D55A0503D4A7421AD0E2
:10036000B44218D00F9A102A1FD0022ACED1202CC6
:10037000B6D00C9A121901342EE02B220C9D2A556E
:100380000134ADE7BC4293D21F2C00D875E720247E
:100390008EE7013ED7E7621E002A10D00F9D102D78
:1003A0002DD0022D15D01400B2E79A06A7D5202C27
:1003B00096D058250C9A121915700134A6E70F9C97
:1003C000102C15D0022CEED162220C9C227001243C
:1003D0009EE70C9DAA4652446225157096E79A0640
:1003E000E7D478220C9C2270012491E720244EE768
:1003F0009A06F6D558220C9C2270012488E7023C0C
:100400009D06D6D40C9D2D1914007DE710B500284B
:1004100003D04A680B681100984710BDF0B54546F7
:1004200057464E46DE46E0B59BB0249D259C82464D
:100430008846099299462A0023002800210001F0ED
:100440002CFD002800D0CBE00122D94B52422800DD
:10045000210001F01DFD002800D0C1E00122D54B94
:1004600052422800210001F0FDFC002800D0B7E036
:10047000002200232800210001F0F4FC002800D015
:10048000EDE1AB4608948023289ADB001A401192D4
:1004900001D1062326935B460C9380235946289A64
:1004A0001B011A40089B10920B4300D0AFE0002ABA
:1004B00000D0BFE104260D930E930C9300230A9302
:1004C000279BB34201D99B1B0A930227289B1F40FD
:1004D00005D0734273410A9A5B421A400A920C9B00
:1004E000002B07D0584608990D9A0E9B01F059FC35
:1004F00083460891002200232800210001F0B2FC6D
:10050000002805D08020000684460899614408919F
:10051000289AA94B414613405A4604930A9B5046D9
:100520000393269B0293089B009201934B46099AE2
:1005300000F0A2F9002E63D0289B02009C061F2326
:10054000E4179C436534431C089320004B46414606
:10055000D0470C9B0024DA179D18DB0F9B46731EB7
:1005600055400C9302E00500202C11D00AAA9446B5
:100570001F23013463440A2128001E1901F0CCF91D
:100580003031317028000A2101F0C6F9092DEAD86E
:10059000052306930C9B01940593002304930A33CF
:1005A00003935B46029312AB0093089A4B46414675
:1005B0005046FFF747FE002F22D0099BC41A279B05
:1005C000A3421DD9020057461E00551C4B4641460A
:1005D00020200134B8472A00A642F6D828000FE0B0
:1005E000289B2A000493279B41460393269B504651
:1005F00002932300009201934B46099A00F03CF9C4
:100600001BB03CBC90469946A246AB46F0BD6B4A37
:10061000089B94465800400D604401F051FC684A24
:10062000684B01F0D8FB684A684B01F0B5FB089BAA
:10063000674A1B031B0B1A4306000F000C9811009E
:10064000644B002201F0A3FB634A644B01F0C3FB3F
:1006500002000B003000390001F09EFB01F048FC65
:100660000C9001F02DFC5E4A5E4B06000F0001F07D
:10067000B2FB00225C4B01F08FFB01F039FC5B4ABE
:100680005B4B0D903900300001F0A5FB06000D9882
:100690000F0001F015FC574A574B01F09CFB02007C
:1006A0000B003000390001F072FB02000B000A90D1
:1006B0000B9101F090FB06000F000A980B990200C5
:1006C0000B0001F069FB00220E900F914B4B3000A4
:1006D000390001F066FB0022494B01F05DFB02008E
:1006E0000B003000390001F05CFB0022454B01F0AB
:1006F00053FB02000B003000390001F052FB0A9A54
:100700000B9B0F0080210600C905002001F03FFB74
:1007100002000B003000390001F03EFB3A4F0200AE
:100720000B000E980F9901F03CFB0022284B01F0C2
:1007300033FBBC460D9A624416000022330501F0DB
:100740004AFB07000D900E000E9102000B00584668
:10075000089901F087FB00285ED13B003200C626D5
:100760000C9963318E42B6411099764204360029C5
:1007700000D1A3E6134361D0089F244A244B584676
:10078000390001F07DFB002807D00022214B58469C
:10079000390001F067FB002850D1269B002B00D1C7
:1007A0008CE6119B5A1E9341269AD31A269385E60E
:1007B000FFFFEF7FFFFFEFFFFFF7FFFF01FCFFFFF2
:1007C000FB799F501344D33FB3C8608B288AC63F40
:1007D0000000F03F0000F83F61436F63A787D23FFE
:1007E00071A379094F930A400000E03F1655B5BB4D
:1007F000B16B0240EF39FAFE422EE63F00002C407A
:100800000000244000001840FF0300002D431CEBB3
:10081000E2361A3F80842E410C9B0022013B0C9350
:100820000D98144B0E9901F0BCFA03000D900A00CC
:100830000E9194E700230D930E930C93269B1900C1
:100840000C9B994213DDCB1A013B26938023289AF7
:10085000DB001A430023289200260C932EE6802307
:100860001B069C46A4446346AB4608930BE6002354
:100870002693EBE700002440F0B5DE4657464E468F
:100880004546E0B597B08046894692469B46209AF9
:10089000219B1000190001F000FB002800D01FE28E
:1008A000209821990122CC4B524201F0DBFA00281A
:1008B00000D03EE1209821990122C84B524201F01C
:1008C000E7FA002800D0E7E0209821990022C44BE5
:1008D00001F0DEFA002800D0C7E02098219900221C
:1008E000C04B01F0BFFA002800D0BEE0209821994B
:1008F0000022002301F0B6FA002800D0E1E0002336
:1009000080240D93249BE4001C4000D0E9E00022E9
:100910000626B54B069207930EAB089320982199B3
:1009200001F0E6FA07000C9001F0CAFA02000B0091
:100930002098219901F02BFA069A079B01F04BFAB7
:100940000A900B9101F0F8FA0500099001F0B4FA51
:1009500002000B000A980B9901F019FA0022A34B30
:100960000A900B9101F094FA002800D148E12B0085
:1009700001331800099301F09FFA069A079B01F0D2
:100980007FFA002804D03B0001330C930023099325
:10099000002E00D0D5E00C9D280001F091FA020055
:1009A0000B002098219901F0F2F900228F4B0600EC
:1009B0000F0001F057FA002808D100228B4B3000BD
:1009C000390001F065FA002800D17EE1202C00D129
:1009D000FAE00C9F0A21380000F076FF089E3031C3
:1009E000315538000A21651C00F06EFF002800D147
:1009F00080E1202D00D1E7E00A2100F065FF3031D1
:100A000071553800642100F05FFF0234051E14D0D8
:100A1000202C00D1D8E008AA94461723280063446C
:100A200001340A211E1900F04FFF303131702800C7
:100A30000A2100F049FF051EEAD10323249A13403E
:100A4000012B00D1ECE0202C00D1C2E00D9B002B4B
:100A500000D111E12D23089A651C1355249B0195A3
:100A60000393239B0293089B20E0249B524604930C
:100A7000239B49460393229B40460293209B219C43
:100A8000009301945B46FFF7C9FC17B03CBC90464D
:100A90009946A246AB46F0BD249B5B070ED40322C9
:100AA000534B24990192039123990291009352464A
:100AB0005B4649464046FFF777FBE6E74D4B04228D
:100AC000EFE7209A219B0020002101F060F901232B
:100AD00080240D93249BE400209021911C4000D1A0
:100AE00015E7229B092B00D808E1190030230EAA34
:100AF0004E1E08921370092E00D1F9E0537008AA17
:100B00000C0094468E1E1721093C022361443022BA
:100B100005E00133CA54013E202B00D1A3E09C42E2
:100B2000F7D1354BF2009B181A685B680692079361
:100B3000F4E6249B0393239B0293042301932F4BFE
:100B4000B4E7202C40D0099D731E0A21280006938B
:100B500000F0E2FE089B3031195528000A2100F010
:100B6000DBFE671C0995092D00D892E0202F2BD0C1
:100B7000B11E06910A2100F0CFFE089B3031D955F5
:100B80000998642100F0C8FE099AA51C0700632A91
:100B900000D87FE03419013C14E0631B08AA0693D7
:100BA00094461723013563440A2138005E1900F08A
:100BB000B3FE3031317038000A2100F0ADFE092F4C
:100BC00068D90700202DE8D10323249A1340012B74
:100BD00025D0202542E7C046FFFFEFFFFFFFEF7F54
:100BE00065CDCD4165CDCDC180842E410000E03F73
:100BF0002C44021030440210484402103C440210BD
:100C000000220A980B99494B01F02CF9002800D0DA
:100C1000BEE62B1E60D1099B01330993B8E6202460
:100C2000239B002B00D10EE70D9B002B03D1249AB0
:100C30000C33134202D0239B013B2393239BA342FB
:100C400000D800E708AA9446172330226344202CDA
:100C5000BFD0239901341A558C4200D1F3E6202CE1
:100C6000F7D12025FAE6324BF2009B185C681B682E
:100C700006930794202451E6249B5B0720D4249BF1
:100C800025001B0700D4E9E62023089A01351355F7
:100C9000E4E63D00202D97D008A98C46172306983E
:100CA000634442193021002826D001355955202DA2
:100CB00030D0AA42F9D12E230899541C8B5485E6D2
:100CC0002B23089A651C1355C8E60123AC462B401C
:100CD0009C4463460C9379E6DB0700D458E69AE718
:100CE000249B0393239B029303230193114BDDE683
:100CF000012416E72C00A0E62A00DCE7DA001E003B
:100D00000B4B9B185C681B68069307940EAB002482
:100D1000089303E60323249A1340012B00D09DE699
:100D2000239B002B00D199E620247DE70000E03FC3
:100D30004844021038440210F0B54546DE46574696
:100D40004E46E0B5A1B01D002A9B0A908B46904606
:100D50000B93002900D108E2002328789A46002846
:100D600061D0B64B56469946C24609E0741C320023
:100D700053460A9E5946B04726002878002850D08E
:100D800001352528F2D1042328789846023B9C4659
:100D90000300203B691CDBB200240A00102B0ED894
:100DA0004F469B00FB589F4601230D001C432878AB
:100DB000691C0300203BDBB20A00102BF0D90300B2
:100DC000303B092B41D900272A286AD000230C93F5
:100DD0002E2851D00300683BDBB2122B5FD8984914
:100DE0009B00CB589F4663460D001C43DFE74346FC
:100DF0000D001C43DBE710230D001C43D7E708233D
:100E00000D001C43D3E780235B0068781C43551C0E
:100E10000300253BDBB2532BA8D88A4A9B00D3584A
:100E20009F46D046B2465246D04501D843465A1E48
:100E30004346594600200A9CA047504621B03CBC7E
:100E400090469946A246AB46F0BD0027030001E05C
:100E50000D000131B800C0194000C0180B783038BF
:100E60001A00303A0700092AF2D918000023AA1CF8
:100E70000C930D002E28ADD180236878DB001C4335
:100E80000300303B092B00D872E12A2800D1A6E1EB
:100E90000300683BDBB215000132122B9FD915000D
:100EA000B6E70B9B80CB002F00DA56E16878AA1CCE
:100EB0000B930D008AE768786C2800D148E2802304
:100EC0005B001C43551CA3E780239B0068781C43F0
:100ED000551C9DE76878682800D134E28023551CB2
:100EE0001C4395E70B9B04CB98460C9B0B92107808
:100EF000002B00D09DE1002801D100F06CFC022302
:100F00005B425A1C0B9B944619000D92614401E010
:100F10008B4206D001331A78002AF9D10B9A9B1A1A
:100F20000D938023DB0023400E9305D00D9B190009
:100F30000C9B994200D90D93022323400F9300D1BB
:100F40003BE2002800D121E20E9B002B00D1E1E121
:100F500041460C9B0C9129009C190B9B5D469B1BE9
:100F60003200B8460B938B460AE0534629000A9F8D
:100F7000561CB8470B9B985D002800D1FFE132005A
:100F80009442F2D10C9B474698465B462600AB46FE
:100F90001D000F9B002B00D0F8E143460B93ECE6BD
:100FA0000B9B04CB0B93002A00D123E121231C438C
:100FB000A44610A988461F240F21444400238846D4
:100FC00003E0202B00D11FE10A0041461140CFB2BF
:100FD00038003730092900D807380133E0541109A7
:100FE0000F2AEED810E10B9B04330C93731C0D9366
:100FF0009846A30700D401E20B9B320018785946AB
:1010000053460A9CA047BE19012F00D8A2E22B002C
:1010100042465546B0469A465E460A9F541C2B00EF
:1010200031002020B84722004445F7D15346B3464B
:10103000AA4626001D000C9B0B939EE64C42021014
:1010400090420210DC420210782800D152E2582867
:1010500000D183E16F2800D1F3E0622800D156E38C
:10106000102322009A438023DB000D92234069283D
:1010700000D0BCE30A220E92002B00D146E20123ED
:101080000D9A9A430D9280240D9BA40023409C4608
:10109000692800D1E7E0642800D1E4E06346002B32
:1010A00000D094E280230D9A5B001A400B9B90467F
:1010B00004330F93002A00D02CE30D9B5B0600D570
:1010C00044E20D9B1B0600D488E30B9B1B88180091
:1010D000031E00D04DE20D9A1033110099430D917B
:1010E000520500D445E2002398460D9B05970693D0
:1010F0000C9B04930E9B039300230293434601939E
:1011000018AB00933200534659460A98FFF79AF8F5
:101110000F9B06000B9330E6462800D18EE0072295
:101120000B9B04940733934319000C9A0397029284
:101130000CC90A98009201930B913200534659460C
:10114000FFF79AFB060018E6741C320053460A9E0D
:1011500059462520B04726000FE60222687814433E
:101160007F42AA1C0B930D0030E6D34B0A93F3E5A4
:101170000023010000E02A009800C0184000401839
:101180005178030008003038551C303B0928F2D94B
:101190000C93080002321DE6202302009A43472ADE
:1011A00004D180231B011C4302239843452801D10D
:1011B00020231C4307220B9B0494073393431900FD
:1011C0000C9A039702920CC90A98009201930B9112
:1011D000320053465946FFF721F90600CDE50B9B37
:1011E000A87802CBCA43D21711400C91EA1C0B938A
:1011F0000235EFE5102321009943113319438C4642
:101200000023610500D4D4E66246069208220592C6
:101210000C9A04921022039200220292019318ABBE
:1012200000933200534659460A98FFF70BF8060020
:10123000A3E5002800D1CDE2013B62E620231C4358
:101240006DE708230E9322000D948023DB001340EA
:10125000642800D0CEE2002B00D010E780241300D9
:10126000A40023409C466346002B00D0E5E0802389
:101270000D9A5B001A400B9B904604330F93002A93
:1012800000D0C6E10D9B5B0600D547E10D9B1B0618
:1012900000D499E20B9B00229B5ED9175A184A4052
:1012A0001000DA0F1492002B09D1802310220D991F
:1012B000DB000B4091430D91002B00D050E10D9AC3
:1012C0006123920600D5412310AA1F249446DBB265
:1012D00064440A3B159716960B9346460700A846AA
:1012E00025000E9C0AE03033DBB20136AB55A74235
:1012F00000D231E1202E00D12EE10700210038007C
:1013000000F00AFBCBB20929EDD90B9A944663444D
:10131000DBB2EAE70B9B32009E1B33005E46AB4616
:1013200055469A460B970A9F2B003100541CB8472C
:101330005346185D22000028F6D1AA460B9F5D4651
:10134000B346260025E6C023A8781C4303355FE595
:10135000C0239B00A8781C43033559E50C232200C9
:101360009A4314331A430D92630500D5D3E08023CA
:101370009B001C40F13BFF3BA4460E938EE60C9B6A
:10138000474698465B46AB461D0002E60D9B320081
:101390009F4200D801E6BE19F61A2B005D469B4617
:1013A0000A9F541C534629002020B8472200B4420B
:1013B000F7D15B46AB461D00EFE50D9A531C9742F3
:1013C00000D812E2BB199B1A0D971F0032005E462F
:1013D000AB460A9D541C534631002020A8472200EA
:1013E000BC42F7D15D46B34626000D9F7B1C0D9392
:1013F0000B9B1878002800D0A6E5CEE5012F00D879
:10140000F0E1731E3200A846DF190A9E5D460D9C6E
:1014100000E00134534629002020B0472200BC429E
:10142000F7D12600AB46454601360B9B3A001878AB
:10143000594653460A9CA047FDE507220B9B0733FC
:101440009343013294469C4462460B921A685B684F
:101450009C46DB1712931393129813990300534081
:10146000109364460B0063401193109B119C1B1A50
:101470008C41109311946346DB0F149363461A4317
:1014800050D00D9A6123920600D541230022DBB291
:10149000904610AA0A3B1F2494460F935B4664446F
:1014A0001793230015971696AB46109E119F44463E
:1014B0000E9D984610E0C046A50101103032D2B210
:1014C000434601341A550023BB4200D167E1202C6A
:1014D00000D167E106000F002A0000233000390028
:1014E00000F058FAD2B2092AE8D90F9B9C46624410
:1014F000D2B2E5E780231022DB0023400E920C22BB
:1015000094430D94002B00D1BDE5B8E580239B00EA
:101510001C40A446A7E610230E93B0E50B9B1B7856
:101520001A00BDE60D9A1023110099430D91520542
:10153000A7D5002398460D9B059706930C9B049313
:101540000E9B0393149B0293434667E60B9B1B7809
:101550001800BDE50D9E6EE54546159FB046169EEA
:101560000D9B059706930C9B04930E9B0393149B72
:10157000C3E50D9A6123920600D5412310AA1F24CA
:101580009446DBB264440A3B149715960B93464687
:101590000700A84625000E9C08E03033DBB2013678
:1015A000AB55A7420ED3202E0CD0070021003800E7
:1015B00000F0B2F9CBB20929EFD90B9A94466344F3
:1015C000DBB2ECE74546149FB046159E8DE5072239
:1015D0000B9B07339343013294469C4462460B9223
:1015E0001A6859681300100009910B435CD10D9AD9
:1015F0001033110099430D91520555D5002398469B
:101600000D9B059706930C9B04930E9B039300235D
:1016100099E70B9B1B68D9175A184A401000DA0F3C
:101620001692002B08D1802310220D99DB000B406D
:1016300091430D91002B2CD10D9A6123920600D578
:10164000412310AA90461F24DBB244440A3B14975E
:101650001596A8460B932500070066460E9C08E0E9
:101660003033DBB20136AB55A7420ED3202E0CD05F
:1016700007002100380000F04FF9CBB20929EFD95B
:101680000B9A94466344DBB2ECE74546B446149F9C
:10169000159E0D9B059706930C9B04930E9B03933D
:1016A000169B029363462AE50D9A6123920600D5A4
:1016B00041230022DBB2904610AA0A3B1F24944625
:1016C0000F935B46644414971596AB4646461693B3
:1016D000A0460E9D099F04000BE03032D2B2434673
:1016E00001369A550023BB4265D0202E65D00400F8
:1016F0000F002A0000232000390000F04BF9D2B27D
:10170000092AEAD90F9B9C466244D2B2E7E702233A
:101710000E9398E50B9B1B68181E08D1802310229E
:101720000D99DB000B4091430D91002B2CD10D9AAC
:101730006123920600D5412310AA90461F24DBB2F4
:1017400044440A3B14971596A8460B9325000700BE
:1017500066460E9C08E03033DBB20136AB55A7423B
:101760000ED3202E0CD007002100380000F0D4F852
:10177000CBB20929EFD90B9A94466344DBB2ECE76C
:101780004546B446149F159E0D9B059706930C9BEA
:1017900004930E9B0393002302936346AFE4B54288
:1017A00000D894E6179B109611975D46159F169EDC
:1017B000A0469B46BFE6A54297D9169BB0465D461C
:1017C000149F159E9B461BE70B9B1B68D9175A1845
:1017D0004A4065E500230D93FFF7A3FB0B9B1B68B5
:1017E000180075E437000D9E1FE60D9302E60A23EC
:1017F0000E932AE5140082E60EB4012210B585B0DE
:1018000007AC08CC01000094524204480394FFF74F
:1018100093FA05B010BC08BC03B018479D01011035
:1018200000B583B0009313000A0001000248FFF7DF
:1018300083FA03B000BDC0469D01011000B585B01C
:101840000391012102900093034813004A4202A928
:10185000FFF772FA05B000BD0D0401100148042124
:10186000014B1847903A00208D180110142310B531
:101870000100188804331B88984710BD162310B543
:101880000100188802331B88984710BDF0B5C64682
:1018900000B5002916D01423040001259846182706
:1018A000890046184346216818883B88984701C438
:1018B000431E984140420540A642F3D1280004BC93
:1018C0009046F0BD0125F9E7124A936F9B0815D2A7
:1018D0009066D166002905D0FFE7FFE7FFE7516F6B
:1018E000106F704704B580210906C21751400028C7
:1018F00000D0C84311F014FB002104BDF0B5146EF4
:10190000556E576F166FFFF7E3FF146655665767FE
:101910001667F0BD000000D0114A936F9B0813D2E8
:1019200010665166002905D0FFE7FFE7FFE7516F1A
:10193000106F704704B5002801D00020C04311F09B
:10194000EFFA002104BDC046F0B5146E556E576F16
:10195000166FFFF7E5FF1466556657671667F0BD0B
:10196000000000D094464A4A926F9208624601D223
:1019700028E0C046F0B5464E346E756E776F366F10
:1019800000F020F89446424A146655665767166779
:101990006246F0BD94463E4A926F9208624601D27A
:1019A00054E0C046F0B53A4E346E756E776F366FC0
:1019B00000F04CF89446364A146655665767166729
:1019C0006246F0BD002B24DB11D000293EDA00B5C1
:1019D000C943404200D1013100F038F8C9434042C8
:1019E00000D10131DB43524200D1013300BD002A56
:1019F000EBD1002801D1002905D00020C90FC9076B
:101A000001D1C043410800B511F052FA0022002371
:101A100000BD00B500290ADBDB43524200D101338F
:101A200000F014F8C943404200D1013100BDC94360
:101A3000404200D10131DB43524200D1013300F07A
:101A400005F8DB43524200D1013300BD002923D108
:101A5000002B18D1002A0CD0BC460D4F38667A6690
:101A600000210023FFE7FFE7FFE77A6F386F674643
:101A70007047002801D00748010000B511F018FA9E
:101A80000022002300BD02000B000020002170474F
:101A9000000000D0FFFFFFFF002B00D0BFE0130CC1
:101AA00028D1002AE7D080B4114F39667A66FFE763
:101AB000FFE730B4040C7B6F396F1B0423433B6694
:101AC0007A66FFE7FFE7FFE7C04684B27B6F3D6FB2
:101AD0001B0423433B667A66FFE7FFE7C04600230B
:101AE0002C042D0C7A6F386F00196941B0BC704717
:101AF000000000D0F0B594460025140E01D112026A
:101B00000835140F01D112010435940F01D1920050
:101B10000235D40F01D152000135D40B0134254FC9
:101B20007C66254C3C660E0C93B2FFE7FFE7FFE7AF
:101B30003C6F6643360C7703BE467343DF0B5B0492
:101B4000C01AB941130C7343DB18C91ACE08664397
:101B5000360CB64493B273431F0F1B01C01AB94130
:101B6000130C73431F0B1B05C01AB941860D8F025E
:101B70003E436643360C092D24DB520A7243801A19
:101B80007703460A6643360C16235B1BDE40DF40B4
:101B9000BF1964466643821B704604350633010054
:101BA000D940A840C01900D30131A24206D2002377
:101BB000F0BD0000000000D0FFFFFFFF121B01304E
:101BC000F3D3F1E709277F1BFE406446A2B27243BC
:101BD000801A00D20139220C7243130C1204821AAB
:101BE00099410B007046043513370100F940A840B5
:101BF000801900D30131002B02D1A2420AD2F0BDDC
:101C0000013000D30131121BFAD2013BF8D1A242BC
:101C100000D2F0BD013000D30131121BF7E7F0B55F
:101C20001C0C00D080E00CB400251C0A04D11B025F
:101C3000160E3343120208351C0B04D11B01160F7C
:101C40003343120104359C0B04D19B00960F3343A0
:101C500092000235DC0B02D192185B4101351C0069
:101C6000971864410134464F7C66464C3C660E0C26
:101C7000FFE7FFE7FFE7C0463C6F6643360C77039C
:101C8000BE4697B27743C01B00D20139C01B00D2B9
:101C900001399FB27743C91BC91B170C77437E04D8
:101CA000FF0B801BB941CE086643360C0C2D33DB8D
:101CB000B644120B1F053A431B0B97B27743C01B68
:101CC00000D201399FB27743C91B170C77433E04FA
:101CD0003F0C801BB941860D8F023E436643292786
:101CE0007F1BFE400C3D7746AF40BF1930BCA2B20F
:101CF000ABB272437343801A9941220C7243130CA6
:101D00001204801A994102000B000137001BA941FF
:101D1000F9D2781E0021F0BD0C277F1BFE407746CC
:101D20007F0BAF40FF19E0E700245D1C07D0144F84
:101D30007D663966FFE7FFE7FFE7FFE73C6F95B297
:101D40009EB265436643401BB141150C1E0C6543B2
:101D5000664336042F0C3E432D04401BB14199428B
:101D600004D202000B0020000021F0BD01D19042FE
:101D7000F7D3801A994101349942F2D3F6E7000073
:101D8000000000D0FFFFFFFF48404140484018B42A
:101D9000134B5B68019308BD18B4114B1B6801938A
:101DA00008BD94460F4A926F920805D2624618B455
:101DB0000B4BDB68019308BD0A4AF0B5146E556EF3
:101DC000576F166F6246FFF7F2FF064A14665566B4
:101DD00057671667F0BD18B4014B9B68019308BDA7
:101DE000D0500020000000D0FFB55040424050408D
:101DF00059404B40594000E0FFB5154F4C00640D71
:101E000003D0BC4204D10C0314D80020090D0905ED
:101E10005C00640D03D0BC4204D11C030AD800222C
:101E20001B0D1B0501264B4009D44B4003D58B42AB
:101E300000D18242FFBD9942FCD19042FFBD0B43CD
:101E4000DB1803431343F5D0C9434918FFBD000015
:101E5000FF07000000B5FFF7CFFF01D0002000BD55
:101E6000012000BD00B5FFF7C7FF804100BDC0469F
:101E700000B5FFF7C1FF01D9002000BD012000BD62
:101E800000B5FFF7B1FF01D9002000BD012000BD62
:101E900000B5FFF7A9FF804100BD012040054A00C1
:101EA000121804D85A00121801D8002070470120D7
:101EB00070470020704700000021002805D17047BE
:101EC000C1174840401AFAD0C90713B5064B1B6822
:101ED00098470CBC441CA2401005120B0349091B77
:101EE00009051943114310BD605000201F04000074
:101EF00010B54C00620D8023D218DB00D21A5B05AE
:101F00007E2A10DD9E3A13DACC17090349081943DB
:101F10005242D140640001341532202A05DAD04003
:101F20000843604310BD002010BD0846604310BD4B
:101F3000C80FC018013810BD18B4024B5B6A01937A
:101F400008BD0000D050002018B4024BDB6D019397
:101F500008BD0000D050002018B4024BDB6F019385
:101F600008BD0000D050002018B4024BDB6C019378
:101F700008BD0000D050002018B4024B1B6D019327
:101F800008BD0000D050002010B50148FEF7EEF863
:101F900050450210132370B51D78012D1ED019DD98
:101FA0003648FFF76BFC06003548FFF767FC023840
:101FB00003789B007F2B5ADD324C802231002000B9
:101FC00000F04CFF022D3DD02F48FFF74FFC2F4B68
:101FD000186070BD2B4C2E4BA364F5E7294C2D4A9D
:101FE000A3085B421D4040D02B0022602020A900A6
:101FF0006118451B0A604A608A60CA600A614A61CA
:102000008A61CA610A624A628A62CA620A634A6370
:102010008A63CA630A644A648A64CA640A654A6550
:102020008A65CA650A664A668A66CA660A674A6730
:102030006D08102D02D18A67CA67CCE71E339B005A
:10204000E250C8E7144B1A88B5231B029A4209D103
:10205000124A134B12889A4204D1124A124B128828
:102060009A42B8D00020FEF781F80023BEE70F4B5C
:102070000F4A32210F48FDF7D3FFC04653440000FA
:1020800053460000D05000204C3300006050002028
:10209000152B0110891F011054380000D83800009A
:1020A000494600009C380000594600009844021040
:1020B0003C450210EC44021070B504000D001600FF
:1020C000012A0ED0D20F92195210FFF7F5FF0B0024
:1020D0000200FFF780FEF30703D522002B00FFF775
:1020E0007AFE70BDF0B54646D6464F461D00894B78
:1020F000C0B598464E00760D88B01400B044002E4E
:102100003AD0854B9E4237D00022844FBF1B3B05FF
:1021100080185941FFF730FF814A824BFFF741FE9B
:102120000022814B00900191FFF7B2FE002831D1CF
:102130004346002B3CD000227C4B20002900FFF7B7
:102140009FFE00280DD10022794B20002900FFF7C7
:102150008FFE002835D043460020002B05DB0021F0
:1021600004E043460020002BF9DB724908B01CBC98
:1021700090469946A246F0BDFFF7FEFE684A694BBD
:10218000FFF70FFE0022684B00900191FFF780FEE1
:102190000028D0D000980199674B0022FFF7F7FD87
:1021A000664B009001919846B0444346002BC2D143
:1021B0000098019922002B00FFF70DFE00F0D4FAE1
:1021C000D4E72000290000F037FA0B0002000600D7
:1021D0000F0020002900FFF7DAFD1A220290039178
:1021E00000F002FA00F028FA4B0004000D005B0D2D
:1021F00009D0494A934206D000241A2B00DC7FE024
:102200004F4D24184D4139003000FFF771FE8246D2
:102210004046FFF755FE22002B0006000F00FFF797
:10222000DAFD0490059100F007FA02000B00049813
:10223000059906920793FFF7AAFD22002B00049050
:10224000059102980399FFF7A2FD32003B00FFF7CA
:10225000C2FD049A059BFFF79FFD0490059150462F
:10226000FFF72EFE009A019BFFF7B5FD04000D005D
:1022700000F0E2F902000B0006000F002000290028
:10228000FFF785FD049A059BFFF786FD009A019BE9
:1022900004000D0002980399FFF79DFD2B0022001A
:1022A000FFF77AFD00F060FA4B005B0D04000D00B3
:1022B0009946002B00D159E7174B994500D155E7B6
:1022C000434651464B43069807999846FFF710FE40
:1022D000390080443000FFF70BFE4B464044C318E2
:1022E000002B09DD174A93420DDDEB0F114ADB0786
:1022F0001A430020110039E7EB0F0020D90735E71A
:10230000C90FCD077FE70022030512196B411000AA
:1023100019002BE701FCFFFFFF070000FF0300008F
:10232000EF39FAFE422EE63F0000E03F0000B040E9
:102330000000B0C00000F07F0000F03F02FCFFFF93
:10234000000060FEFE070000F8B557464E464546C1
:10235000DE469246E0B5994606000F0004000D1EC9
:102360002FDA5A00994B20219C463423520D6244A7
:102370009B1A49425E1800D5FAE01F31B140012096
:10238000404298405746874338004F468F43002EBF
:1023900000DAE5E04946F14001263140002A3DDB04
:1023A000002B46DB38434FD1002900D0C8E0342B46
:1023B00000D1C5E080231B06EB181D1EFADB2600AA
:1023C0002F0050464946FFF793FD6B008346804639
:1023D0005B0D44D07E4A934241D02A03120B144332
:1023E0003DD17C490200884200DAD4E078498A4233
:1023F00000DDD2E075498C4663445343764A9A180F
:10240000002A00DCCBE0754900208A4200DDCFE0E5
:1024100000221905724B801859419BE080231B064E
:10242000EB181D1ECBDA80231B06EB181D1EF5DBF7
:10243000C5E780231B06EB181D1EC0DA80231B0690
:10244000EB181D1EF5DBBAE780231B06EB181D1EDB
:10245000B5DA80231B06EB181D1EF5DBAFE75B46E4
:10246000002B00D18DE02033402B00D98CE05B465F
:10247000002B0ADA3B00320000205949FFF791FC9B
:102480005B465B4206000F0098464346012B00D195
:102490008BE05C10012C00D184E09D10012D00D157
:1024A00088E0DB109946012B00D186E043461B11E2
:1024B0009A46012B00D183E043465B11012B00D1EA
:1024C00081E0002230003900FFF7F6FD02000B002A
:1024D000FFF781FC0B000200FFF77DFC5346DB0792
:1024E00003D532003B00FFF776FC0B000200FFF73C
:1024F00072FC4B46DB0703D532003B00FFF76BFC59
:102500000B000200FFF767FCEB0703D532003B002E
:10251000FFF761FC0B000200FFF75DFCE30703D54A
:1025200032003B00FFF757FC0B000200FFF753FCA3
:102530004346DB070ED532003B00FFF74CFC09E0B9
:10254000802636064B462000A9195246FFF7FCFEAE
:102550008B1919003CBC90469946A246AB46F8BD83
:1025600020214E46C91A8E405146D940314313E7C7
:102570000121202049420F00C01AC7409940394329
:10258000FDE600201649E5E752464B46300039008B
:10259000FFF7A8FDDEE70A0028E70A002AE7002087
:1025A0000021D7E730003900BEE730003900D1E71D
:1025B0000C49CFE730003900ACE7300039009FE725
:1025C0003000390091E73000390083E701FCFFFF5C
:1025D000FF07000000F8FFFFFF030000FE070000F8
:1025E0000000F03F0000F07F4B0030B55B0D10D0D5
:1025F0000E4CA3420DD0D318002B0BDD0C4CA34284
:102600000EDDC90F0B48C907084305000024290047
:10261000200030BD0024C90FCD0720002900F8E7B5
:102620000024150524184D41F7E7C046FF070000B8
:10263000FE0700000000F07F254A4B0094465B0D2A
:102640006344F0B55A1C24DB5A1C3AD03422D21A07
:10265000002A1DDD3324E41A20235B42E5181ED432
:102660000126AE4033000126A640320012184B412D
:10267000002D20DB0226AE4031000225A5402800B7
:102680001600002544428D4126402B4030001900A1
:10269000F0BD0022C90FCB0710001900F8E7202673
:1026A0000127361BF7400126A6403B0032001218D6
:1026B0004B41002DDEDA202502262D1BEE40310095
:1026C000DBE7CB0F034ADB071A4300201100DFE7EB
:1026D00001FCFFFF0000F03FF0B5C6464B0000B51F
:1026E00004000D005B0D2DD01D4A9B1825D4342607
:1026F000F31A9846002B1DDD202342465B42D71873
:1027000028D4333EBE40330001274646B7403A0046
:10271000002906DA01246442E51724184D41A41863
:102720005D41002756429F412300334018002B0093
:102730003B40190004BC9046F0BD0020002907DA98
:102740000849F7E70022C90FCB0710001900F1E78D
:102750000021EFE720270126BF1AFE403300D3E710
:1027600001FCFFFF0000F0BF264B70B50A0D05000D
:102770000C009A423AD00022234BFFF779FB002845
:1027800034D10022214B28002100FFF779FB0028DB
:1027900002D000201E4970BD28002100FFF74CFF29
:1027A000FFF7A6FB0600FFF78BFB02000B002800DB
:1027B0002100FFF7ECFA174B174AFFF70CFBFFF766
:1027C000D3FB4B0004000D005B0DE4D0134A934291
:1027D000E1D0F318002B0CDD114A93420DDDCB0F35
:1027E0000B4ADB071A4300201100D4E70020002128
:1027F000D1E7CB0F0020D907CDE700203105001924
:102800006941C8E7FF0F00000000B0C00000B04001
:102810000000F07F422EE63FEF39FAFEFF0700008E
:10282000FE070000F0B54F464646D6469046C0B576
:1028300000221F00AF4B05000C00FFF70BFB002828
:1028400036D13B0D5E059946760D38D00022AA4B55
:1028500028002100FFF7FEFA002833D0A74B9E4244
:102860002DD0994561D0A64B994552D0A54BF6186D
:102870005BD4A14834239E1B002E11DD543BF2187B
:1028800000D5E5E01F33934001225242B240414659
:1028900091430A00390099430B00134300D0E6E04E
:1028A0002800210042463B00FFF74EFD05000C00CA
:1028B000280021001CBC90469946A246F0BD002588
:1028C0008C4CF5E7220D530520005B0D24D18D4B78
:1028D0009C466644002F2BDB002E1ADB34239E1B04
:1028E00017D4543BF11850D41F338B40012252426D
:1028F000B24040469043020038009843030013431F
:1029000007D1342ED4D0002900DA91E0CF40FB0764
:10291000CED400250024CBE778498A468A423DD1AF
:102920000025002FF6DB784CC2E70025764CBFE788
:10293000002EFADB34239E1BF7D4543BF1181BD432
:102940001F338B4001225242B24040469043020066
:102950003800984303001343E7D1342E04D00029F4
:102960006EDBCF40FB07E0D50022E40F6649E407A9
:10297000214315000C009BE7012320225B42180035
:10298000921BD040B3400343DCE7012320225B428B
:102990001800921BD040B3400343A7E758498A422E
:1029A00000D097E0574B9C466644002F1EDB002E5C
:1029B000BBDB34239E1BB8D4543BF1186CD41F33BB
:1029C0008B4001225242B240404690430200380000
:1029D000984303001343A8D1342E76D000296CDB32
:1029E000CF400025FB079ED5484C61E7002E90DBC9
:1029F00034239E1B8DD4543BF11844D41F338B4099
:102A000001225242B24040469043020038009843AF
:102A10000300134300D07CE7342E59D0002944DB57
:102A2000CF400025FB0700D474E7802424063FE74D
:102A300020239B1B9F403B004746F7401F4366E710
:102A400020239B1B9F403B004746F7401F4389E7DD
:102A5000012320225B421900921BD140B3400B435B
:102A600012E789453FD0274BF61800D402E700282B
:102A700000DA5AE72800210042463B00FFF732FB0C
:102A800005000C0014E7012320225B421800921B72
:102A9000D040B3400343B3E7012320225B42180038
:102AA000921BD040B34003438BE720239B1B9F40E6
:102AB0003B004746F7401F43B3E720239B1B9F4043
:102AC0003B004746F7401F438BE700250F4CEFE6DE
:102AD0000025AAE7D145C4D10D4A0025934200DD67
:102AE00021E70024E4E60025094A2C00934200DD9A
:102AF000DEE618E70000F03F0000F0BFFF0700002F
:102B0000FF0F000001FCFFFF0000F07F0000F0FF5E
:102B1000FE03000007B5604601880A0A0230DF2A7A
:102B2000FAD1C9B2820804D3028840880004104355
:102B300000E00068014A5050039007BDD0500020CB
:102B400051434343C9188C46110C83B24B4310B414
:102B5000040C614392B280B2504362431C041B0CCC
:102B6000001910BC59411304120CC01851416144A2
:102B7000704700004840414048400E4B5B68184792
:102B80000C4B1B6818470C4A936F9B0802D2094BE9
:102B9000DB681847F0B5146E556E576F166FFFF768
:102BA000F6FF054A1466556657671667F0BD014B78
:102BB0009B681847D0510020000000D007B548405E
:102BC0004140484001E0C04607B54200120E03D024
:102BD000FF2A03D1420218D8C00DC0054A00120EC8
:102BE00003D0FF2A03D14A020FD8C90DC90501221B
:102BF000414005D4414001D5814207BD884207BD0F
:102C00000143491801D0C043001807BD00B5FFF7C4
:102C1000DBFF804100BDC04600B5FFF7D5FF01D9FD
:102C2000002000BD012000BD00B5FFF7C7FF01D99E
:102C3000002000BD012000BD00B5FFF7BFFF8041AF
:102C400000BD01231B064200D21804D84A00D21846
:102C500001D80020704701207047491A002807D189
:102C600008467047C10FC90700D54042002817D059
:102C7000F44603B40B4B1B68984706BC81409E3852
:102C80004042803107D20B0607D04900490AC005EF
:102C90001043084360470130F8E7490A8902F5E725
:102CA0007047000060500020014B5B6A184700002D
:102CB000D0510020034A1047C2179142FAD0024B6C
:102CC000DB6D1847652C0110D0510020014BDB6FE4
:102CD00018470000D051002010B50148FDF746FA12
:102CE000BC4F0210132310B51C781648FEF7C6FD22
:102CF000012C10D009DD831E1B789B007F2B1BDD70
:102D000001008022104800F0A9F81048FEF7AEFD3F
:102D10000F4B186010BD0C4C54220100200000F035
:102D20009DF823000B4A80332168002900D12260DE
:102D30000434A342F8D1E8E7074B084A4221084887
:102D4000FDF76EF953460000D05100204C330000CF
:102D500060500020D92C011068450210E84502108F
:102D60009C45021070B504000A4E300010F048F97E
:102D700020000EF0C9FD0500300010F091F8002D84
:102D800005D0054B2C199C4201D8280070BD034882
:102D9000FDF7ECF90843002000000420FC45021078
:102DA00070B505000C000B4E300010F029F928001A
:102DB00021000EF065FA0500300010F071F8002DCA
:102DC00005D0054B2C199C4201D8280070BD034842
:102DD000FDF7CCF90843002000000420FC45021058
:102DE00070B505000C000B4E300010F009F92800FA
:102DF00021000FF0B3F80500300010F051F8002D5D
:102E000005D0054B2C199C4201D8280070BD034801
:102E1000FDF7ACF90843002000000420FC45021037
:102E200070B50500054C200010F0EAF828000EF0FF
:102E300075FD200010F034F870BDC0460843002036
:102E400001480421014B1847A03A00208D180110B9
:102E5000014B1B6818470000A03A0020014B5B683B
:102E600018470000A03A0020030010B508001B68B6
:102E70001100984710BDC046F8B54746CE4680B50C
:102E8000437D80460C001500002B43D0002A34DD22
:102E90000A78037D00200A2A33D0012D1ED0204B52
:102EA0000121671E994602E03100B54216D0635CED
:102EB0007A5C4E1C0A2BF7D10D2AF5D043461B68CD
:102EC000884204DA091A2018984743461B680221F1
:102ED0004846984730003100B542E8D1854204DDCC
:102EE0004346291A1B68201898476419013C237827
:102EF0000D3B5A425341424613750CBC90469946CD
:102F0000F8BD002BC9D14346054802211B689847EC
:102F10000120C2E70368110020009847EDE7C04692
:102F20009C46021010B5034B034A3F210348FDF7AE
:102F300077F8C0462831021084460210443102104E
:102F4000F8B54E46DE4657464546344BE0B51C685C
:102F50008146002C4ED0324B9A46324B9B4602E0C3
:102F60002469002C46D02368002BF9D05246126801
:102F7000002A01D0A242F3D14F46627D40CF002A01
:102F800048D0002EECDD49460979227D00200A292F
:102F900039D0012E1ED04B4601215D1C03E00135C6
:102FA0004146464516D04B1C98462B79EA780A2BA9
:102FB000F5D10D2AF3D02368814203DD091A3818B0
:102FC00098472368022158469847013540464146B4
:102FD0004645E8D1864203DD311A23683818984700
:102FE000BF19013F3B780D3B5A4253412375246979
:102FF000002CB8D14A46002313603CBC9046994649
:10300000A246AB46F8BD002AC3D106480839984706
:103010000120BEE7310038009847A1E7205000208A
:10302000285000209C4602100B6870B505000C006B
:10303000802B04D05A1C2260E418257170BD080052
:10304000FFF77EFF2368F5E7F0B557464E46454645
:10305000DE46E0B585B006000D0017001C00FBF74A
:1030600033FF002964DB0023324A12184B41002B46
:1030700002DA0122304B52423049080088460FF0F4
:103080008FFF01906B1C03D130000FF017FA050081
:10309000002C34D12A4B9A462A4B1C68002C21D094
:1030A000002F2FD0284B9B4602ABDF1D0A239946E9
:1030B00002E02469002C15D02368002BF9D05B4670
:1030C0001B68002B01D0A342F3D120002A0031005D
:1030D000D0474B462000012239003B70D04724697D
:1030E000002CE9D1019B002B1ED1681E8541E8B25E
:1030F00005B03CBC90469946A246AB46F0BD134B8A
:103100009A46C9E7104F02E02469002CEAD02368F0
:10311000002BF9D03B68002B01D09C42F4D12A004F
:1031200031002000D047EFE740460FF0B9FEDCE762
:10313000FFF7F8FE40420F00FFFFFF7F1043002023
:10314000792E01102050002028500020692E0110F7
:1031500010B582B06B4604000022D81D0121002367
:103160000470FFF771FF200002B010BD70B50400BD
:103170000FF0A4F900230100050001222000FFF751
:1031800063FF084B1C68002C06D06368002B05D039
:1031900098472469002CF8D1280070BD2469002CC0
:1031A000F3D1F9E720500020F0B54746CE4680B570
:1031B0000E0083B0170000282CD11C4B1C4D1A6840
:1031C0005B68019200931B4B99461B4B98464B46FC
:1031D0001C68002C03D115E02469002C12D0434652
:1031E0001B68002B01D0A342F6D1A368002BF3D0BB
:1031F0003900300098470028EEDD03B00CBC904643
:103200009946F0BD6B6A009A9A4209D8AA6A019958
:103210008A4202D301204042EFE7009A9A42F9D154
:1032200001200021FBF75CFED1E7C046783C02108C
:10323000004005402050002028500020013870B583
:103240000D001400012807D80023002221002800C7
:10325000FFF7FAFE200070BD01204042FBE7C046A8
:10326000012040427047C046012040427047C0469E
:10327000012040427047C0460222002382425B4147
:1032800018007047F0B5A3B004000D00FBF71CFE5A
:10329000002936DB00231C4A12184B41002B02DAAE
:1032A00001221A4B52421A4E30000FF079FE0023D1
:1032B0000700019322002B0001A91648FEF7BEFA71
:1032C000019B0500002B18D1134B1C68002C06D065
:1032D0006368002B08D098472469002CF8D1002F90
:1032E00007D1280023B0F0BD2469002CF0D1002FB5
:1032F000F7D030000FF0D4FDF3E701A8FFF720FE70
:10330000E2E7FFF70FFEC04640420F00FFFFFF7FDE
:103310001043002029300110205000200FB400B5C8
:1033200083B004A901C90191FFF7ACFF03B008BC49
:1033300004B0184710B5024800F004F810BDC046AC
:103340005050002010B588B004000D2200216846BE
:10335000FFF77EFD0D22002104A8FFF779FD4B2326
:103360006A4604A9137068460D220FF089FD1521E5
:10337000082269442000FFF771FD08B010BDC04667
:10338000474BF0B5C3185A425341802257464E4628
:10339000DE46454692029446E0B507005B42414A4C
:1033A0001B0463441360404A8946404985B013605A
:1033B0001D008A689543FBD10620FCF701FD02231E
:1033C0007A684C461A4001923A1D11000292C022BE
:1033D000920111430B6080264B46804603915802B0
:1033E000D90DA2029B0D02247600AC4606E0904562
:1033F00007D312184B412C00B54202D0A51C002B5C
:10340000F5D023021B1B9A4680265546BB46760004
:103410002700E24603E0ED1B2600012C3BD02900EB
:103420004046741EFEF778FA8145F4D25B463100BF
:10343000A3463C0061431F005B4689461D023C6178
:103440003B6880225D40FF231B021D408023022435
:1034500002989B01019952013A431843156001609B
:1034600003997D680C6007213E6824377140CF26A0
:103470001F4303230E4025401660494605603B600C
:1034800004604046FEF748FA05B03CBC90469946B9
:10349000A246AB46F0BD3C0055465F46A146CEE78E
:1034A0000040FCBF00E0004000F0004000C00040D1
:1034B000F0B54E464546DE4657468146E0B5062005
:1034C00083B00D00FCF77CFC4B4602225B68802633
:1034D0001340019304234B449846C02341469B016B
:1034E0000B431A608246E90D6802AB0DAA02022462
:1034F000760006E0924507D312184B413C00B742D4
:1035000002D0A71C002BF5D080272602361B7F0097
:1035100003E05F46361B012F27D07B1E310050464B
:103520009B46FEF7F9F9A842F3D939005B4661439F
:103530001B024A46146112684F465340FF22120292
:1035400013408022520117433B60802342469B0177
:103550001343019A50461A60FEF7DEF903B03CBCF3
:1035600090469946A246AB46F0BD21000023E0E715
:103570003F4AF0B5821A53425A410723D6464F4676
:103580004646040052429A433A4B1032C0B51A6084
:10359000394B0D0039491A6010008B689843031E9F
:1035A000FAD166212268FF312071D066116063393B
:1035B0008833FF39D0639063D1500520FCF700FCBD
:1035C000070068082900C019FEF7A6F980464600E2
:1035D000464405213000FEF79FF943461B1A9A46E0
:1035E000274B81467800C0199D4235D82549FEF702
:1035F00093F9451C4B46023BAB4232D3002324686F
:103600000120E36622680433534006221A408023D7
:103610005B0123431A605346E3614B4623624F2EFE
:1036200003D950213000FEF777F9A0232200E050A3
:103630008023E06F7C3245402D045B0113432D0C49
:103640001D60012341463800E366FEF765F91CBCA6
:1036500090469946A246F0BD0B49FEF75DF9451C20
:10366000C8E70A4B0A4A5D210A48FCF7D9FCC04664
:10367000B03A002000E0004000F0004000C00040F0
:103680003F420F008096980040787D012448021048
:103690001048021044480210F0B54546DE46574631
:1036A0004E46E0B50025046883B0E56661600121FF
:1036B00090460CAA1278E166002B55DD591E8C4607
:1036C00010350127AA4670350021A94666465740A5
:1036D0007F0200930025002903D105796B1E9D41CF
:1036E000AD0200239C46B14237D043465B5C1D438C
:1036F00063461D43009B25619C465346656B2B42E8
:10370000FBD0634600934B46E3589C46002B0ED1FA
:10371000B14224D0009B01318B42DBD10271080001
:1037200003B03CBC90469946A246AB46F0BD656DE1
:10373000012501928022636B92001342FAD0019A14
:10374000236E002DE6D06546002D03D0EB0701D493
:103750002B07E3D402214942E0E7BC46C5E7002A33
:10376000D8D100250192E5E70021D7E7F0B5D6468C
:103770004F46464600250468C0B5E56661600121F4
:10378000944608AA1278E166002B3BDD0135FF352F
:103790000126591EAA46803D8846A946002156406A
:1037A0007602656F102DFCD0002923D080270025DC
:1037B0007F00884512D0276102E0A56F002D11D14E
:1037C0004D466559656D002DF7D0022149420271C1
:1037D00008001CBC90469946A246F0BD57463543AA
:1037E0002F43E8E7654624696C5401318B42EED0E3
:1037F0000468D6E70579002DD8D0A0278025FF00E2
:10380000ED00D6E70021E2E700B5054B83B00100EB
:10381000009300220B230348F9F79CFF03B000BD7F
:1038200088480210BE50002003BDC04610B50400F9
:10383000FAF79EFBA04710BDD0221206136DDB07DE
:1038400004D4012120BF136D1942FBD0D0231B06E5
:10385000986D70478022054B520205491A600B682B
:103860001342FCD0034B1A607047C046042001404D
:10387000040001400430014070B5284B284A86B04E
:10388000934201D201235B421C00264A9850043225
:103890009B50254A254B0F20E250254B9E68FAF796
:1038A0003BF8002105000F20FAF724F8002300223E
:1038B00000920193012302931A4B00209C461D4B5A
:1038C00064440593D02304940121022403961B062B
:1038D000002814D01E6D3442FCD0586540BF1E6DC8
:1038E000314203D120BF1E6D3142FBD09E6D864216
:1038F0000AD000226E4690003058E9E79E6D1E6D9A
:103900003142FBD140BFE5E70132052AF2D9290057
:103910000F20F9F7EFFF06B070BDC0460008042085
:1039200000000420F40700002D380110FC070000FF
:1039300000ED00E029380110F0B5D646070000B5CB
:103940001D00437886B09C46037906001400683752
:10395000002B14D101232200009339002B00604674
:1039600004F05EFE002805D13466756606B004BC1E
:103970009246F0BD012001246442E517F4E70123DB
:1039800000939A46026E436E3900604604F086FE4C
:1039900003000120002BE9D1316B3371029100212A
:1039A000326E736E03917178049205938C46306C7D
:1039B000716C121A8B41002011009842CAD1029AF0
:1039C0008A42C7D9F1780229C4D102980399049A8E
:1039D000059B12184B41514660460091390004F096
:1039E0005DFE73789C46B5E7002170B50400017157
:1039F00001204042C11720666166511C2FD0200073
:103A0000FFF79AFF002831D14D4BE05C4D4B00028F
:103A1000E55C4D4B05439D422AD06823E35C0222BE
:103A200019009143E92903D0E82B01D0032070BD90
:103A30007423E25C013BE35C120213437522A15C38
:103A40005A1E1342F2D18022920093423CD03F4B47
:103A50009C4665442800451EA8410230E7E7591CF2
:103A6000D2D02000FFF768FF0028CDD00420DEE789
:103A700020000B22364968300FF022FA00280AD0C5
:103A80006823E35C022219009143E92905D0E82B61
:103A900003D00220CBE70120C9E7200008222D49EE
:103AA000BA300FF00DFA002847D07423E25C013BD6
:103AB000E35C120213437522A15C5A1E1342E8D143
:103AC000802292009342E4D10029C0D04B1E1942BB
:103AD000BDD17723E25C013BE35C12021343B6D015
:103AE0007823E35C013B012BB1D87A23E25C013BF4
:103AF000E35C12021343AAD07C23E25C013BE35C4B
:103B0000120213437F2B11D88A23E25C23008A33ED
:103B10005B781B0213438922A25C1B021343882299
:103B2000A25C1B0213430C4A934290D97F23E25CB0
:103B3000013BE35C1202134389D0002077E7C046C3
:103B4000670200006602000055AA0000AB55FFFFA7
:103B5000D4480210E0480210FFFF0000F0B54546CF
:103B6000DE4657464E460023E0B505688BB00B6035
:103B7000002D00D1EFE12C0003E034003A2B00D1FE
:103B8000DAE12378661C1F2BF7D8DA4B1B78DA486A
:103B90009B001C58002C00D1EDE1012623780C601D
:103BA000B24315006078002B0DD004F00DFD0642E5
:103BB00008D1002D00D195E10425054000D191E107
:103BC0000A258FE160780023237004F009FDC30704
:103BD00000D5BEE1002D01D04307F1D4002200231F
:103BE0002000FFF701FF022800D122E1042800D1C4
:103BF000BFE1012800D974E1226E636E0092019347
:103C0000012800D1A9E17423E25C013BE35C1202CC
:103C1000134380221BB29200934200D061E17F23C4
:103C2000833AE35CFF3AA55C1B021D4300D1ABE283
:103C300078232563E25C531EE270012B00D950E12A
:103C40007523E75CBBB26381002B00D149E17B1E89
:103C50001F4200D045E17A23E15C013BE35C0902AD
:103C60000B431BB298469BB29B4623811B0700D097
:103C700037E17C237B21E35C665C1B021E430ED193
:103C80008A23E15C23008A335B781B020B43892182
:103C9000665C1B0201393343665C1B021E437723BB
:103CA0007621E35C615C1B0219438A4600D118E16E
:103CB0006A435B4691461B095344994402924E4520
:103CC00000D20EE14B46F61A39003000FDF724FE13
:103CD000BE4200D205E1894B984200D901E153462A
:103CE000049300230593049E059F009A019B08926C
:103CF000099392197B41089E099F069207934A46B1
:103D0000002392197B417E4E811CB04200D9B2E360
:103D10007C4EB04201D900F0E4FC009E019F226578
:103D200063655B46A663E763069E079FE1622664C0
:103D30006764002B00D1D4E00023029A92197B41E2
:103D4000A264E36401224B005B185B081140591820
:103D500001236D4A94466144490A8D4200D2C0E075
:103D600001225242A261626181326271674A23700C
:103D7000138801339BB213800022E380644BE2611D
:103D800019688C4201D100F06DFC1A69944201D18E
:103D900000F064FC1A6A944201D100F072FC1A6BC4
:103DA000944201D100F069FC1A6C944201D100F0F8
:103DB00060FC1A6D944201D100F057FC1A6E9442D7
:103DC00001D100F07EFC1A6F944201D100F075FC25
:103DD000802299588C4201D100F06BFC90229958B6
:103DE0008C4201D100F061FCA02299588C4201D193
:103DF00000F057FCB02299588C4201D100F04DFCE4
:103E0000C02299588C4201D100F043FCD02299582D
:103E10008C4201D100F039FCE02299588C4201D14A
:103E200000F018FCF02299588C4200D1BCE100252A
:103E300058E0384BE35CEE2B00D1B9E18C228C23A7
:103E40009200A2189B005278E35C12021A43324B94
:103E50001202E35C31491A43314B1202E35C1A430C
:103E600090239B00E55CE3185B781B022B43655CA9
:103E70002C491B022B43655C1B021D4394239B00B2
:103E8000E65CE3185B7828491B023343665C2749EC
:103E90001B023343665C1B021E4398239B00E75CB6
:103EA000E3185B7822491B023B43675C21491B02F4
:103EB0003B43675C1B021F43002A00D0F5E1002D45
:103EC00000D0FAE1002E00D000E2002F09D03A0025
:103ED00000232000FFF788FD012800D88CE6042885
:103EE00047D00D2528000BB03CBC90469946A24611
:103EF000AB46F0BDC050002094440020F5FFFF0FFA
:103F0000F5FF0000F50F0000FF010000BC5000208D
:103F1000A44400202A0200002F0200003F020000FB
:103F20002E0200003E0200004F0200004E02000080
:103F30005F0200005E0200002B78303BDEB2092EEB
:103F400009D8AE1C0B25A642CCD1032BCADC0460D9
:103F50001DE60325C6E70B25C4E7230021007333C4
:103F6000A83102E001338B4207D01A78002AF9D039
:103F7000B7E70125B6E70C25B4E7D123E25C013BA6
:103F8000E35C1202134380221BB252009342A8D179
:103F9000D423E35C092BA4D12200AB33B432E55C1B
:103FA00053781B022B4395782D042B43D5782D068F
:103FB0001D43B323E35C9B46B223E35C9846B123E5
:103FC000E35C9946B023E35C9A46BE23E25C23009F
:103FD000BE335B781B021343BD22A25C1B0213435A
:103FE000BC22A25C1B0213432363D623E25CE27073
:103FF000012A00D075E7013BE35C9A4093B26381EC
:10400000002B00D16DE7C623E15C2300C6335B784B
:104010001B020B43C521615C1B020B43C421615C85
:104020001B020B43B0498B4200D95AE7991CE1624D
:1040300000980199A063E163C221665C2100C12060
:10404000C2314978120409023143265C09020E4349
:10405000C021615C36020F0037433800009E019F8B
:10406000002136184F41300039002065616502900B
:104070000391BA21665C2100B920BA314978120C4B
:1040800009023143265C09020E43B821615C360205
:104090000F0037433800009E019F002180197941AD
:1040A0005F462E0E2D022F43454620646164360282
:1040B000390E3F023D430E433602290E0E43494658
:1040C0002D02534329430D005746090E8C46180014
:1040D000029A039B00212D022F43801859413A0078
:1040E0006746360237433B00009E019F92197B4191
:1040F000994200D9F5E600D1E7E2CA23E25C230049
:10410000CA335B7800261B021343C922A25C1B0240
:104110001343C822A25C1B021343A364002300259F
:10412000E364B04621E000230021FEF709FD226D83
:10413000636D12184B414646002792197B41216E50
:10414000914200D1CBE02000FFF7F6FB002800D021
:104150000FE701239C46E044631968331B78812BE9
:1041600000D128E22035ED05ED0D002DF4D1608958
:10417000404500D8B5E6A36C9A1EE36A023B9A421A
:10418000D1D300220023D6E78E23E55C23008E33B3
:104190005B780F321B022B43A55C1B02013A2B43B9
:1041A000A55C1B021D4343E500210025995099E6BB
:1041B000236E012B00D159E1012200232000FFF7DB
:1041C000BBFB002800D0D4E6270068370C22474903
:1041D00038000EF075FE002800D082E67623E25CFF
:1041E000230076335B781B0213437522A25C1B020B
:1041F00013437422A25C1B0213431900D2225C39C0
:104200005200914200D96CE6B53AFF3A94469C447C
:104210007823012198464942A04460461500A446EF
:10422000773B4446324EB8460F003AE0625D1900D3
:10423000114079404F080B4200D077405108194097
:1042400079404F080B4200D07740910819407940DF
:104250004F080B4200D07740D108194079404F08F1
:104260000B4200D077401109194079404F080B42AA
:1042700000D077405109194079404F080B4200D0D7
:1042800077409109194079404F080B4200D07740A0
:10429000D2097A405708134200D077400135854251
:1042A00028D0032DC2D80022C1E700232000FFF749
:1042B0009BFB012800D902E69EE42A00002320008F
:1042C000FFF792FB012800D9FCE595E432000023BA
:1042D0002000FFF789FB012800D9F6E58CE4616E28
:1042E000994200D02FE734E7FDFFFF7FA848021076
:1042F0002083B8ED64467A23E25C63467A335B78C8
:1043000039001B0213437922A25C1B02134378225B
:10431000C943A25C1B0247461343994200D0E0E523
:10432000BE23E25C6346BE335B781B021343BD22AF
:10433000A25C1B021343BC22A25C1B021343802B12
:1043400000D0CEE53A33E25C6346BA335B781B02B9
:104350001343B922A15C1B02013A0B43A15C1B026F
:104360001943802900D9BCE56046B423B430E25C2F
:104370004378B0251B0213438278655D1204134312
:10438000C278B32012061A43205C130E12020243B5
:10439000100E1B0203431002B222A25C1B02024356
:1043A000100E03431002B122A25C1B020243100E46
:1043B00012021543184302950390002900D190E59D
:1043C000CB019846C0235B009A46D34B0026994602
:1043D00012E02000FFF7B0FA002800D0C9E55546EA
:1043E00035407819102249460EF06AFD002814D095
:1043F0008036B04500D174E502980399730A0093A2
:1044000000230193009A019B12184B41216E9142A7
:10441000DFD1616E9942DCD1E1E720357D196B79FE
:104420002A791B021343AA79E97812041343EA7923
:10443000200012061A43130E12020A43110E1B0229
:104440000B431102AA781B020A43110E0B431102FF
:104450006A781B020A43110E0B43297812020A43A1
:10446000FFF7C2FA0128C3D8FFF7C6FB636E002B23
:1044700000D0A1E6A8E622656365009E019F932314
:10448000A663E763069E079F26646764E162E25CB9
:10449000013BE35C1202134342461A4313B2002B62
:1044A00000D01EE59623E25C230096335B781B0266
:1044B00013439522A25C1B0213439422A25C1B02AD
:1044C0001343964AA3649446059BE3648B006344BC
:1044D0005B0A9D4200D204E501235B42A361636154
:1044E000813363711933E25C013BE35C12021343D5
:1044F000012B01D0032339E4012200980199002304
:104500008018594102000B002000FFF715FA00281F
:10451000F0D1834B6071E25C824B1202E35C134387
:10452000814A1BB29342E5D16A23E25C23006A33DD
:104530005B781B0213436922A25C1B0213436822AF
:10454000A25C1B021343794A9342D3D1784BE25CBD
:10455000E3185B781B021343764A1B02A25C1343E9
:1045600093229200A25C1B021343734A9342C1D16F
:10457000724BE25CE3185B781B021343704A1B0228
:10458000A25C134394229200A25C1B021343A3611A
:104590006C4BE25CE3185B781B0213436A4A1B0214
:1045A000A25C134395229200A25C1B021343636139
:1045B0000323FFF7DBFB2600143568367519EB780B
:1045C000AA781B0213436A781B0213432D781B023F
:1045D0001D43012D00D884E4E36AAB4200D880E497
:1045E0006089A91E414300230A00206D616D1218E5
:1045F0004B41B146A265E3657F272E00A04619E036
:104600004046FFF799F9002800D0B2E43B00334060
:104610009B004B44DA78997812020A4359781202C7
:104620000A431B7812021A43531C53D00136964298
:1046300000D056E40025434641461A6C5B6CF409F1
:1046400012196B41096E9142DAD14146496E994285
:10465000D6D1DBE700219950FFF7E4FB00221A6175
:10466000FFF798FB1A60FFF790FB00221A65FFF72F
:10467000A5FB00221A64FFF79CFB00221A63FFF7D8
:1046800093FB00221A62FFF78AFB00219950FFF783
:10469000C3FB00219950FFF7B9FB00219950FFF7A8
:1046A000AFFB00219950FFF7A5FB00219950FFF7C0
:1046B0009BFB00219950FFF791FB00221A67FFF73F
:1046C00087FB00221A66FFF77EFB904200D814E5B4
:1046D000FFF707FC44461300A26162610533FFF750
:1046E00045FB22656365009E019F5B46A663E76309
:1046F000069E079FE16226646764002B01D1FFF7E5
:10470000F0FB0023029A490092197B41A264E36402
:104710000223FFF71EFBC046C4480210FF01000041
:10472000670200006602000055AAFFFF5252614175
:104730004E0200004D020000727241615202000000
:10474000510200005602000055020000F0B583B08F
:1047500001900B1E009103D1D5E023003A2864D0CC
:1047600018785C1C1F28F8D8684B1D782B00684C03
:1047700098002158002946D00026664B26501F6815
:10478000B94262D01E69B14263D01E6AB14265D09F
:104790001E6BB14267D01E6CB14269D01E6DB14232
:1047A00000D16BE01E6EB14200D16DE01E6FB142D0
:1047B00000D16FE080269F59B94200D171E0902668
:1047C0009F59B94200D173E0A0269F59B94200D148
:1047D00075E0B0269F59B94200D177E0C0269F59B5
:1047E000B94200D179E0D0269F59B94200D17BE08F
:1047F000E0269F59B94200D17DE0F0269F59B94289
:1048000020D000230B70019B002B03D000215D7092
:10481000197023500020002A01D103B0F0BD0022FE
:1048200001A96846FFF79AF9F7E70C78303CE5B242
:10483000092D68D802310B209942EED12300032CB8
:1048400095DDEAE700279F51DBE71E601E69B14254
:104850009BD100261E611E6AB14299D100261E62BC
:104860001E6BB14297D100261E631E6CB14295D1DA
:1048700000261E641E6DB14200D093E700261E651F
:104880001E6EB14200D091E700261E661E6FB14237
:1048900000D08FE700261E6780269F59B94200D0BE
:1048A0008DE700279F5190269F59B94200D08BE792
:1048B00000279F51A0269F59B94200D089E70027C1
:1048C0009F51B0269F59B94200D087E700279F51DA
:1048D000C0269F59B94200D085E700279F51D026B6
:1048E0009F59B94200D083E700279F51E0269F5986
:1048F000B94200D081E700279F51F0269F59B94265
:1049000000D07EE79EE70B2087E7C046C05000201E
:1049100094440020A4440020030010B5007BDA6911
:10492000002819D0D02109064C681969CC40012112
:1049300021405C698C4203D102218A43DA6110BDB7
:1049400003210A43DA61002231319A640548064A9C
:1049500003F0E4FE0020F2E702218A43DA6101302D
:10496000EDE7C04604490210EC480210F0B5C64617
:10497000264E00B530000EF043FB254B98461B78C1
:10498000002B28D10025F3F767FCA84220D9280086
:10499000F3F764FC03790400002B24D0012B01D130
:1049A00002F074F8237B002B0DD0237E2069002BAE
:1049B00007D0637E002B22D000220121F8F710FEE1
:1049C0002069F8F769FE0135F3F746FCA842DED806
:1049D00001234246137030000EF062FA01273800BE
:1049E00004BC9046F0BD03F04FFCA368186803F0C8
:1049F000C1FC071ED6D130000EF052FAEFE70122BB
:104A00000021F8F7EDFD2069DBE7C04618430020E0
:104A1000C6500020F0B5FF26140E15022D0E2402FC
:104A20002C433604150A12042D0609043240214392
:104A30002A43BD248025A4056D000C432A43002B86
:104A400001D0013B1A43FF23144D260C1E40AE5DDE
:104A5000270A1F407E40AE5D19407140695C160E0A
:104A60007140695C160C33404B40ED5C93232D0282
:104A70002A4380259B008169C0586D0143001B18A3
:104A8000DB00D033CB182B43802580002D0609187E
:104A90001D601D600C610A61F0BDC046904A0210A5
:104AA00010B5034B034A3F210348FBF7B9FAC04650
:104AB000283102101C4902104431021010B5034B7A
:104AC000034AC3210348FBF7ABFAC046084A021069
:104AD0004C490210284A021010B5034B034AB52175
:104AE0000348FBF79DFAC0467C4A02103449021085
:104AF000284A0210F8B59B229C239425CE464746AF
:104B0000040000689B009200AD00C3188258415910
:104B100080B5806903F028FF9122236892009C5899
:104B20000C2C00D992E099694D4AE60258599142FD
:104B300000D189E0020008323F2A00D98EE0922598
:104B4000D203AD0032435E590C2E00D97EE0454DB4
:104B5000A7012A40F5022A4319251543AC46424DC8
:104B60002A43A025ED05A846A525AD005D5947447B
:104B70006D02A846A425AD005D5945443D60051D64
:104B8000AD00A94689444D467D608025BD603A61EF
:104B9000AA2292009A18176852689046AC2245469D
:104BA00092009D50A0250432ED059F50A846012794
:104BB000AC2504327F42AD009F505F194D46B201D3
:104BC000424417605560032595606546DB691561B1
:104BD0000B2B30D00C2B3BD10123A025B340234A13
:104BE000ED05AB50224A1360832382008A18DB0054
:104BF000136143001B18DB00CB181E4DD8331D601A
:104C00001F2515611C4D1D601C4D1D601C4D1D6038
:104C100010235B42136111331D008622A540A0249E
:104C20008340E405D200A5500A6813430B600CBC16
:104C300090469946F8BD0123A025B340114AED05E1
:104C4000AB50114A1360CFE7020075E7FFF736FF5C
:104C50000E4B0F4A0F491048FBF7E2F9FFF73CFFF4
:104C600000002050FF87FFFF190040001C040000D7
:104C70001424005020600000406000000FE000009D
:104C80008FE000000C040000042400507038021073
:104C9000B44902101A020000A04D021010B5034BD7
:104CA000034A04490448FBF7BBF9C046184D0210FB
:104CB000D049021031020000A04D02108022F0B550
:104CC0000023040000219200861822680D0C12BAFD
:104CD000170C574079406268694012BA0D0B5D406D
:104CE0000804130C684053404340A268000C58402D
:104CF0000B05050B594013BA69401A0C05044D40C9
:104D00005A406A40E1682D0C6A400305584009BAD0
:104D1000150B45400B0C100468404B404340000C01
:104D200043401705190B7A404A40180519041034FE
:104D300051404340A642C8D11800F0BDF0B5DE4650
:104D400057468B469A46591E8B414E464546594218
:104D50003023E0B50B4083B0070059468068FFF769
:104D600059FEFAF7B1F8002900DAA3E0FA24002589
:104D7000E40024184D41002D02DA01244E4D644216
:104D80005646731E9E4193239B0099460F2301367E
:104D900098460AE0FAF798F8002900DA84E0220041
:104DA0002B00121A8B41002B3BDD4946BB6859583A
:104DB0009A69C800D3680430C340404603409E420D
:104DC000E8D85346002B56D0FF2689005218136AA4
:104DD000146A3A4A1D0E515D180C30404840105C70
:104DE000190A314041403000515C18404140515C4B
:104DF000200A06407140525CFE210C40A2423FD185
:104E0000AB4502D05A46292A44D1524600201B0203
:104E10003343136003B03CBC90469946A246AB4670
:104E2000F0BD002B01D1002ABFD15B46082B06D074
:104E30000093234A234BB421234803F06FFC9322B1
:104E4000B8689200815883694A005218D200140051
:104E50008021D0341C1949012143802424060C6090
:104E60000C609521890041581F209B180140D833C0
:104E700019601D38CEE7083189008B580020C9E73A
:104E8000009201945B46114A2D390F4803F046FC0D
:104E90000320BFE700920195D9230D4AD9210A4882
:104EA00003F03CFC0420B5E70A4B0B4A3F210B48BA
:104EB000FBF7B6F8FFF7F4FDFFFFFF7F904A021003
:104EC000904B021068490210A04D0210D44B021002
:104ED000204C0210283102101C49021044310210EB
:104EE000F0B55746DE464E4645461C009323934692
:104EF0008022E0B5050080689B00C6588769730072
:104F00009B19DB00D0335201FB1813438022120699
:104F10001A601A6091239B00C3588DB08A460C2BEF
:104F200000D917E1DA029046321D94468B4A974227
:104F300002D00C229446B44462463F2A00D907E1CD
:104F4000D2039446424661460A439446292290463B
:104F5000624641460A439446A022D205904608364E
:104F60009B01B6004344BE1907AA1E605A6005267D
:104F700062469E605146DA6088235A46FFF74AFD32
:104F8000F9F7A2FF002900DAE6E0FA260027F6008A
:104F900036184F41002F02DA0126714F76429123D5
:104FA0009B00994680235B0498460BE0F9F78CFF41
:104FB000002900DAC6E032003B00121A8B41002BB8
:104FC00000DC8AE04A464046AB6866499A5893013D
:104FD000591809680142E9D101219140A0200A0035
:104FE0006149C0054250614A8021944649046344A6
:104FF0001A680A42FCD1079A089D130C9B4609982F
:105000002370130A009363702B0E010EE3709A460F
:105010002B0C2371E171994602912B0A0A99637155
:105020000193030A637204930B0C070C23739846D5
:105030000B0A2772637303979C460F0E06ABE77249
:1050400005971F7DA571A072A173E773A2705E46DC
:10505000FF2434406E46464B36781C5DEDB2664008
:105060009E5DD4B2744056461C5DC0B274404E463C
:105070001C5DF6B274406E461C5D3679C9B2744050
:105080001C5D65405C5D029D6C401D5D6C46247B33
:105090006C401D5D6C46247C6C401C5D6040185C5F
:1050A000059C60401C5C4046C0B260401C5C604691
:1050B000C0B26040185C41405B5C01218F43BB4241
:1050C0003ED1100E3F38421E904180000DB03CBCD6
:1050D00090469946A246AB46F0BD002B02D1002A6D
:1050E00000D06FE79123A8689B00C2580123A02439
:1050F00093401D49E40563501C4B80219C4692015E
:105100006244490413680B42FCD1932292008158F7
:1051100083694A005218D20014008021D0341C192F
:1051200049012143802424060C600C6095218900EC
:1051300041581F209B180140D83319601D38C5E71E
:105140000320C3E70B4B0C4A3F210C48FAF768FFDA
:10515000FFF7C2FCFFF7B2FCFFF7A2FC00002050F3
:10516000FFFFFF7F10000050440400000C000050BF
:10517000904A0210283102101C49021044310210DA
:10518000F8B5CE464746060080B59946806830237C
:10519000FFF740FCF9F798FE002957DBFA240025B9
:1051A000E40024184D41002D02DA0124284D644208
:1051B00093239B0098460E2709E0F9F785FE002906
:1051C0003EDB22002B00121A8B41002B18DD4246D9
:1051D000B36898589969C200CB680432D3401F4223
:1051E000EBD0800009180A6A0B6A12021B041B0E1E
:1051F00013434A46002013600CBC90469946F8BD04
:10520000002B01D1002AE2D19322B068920081588C
:1052100083694A005218D20014008021D0341C192E
:1052200049012143802424060C600C6095218900EB
:1052300041581F209B180140D83319601D38DBE707
:10524000044B054A3F210548FAF7EAFEFFF728FC20
:10525000FFFFFF7F283102101C4902104431021069
:10526000F0B54546DE4657464E460B00E0B5834650
:1052700083B0884615000C009B0700D0D1E0802346
:105280005B009A4200D9CCE0A023012287689B00F2
:10529000FA54F9F719FE02000B1E00DACAE00021E9
:1052A000664880185941002902DA012064494042C9
:1052B000A2239B009C465B466744386079609F68E8
:1052C000A42342469B00FA50A52200239200BB5023
:1052D0000432BD500432BB500432BB50002D16D0F6
:1052E000B1238020574A9B0069028446FB18BA18F4
:1052F00041447E3866465E608026B600B0461C603B
:1053000044449A60D86008321033A142F2D1B122ED
:1053100000232D017D199200AB500432AB50912334
:105320009B00FD580C2D00D982E094239B00F95876
:10533000B869454CEA020B1DA04200D008333F2B50
:1053400000D979E09224DB03A40013433A590C2AD4
:105350006ED8D602B4463D4E3340664633433C4E8B
:105360001E43AB019846A023DB0543449A460B003D
:10537000554608339B00C3182B60534600255D60DB
:105380009D601E616646334B1E439301A022D205E9
:105390009146B12292004B44BA181A602E4A4244F8
:1053A0005A6002229A601E619622972392009B0007
:1053B000FB18BA5803F0D8FA5B4694279B68BF00E5
:1053C000D9599A6898690095042303F075FA5B46E9
:1053D0009868224DC15982690B1D9B009D504B005E
:1053E0005B18DB00D3181D001D4ED8352E608025BC
:1053F000D0331E682D0635431D6001231D00005962
:105400004C46854086208B40C000255010680343E1
:105410000020136003B03CBC90469946A246AB46C0
:10542000F0BDAF210F4B104A49001048FAF7F8FDC4
:10543000FFF744FBFFF734FBFFF74EFB40420F0042
:10544000FFFFFF7FC412000000002050FF87FFFF16
:1054500029004000F9841F00180000500F040000CC
:1054600040600000AC4C021080490210A04D0210B8
:10547000F8B557464E464546DE46E0B505000F00F6
:1054800016008B0762D180235B009A425ED8A0236E
:10549000022284689B00E254F9F716FD00295BDBC9
:1054A00000232E4A80185941002902DA01202C4994
:1054B0004042A2239B009C46644420606160AC682B
:1054C0000833E7509B4604339A4600235246A350C4
:1054D0000432A65091460432A35090460432A350A1
:1054E000002E31D0012342463800A350FFF7E6FBDF
:1054F000AA239B009C466444206061602800083019
:10550000FFF7F8FA4346AC68E0584B46E358984238
:1055100006D300203CBC90469946A246AB46F8BD57
:105520005246A25893420FD94246431CA3505B46B1
:10553000E35840021818FFF7C1FBAA239B009C46C2
:10554000644420606160E4E7FFF7A8FB054B064A6E
:1055500006490748FAF764FDFFF7A2FA80841E00A7
:10556000FFFFFF7FAC4C0210F04902103B0200002D
:10557000A04D02109123012170B586689B00F2585E
:10558000A023914005001C48DB05195018001B4B57
:1055900080219C46920182B06244490413680B4208
:1055A000FCD192239B00F15801238B40124A835077
:1055B000124A8B0194468022634452041C681440B2
:1055C000FCD101231A008A4011000D4AB069116014
:1055D00094229200B15802688B409A4302600423DF
:1055E000B268009403F068F9A0230020AA689B0029
:1055F000D45402B070BDC046440400000C000050FA
:1056000014340050F0B5DE4657464E464546A523B5
:10561000E0B584689B00E6580433E35889B08246BD
:105620008B469E4200D271E0A02200219200A1543C
:105630005A46002A07D076021660A623A5229B00B0
:105640009200E358A658A7229200A7580432A55802
:10565000BE424ED95A1E9146002B4AD0B0460DE0AC
:10566000A822013592009346A550012D26D046452B
:105670003FD24B46013B99463BD33700A422A72398
:105680009200A0589B007E1CE6507B02C018FFF7DA
:1056900015FBFB00B64AE3189A5812BA0792B54AAE
:1056A0009B581BBA9842DBD1079A9142DFD0A822BF
:1056B000013592009346A550012DD8D1D9240493E9
:1056C000079B64000593029003910094AA4B21006C
:1056D0000197AA4AAA4803F021F853469C68A723D9
:1056E0009B00E6585B46E5580C3BE3589846464518
:1056F000BFD368426841052340429843063009B051
:105700003CBC90469946A246AB46F0BDA7239B0001
:10571000E2589046964200D88EE0571CE75053025C
:10572000A4229200A058934DC018FFF7C7FA434631
:105730008F4ADB00E3189A585B5912BA1BBA0792DA
:10574000834200D1AEE0A825AD00A94665590135D8
:10575000AC464D4662466251012A00D1ACE0B742E8
:105760006AD27B1C9846A72342469B00E250A422A3
:105770009200A0587B02C018FFF7A0FA7D4DFB00F5
:105780007B4AE3189A585B5912BA1BBA079298429F
:1057900000D183E0A825AD00A94665590135AC4686
:1057A0004D4662466251012A00D1AEE0B04543D277
:1057B00043465F1CA723A4229B00E7504346920068
:1057C000A0585B02C018FFF779FA4346684ADB002D
:1057D000684DE3189A585B5912BA1BBA079298425F
:1057E00064D0A825AD00A94665590135AC464D46A3
:1057F00062466251012A00D1A0E0B7421CD2A72222
:105800007B1C9200A3500C3AA0587B02C018FFF7F3
:1058100055FA574AFB00E3189E58564A36BA9B5829
:105820001BBA984245D0A822920094466546A258D9
:1058300001326251012A57D09223A0229B00E358E3
:10584000D2059B019B58B1229200A2189B1AA52257
:105850005946DB08013B92005B08A350143AA25C56
:10586000002901D05B020B60002A00D1E5E6F9F7C0
:105870002BFB00297ADBA2225346920094469B68B8
:1058800063441A685B68121A8B410120002B00DB0D
:1058900035E75046FFF76EFE052030E7914200D015
:1058A00078E783E78A4200D04DE758E7914298D1E4
:1058B000A3E7B142B7D1BFE70493079BD92405936F
:1058C0004346640002900391019300942A4B210007
:1058D0002A4A2B4802F022FF53469C68A7239B00CC
:1058E000E758083BE6583AE7D9246400049302904D
:1058F00003910094204B2100059601971F4A2048F0
:1059000002F00CFF53469C6896E7D9240493079B4A
:1059100064000593029003910094174B21000197B6
:10592000164A174802F0FAFE53469C68A7239B00CC
:10593000E3589846A5239B00E65837E70493079B56
:10594000D924059343466400029003910193009487
:10595000094B2100094A0A4802F0E0FE53469C68C0
:10596000A7239B00E758083BE65846E7FFF798F85F
:10597000C4120000C812000098490210584C0210CE
:10598000A04D0210F0B5C646A02400B58368A4005F
:105990001A5D0500022A35D0032A02D004BC9046C5
:1059A000F0BD9222920099588A01A021C9058C4627
:1059B00062441269D201F1D4B02292009A58D143C4
:1059C000080C01D11204D143080E01D11202D143B7
:1059D000080F01D11201D143880F01D19200D143A8
:1059E000002900DB52005200540F022C4DD0053C20
:1059F000621E9441AF22073492009C542800FFF7A6
:105A0000B9FDCBE7A0219122C9058C4680209200E8
:105A10009A5840049201624412690242BED1922215
:105A20006646920099588A01961936690642B5D1A0
:105A3000032018559420800018589E69804670688D
:105A400001248446404608308440674627424FD0B0
:105A50000C2953D844462C4FC9020434BE4200D00E
:105A600008343F2C4CD8E4030C4309210C43A021FB
:105A70008000C905511830180860B020800018183F
:105A8000486001208860CC608FE7AF22A526002106
:105A9000A6279200B60099549A59BF0001329A5134
:105AA000DB599A4220D228000830FFF723F8A023C0
:105AB000AD689B00EC541C33E858EA59904200D37F
:105AC0006CE7A9598A421DD9421CEA50A4239B00C5
:105AD000EB5840021818FFF7F1F8AA239B009C46E8
:105AE00065442860696059E72800FFF743FD55E7E2
:105AF000B021800080598900585056E7FEF7DEFF3C
:105B0000FEF7EAFFFFF7CAF80000205070B59226B2
:105B10000024104DB600F2F79FFB84420AD2200009
:105B2000F2F79CFB0379012B05D00134F2F794FBCB
:105B30008442F4D370BD8268D1690C29F5D19259A1
:105B4000296893400B42F0D02B60FFF71BFF013414
:105B5000ECE7C0461C04005070B592260024104D9E
:105B6000B600F2F779FB84420AD22000F2F776FB06
:105B70000379012B05D00134F2F76EFB8442F4D394
:105B800070BD8268D1690B29F5D19259296893407B
:105B90000B42F0D02B60FFF7F5FE0134ECE7C04676
:105BA0000C0400501D4B70B55B6804000D00DB0554
:105BB00025D1A268002D04D0A5239B00D3585B02F9
:105BC0002B60A0239B00D35C002B10D0F9F77CF94D
:105BD000002920DBA22292009446A36863441A683D
:105BE0005B68121A8B41002B0CDD012070BD200078
:105BF000FFF7C0FCAF23A2689B00D05CF6E7FFF77D
:105C0000C1FED6E7002B01D1002AEED12000FFF71C
:105C1000B1FC0520EAE7FEF743FFC04600ED00E0D7
:105C2000F0B54E464546DE4657463023E0B5866819
:105C30000400F35C91B08846B069002B35D1002890
:105C400000D1F3E1F369002B01D10B33F3610121A2
:105C500002F090FD9323A5689B00F0500121A869F4
:105C600002F088FD94239B00E8500120A568FDF711
:105C7000CBFD91239B00E8500120A568FDF7C4FDF2
:105C800092239B00E850A368D8690C2800D1D0E18A
:105C9000E94920229B5C002B00D1C3E1F7F750FEBD
:105CA00030230122A668B069F25491239B00F25878
:105CB0000123A0219340E14DC9054B51E04B0D005C
:105CC0009C46802192016244490413680B42FCD136
:105CD000922301229B00F358D8499A406A50D84A2F
:105CE0009B0194468022634452041D681540FCD1F8
:105CF000012393211F008900715802688F4094216D
:105D000089007158BA438B40026002689A4302606E
:105D100002F0B6FDA668CB49B06902F049FD9523B3
:105D2000A2689B00F050D35891469A465646534677
:105D30001136DB01360352681E43C34BD1031E40AC
:105D400013061E43C14B404613400B43C04952014A
:105D50000B401343BF4A1340BF4A13434A461268DD
:105D6000920213438022D20413430793C0239B0261
:105D70000693FCF799FF87B2002F00D01DE10223A4
:105D80001E43059693264B46B6003F042F43995970
:105D90009869524604AB0397049702F0E5FDA368A7
:105DA00099591A68986901239846009302F084FD76
:105DB0004146A568AB59A86999400B000268A749FC
:105DC0001343036002F0F4FC96239B00E850A5689F
:105DD0008022EB58C021994600230F93F8230CAE84
:105DE0005B02520209030C920D930E9110223100B6
:105DF00008A8FDF733F84846031DC2011B0308A895
:105E000013430100102230000993FDF727F8972073
:105E100080002B18300086C886C303688B48992100
:105E200083460340A8688900C2038D4813439A2221
:105E300082469200AB5053466858039F1840C023D7
:105E40009B0203436B5097239B00EF508549A86941
:105E500002F0AEFC9B239B00E850A5688022E85826
:105E60000023C021F360F82381465B02520209033C
:105E70000C920D930E911022310008A8FCF7EEFF52
:105E80004B465A1D0833D2011B03134308A91022A5
:105E900030000993FCF7E2FF9C239B00E8183100D7
:105EA0001022FCF7DBFF9F225B469200A968A858EE
:105EB0000340C803034366480340480103436A485C
:105EC000034082200B43400503439E20AB505246C3
:105ED00080002B581A4080239B0213432B509C2395
:105EE00042469B00EF502F686868BA40474687409B
:105EF0003A4347468F4041463A43EF68AB69B94061
:105F00000A4341462F699E6BB9400A436969454679
:105F10008D402A4332439A63544A944663445D4217
:105F20005D4106352900F7F743FBA368290018688F
:105F3000F7F73EFBA36829009868F7F739FBA368D9
:105F40002900D868F7F734FBA36829001869F7F728
:105F50002FFBA36829005869F7F72AFBA3680121E2
:105F60005868F7F779FBA36801211868F7F774FB05
:105F7000A36801219868F7F76FFBA3680121D8682F
:105F8000F7F76AFBA36801211869F7F765FBA368B7
:105F900001215869F7F760FB2822A3689A5C002A60
:105FA0001BD1D8690121F7F7A5FC012011B03CBC39
:105FB00090469946A246AB46F0BD3800FCF74DFE30
:105FC000011C4046FCF7D9FD8721C905FCF7EFFD10
:105FD000FCF76AFEC5B22D02D1E62A225868995C08
:105FE000F7F74AFB2922A368995C1868F7F744FB86
:105FF0002B22A368995C9868F7F73EFB2C22A368D4
:10600000995CD868F7F738FB2D22A368995C18696A
:10601000F7F732FB2E22A368995C5869F7F72CFB3F
:10602000A368BEE78022F7F7BFFC39E61048B061ED
:1060300008E610492DE6C046595B011044040000F3
:106040000C000050EC4C0210FFFFFF80FF7FF0FFC0
:106050001FFCFFE3FF83FFFF00001020704D0210C4
:10606000FFFF00C0844D0210E0FF0FFC0000D0AF26
:10607000000020500D5B011010B5034B034A3F2177
:106080000348F9F7CDFFC04628310210C04D021079
:106090004431021010B5034B034A34210348F9F789
:1060A000BFFFC046204E0210D84D02103C4E0210D9
:1060B00030B50125C36983B004002B4011D1019391
:1060C00083680D219A6B01ABFEF738FE0200504247
:1060D0005041C0B2002A02D0E3691D43E56103B01C
:1060E00030BD0520F9F76CFEFCF7B7FD1849FCF749
:1060F0004AFDFE218905051CFCF796FD002825D0E8
:106100008F21281CC905FCF787FD00281ED0291CFB
:106110002000FFF785FD0028E1D0002300220021A8
:106120002000D525FEF70AFE00236D0001932A000A
:1061300001AB08212000FEF701FE019A03000020B8
:10614000AA42CCD158425841C0B2C8E7FFF7A2FFDB
:106150000050C3492023C35C02009B0917D00020D4
:10616000012B01D0002170471300FC212033D87986
:106170002823000489030140D05C0133D35C1B0257
:1061800003435BBA98B2084301308002EAE7C023B8
:10619000203290791B0180020340117AD07989095D
:1061A0008000084318430623517A013049000B4010
:1061B000917AC9090B4351790F220A409B18073B7A
:1061C0009840CFE7F0B5C64600B5040086B005207C
:1061D000F9F7F6FDFCF741FDB649FCF7D4FCFE21CA
:1061E0008905051CFCF720FD002800D12DE18F2139
:1061F000281CC905FCF710FD002800D125E1291C49
:106200002000FFF70DFD00283DD0D52705250026ED
:106210007F00FA2000218000F8F710FD0023002203
:10622000002120000596FEF789FDD52205AB52001E
:1062300008212000FEF782FD002802D1059BBB4209
:1062400023D0013D002DE4D1D522059B520093427D
:1062500001D1002819D00293532301900093964A4C
:10626000964B5321964802F059FA002006B004BC20
:106270009046F0BD8F229121DA63914800918F4BB7
:10628000904A02F04BFA0020F0E7F8F71DFE0029D3
:1062900000DAD8E000278C4E36184F41002F2DDB56
:1062A0004023A56898461AE0A568884A2B00292152
:1062B00034332000FEF764FF4346E854002821D120
:1062C000F8F702FE002900DABDE032003B00121AA6
:1062D0008B41002B1BDDA5686B6B002B1DDB05AB19
:1062E000002237212000FEF729FD4346E85400280C
:1062F000DAD05B22A3680020DA63B7E70126744F87
:106300007642CDE75C22A3680020DA63AEE7002B7B
:10631000B9D1002ADFD10020A8E7230000223033C2
:1063200002212000FEF7DCFD4026A855002804D0FD
:106330006B22A3680020DA6398E7A56800222B008F
:10634000032138332000FEF7F9FCA855002804D0BB
:106350007222A3680020DA6388E72500A768203549
:106360002B00BA6B09212000FEF7BAFDB8550028B2
:1063700004D07922A3680020DA6377E72023E35C66
:106380009B0924D0012B3DD000230022A668236462
:10639000626405ABB26B07212000FEF7CFFC4025FD
:1063A0007055002804D08222A3680020DA635DE7DC
:1063B000A66805ABB26B37212000FEF7BFFC705515
:1063C000002831D08922A3680020DA634EE7C0227A
:1063D000AB7912019B021A40297AEB7989099B005B
:1063E0000B4313430622697A687949000A40A97A67
:1063F0000133C9090A430F2101405218073A93405B
:106400000022C3E7FC22EB7992031B041A402823E5
:10641000E15C0133E35C1B020B435BBA9BB21343A9
:1064200001339B020022B1E705AB022206212000C6
:10643000A668FEF783FC7055002808D08A22A3685E
:106440000020DA6312E7FFF717FEFFF723FE802232
:1064500005AB920010212000A668FEF76FFCA36830
:106460007055002800D005E75D6A002D01D1194D57
:106470005D620520F9F7A4FCFCF7EFFB061CA80001
:10648000FCF7EBFB011C301CFCF77DFBFE218905B2
:10649000051CFCF7C9FB0028D7D08F21281CC90593
:1064A000FCF7BAFB0028D0D0291C2000FFF7B8FB6E
:1064B000DCE6C0460050C3495C4E0210EC4D0210B1
:1064C0003C4E0210A84E021040420F00000004D0C3
:1064D000FFFFFF7F8096980010B50400FFF772FE63
:1064E000002801D1E06910BD0123E0699843E06113
:1064F000F9E7C046F0B5C64600B582B001AB0D0065
:1065000000220C2184680600FEF718FC4023E054AA
:10651000002835D10120002D03D102B004BC9046E3
:10652000F0BDF8F7D1FC002939DB00251D4C2418FB
:106530004D41002D29DBD0231B060127984604E09E
:1065400043465A686346134211D1F8F7BDFC00294F
:106550001FDB3A00B3689B689A402B0094462200E8
:10656000121A8B41002BEBDC01D1002AE8D1D0229A
:106570006346120650680340581E8341D8B2CCE7E8
:10658000E222B3680020DA63C7E70124064D6442C3
:10659000D1E7064B064A3F210648F9F741FDFFF7D0
:1065A0006BFDC046400D0300FFFFFF7F2831021046
:1065B000C04D021044310210F0B5040083B00F004A
:1065C00016008568930728D13A006B4618212000F1
:1065D000FEF7B4FB4027E855002806D03C220020F7
:1065E000A368FF32DA6303B0F0BD0122310020005E
:1065F000A568FEF73DFFE855002819D14026A5689B
:1066000001A92000FFF7CEFAA855A568A85D0128CA
:10661000F6D043425841C0B2E5E72800802231005D
:1066200044309200FCF71AFCA5682E004436CBE7F4
:106630009E22A3685200DA630020D4E7F0B55746E3
:106640004E464546DE46E0B5140083B005000F0017
:106650009A461600930756D05346002B3FD003238B
:106660009B463D33984684688A445B46B146334234
:1066700037D16B463A0018212800FEF75FFB4346EE
:10668000E05400280BD03C220020AB68FF32DA63D4
:1066900003B03CBC90469946A246AB46F0BD0122F1
:1066A00049462800AC68FEF7E3FE4346E054002864
:1066B00023D101AB9946AC6849462800FFF772FA2E
:1066C0004346E054AC68E35C012BF5D0002B75D158
:1066D00080239B009C4601376644BA45C5D1012002
:1066E000D6E720008022443092003100FCF7B6FB50
:1066F00044239946AC68A144BBE79E22AB68520094
:10670000DA630020C4E786686B46B26B3721FEF778
:1067100015FB40239846F054002805D06022AB6852
:10672000FF32DA630020B3E76B4652461721280098
:10673000AE68FEF703FB4346F054002805D0B022B4
:10674000AB685200DA630020A2E76B463A001921D9
:106750002800AE68FEF7F2FA4346F054002805D050
:106760006222AB68FF32DA63002091E752462100D3
:106770002800AE68FEF77CFE4346F054002814D192
:1067800001AB99464026AC6849462800FFF70AFA53
:10679000A055AC68A35D012BF6D001212800002B89
:1067A00009D0FFF7A7FE002072E7B122AB685200C4
:1067B000DA6300206CE7FFF79DFE69E7002067E7DA
:1067C00010B50C00029B11002200012B0AD0FFF72C
:1067D00035FF431E9841054B40421840044B9C46F0
:1067E000604410BDFFF7E8FEF3E7C04693130000D6
:1067F0006DECFFFFF0B54746CE4680B5040087B08C
:106800008946170085689046930702D0442398462E
:10681000A844012241462000FEF722FD4026A8554B
:10682000002809D0C1220020A3685200DA6307B013
:106830000CBC90469946F0BD04AB4A46112120009D
:10684000A568FEF77BFAA85500281CD14026A5684C
:1068500005A92000FEF7D6FEA855A568AB5D012B63
:10686000F6D0002B15D1B84507D02900802244313D
:1068700092003800FCF7F2FAA5684023E85C434236
:106880005841C0B2D3E78422A368FF32DA63002004
:10689000CDE7922102934B46FF3101930091034BC8
:1068A000034A044801F03AFFA568DCE7FC4D0210FA
:1068B000644F02103C4E0210F0B557464E46454616
:1068C000DE46E0B59A460F0087B0050011001600BD
:1068D000930707D15346426CFB18002A6ED1026C15
:1068E0009A426BD85346002B52D0AC68BA44B0469B
:1068F000B30702D044239846A04401224146280011
:10690000FEF7AEFC40239946E05400280BD0C1228C
:106910000020AB685200DA6307B03CBC9046994651
:10692000A246AB46F0BD04AB3A0011212800AC688A
:10693000FEF704FA4B46E05400282BD105AB9B46EA
:10694000402399465B46B3461E00AC6831002800E0
:10695000FEF758FE4B46E054AC68E35C012BF5D0E3
:106960005E46002B1CD1D8450BD02100802244313B
:1069700092003000FCF772FA4023AC68E35C002B15
:1069800060D180239B009C46013766445745AED1B9
:106990000120C1E78422AB68FF32DA630020BBE745
:1069A0009221FF31029301970091274B274A2848F3
:1069B00001F0B4FED845DFD0AC68D6E752462800D7
:1069C000AE684024FEF74CFC3055002805D0AE22BE
:1069D000AB68FF32DA6300209EE704AB3A00122175
:1069E0002800AE68FEF7AAF93055002824D105AB7F
:1069F000B84640261F00AC6839002800FEF702FEAA
:106A0000A055AC68A35D012BF6D0002B0FD00193ED
:106A1000BC2153460F4A0093FF3143460C4801F016
:106A20007DFE01212800FFF765FD002074E70121AC
:106A30002800FFF75FFD6FE7D722AB685200DA63EB
:106A4000002069E7002067E7FC4D0210644F021048
:106A50003C4E0210904F021010B50C00029B11002A
:106A60002200012B0AD0FFF727FF431E9841054B58
:106A700040421840044B9C46604410BDFFF7BAFEEC
:106A8000F3E7C0469013000070ECFFFFF8B5836891
:106A90000500002B00D1B2E01A68002A00D0C6E041
:106AA000DA68002A00D0BCE01A69002A00D0B2E0FF
:106AB0005A69002A00D0A8E09A681F2711001E31E9
:106AC0000F40511CD960911C03321F6019615A613B
:106AD000B1230124594A9B00C461C250584A04336F
:106AE000C250584A0433C250574A0433C250574A1E
:106AF0000433C2502300D026BB4036067361002207
:106B0000736238000121F6F76BFD38000721F6F7B4
:106B10004FFD4F4BBF009C4667447B6800222343D8
:106B20007B60AB6801215F682300BB403800736164
:106B30007362F6F755FD38000721F6F739FD444B2F
:106B4000BF009C4667447B68002223437B60AB68A0
:106B500001219F682300BB4038007361B362F6F7E0
:106B60003FFD38000721F6F723FD394BBF009C4657
:106B700067447B68002223437B60AB680121DF68A8
:106B80002300BB4038007361B362F6F729FD38007B
:106B90000721F6F70DFD2E4BBF009C4667447B682E
:106BA000002223437B60AB6801211F692300BB40A7
:106BB00038007361B362F6F713FD38000721F6F76A
:106BC000F7FC234BBF009C4667447B6800222343AD
:106BD0007B60AB6801215D692300AB4028007361D5
:106BE000B362F6F7FDFC28000721F6F7E1FC184B2D
:106BF000AD009C4665446B681C436C60F8BD154B4A
:106C0000154A16491648F9F70BFA164B124A164957
:106C10001348F9F705FA154B0F4A15491048F9F7CB
:106C2000FFF9144B0C4A14490D48F9F7F9F988217A
:106C3000124B094A89000A48F9F7F2F9D9640110A0
:106C4000C1670110596A011055610110B16001104E
:106C500000C00140CC4E0210104E02101B0200007A
:106C60003C4E0210444F021023020000244F021039
:106C700022020000044F021021020000E44E021024
:106C800010B500290BDD030041180020054C1A78CF
:106C9000400050400133205C9942F8D110BD0020E3
:106CA000FCE7C046C051021030B500290FDD0200DC
:106CB00041180020074D1478030A63405B00EB5A2B
:106CC00000025840013280B29142F4D130BD002020
:106CD000FCE7C046C04F021010B5034B034A292100
:106CE0000348F9F79DF9C046E8520210D852021045
:106CF000F452021010B5034B034A3F210348F9F741
:106D00008FF9C04628310210C052021044310210DF
:106D1000836810B51B6819691868FCF7C9FB10BDBA
:106D2000836810B51B6802491868FCF7C1FB10BDE9
:106D3000801A0600012370B506008068D0254268DD
:106D400082B093402D066B616B46FF24D91D9A1DBE
:106D50000C7014700368186801230CF011F90128F5
:106D600011D1B3685A6890406A46511D01AAA861C2
:106D70000C7014701B68186801230CF001F90128CD
:106D800001D102B070BDFFF7A7FFC046D0228368D3
:106D90001206F0B5596857680123CF401F408B4059
:106DA00085B0536106000A22FF2101A8FCF750F8C4
:106DB000F8F78AF8002930DBFA240025A40024180B
:106DC0004D41002D02DA0124154D6442B3680022C2
:106DD000186801A90A230CF003F9F8F775F80029DF
:106DE00015DB22002B00121A8B41002BEEDC01D1A7
:106DF000002AEBD1B3685A6801239340D0221206CF
:106E0000002F02D1936105B0F0BD5361FBE7054B44
:106E1000054A3F210548F9F703F9FFF76BFFC04624
:106E2000FFFFFF7F28310210C052021044310210D0
:106E300010B5034B034A3F210348F9F7F1F8C04668
:106E400028310210D853021044310210952110B598
:106E5000024B034A49000348F9F7E2F8B054021024
:106E600000540210D854021010B5034B034A2921D4
:106E70000348F9F7D5F8C046E8520210F053021063
:106E8000F4520210972110B5024B034A49000348FF
:106E9000F9F7C6F8B054021008540210D854021082
:106EA000F0B5CE46474680B583B08146F8F70CF87A
:106EB000002941DB0027214E36184F41002F02DA0E
:106EC00001261F4F76426B46DD1D9C1DFF23984611
:106ED00009E0F7F7F9FF002922DB32003B00121A24
:106EE0008B41002B16DD4B4642469B682A70227070
:106EF0001B6822001868290001230CF041F80128C2
:106F000014D12378FE2BE4D1012003B00CBC9046B1
:106F10009946F0BD002B01D1002AE4D10020F4E70E
:106F2000084B094A3F210948F9F77AF8084B094A02
:106F300029210948F9F774F8FFF77AFF80841E00C9
:106F4000FFFFFF7F28310210D85302104431021096
:106F5000E8520210F0530210F4520210F0B5CE467F
:106F6000474680B583B081460E00F7F7ADFF0400B9
:106F70000D1E47DBFA22F117300092000023FBF7C9
:106F8000DFFD0019694106000F1E02DA01261E4FBF
:106F900076426B46DD1D9C1DFF23984609E0F7F7FE
:106FA00093FF002922DB32003B00121A8B41002B99
:106FB00016DD4B4642469B682A7022701B682200F1
:106FC0001868290001230BF0DBFF012814D1237876
:106FD000002BE4D0012003B00CBC90469946F0BDD4
:106FE000002B01D1002AE4D10020F4E7074B084A26
:106FF0003F210848F9F714F8074B084A29210848A7
:10700000F9F70EF8FFF714FFFFFFFF7F283102109A
:10701000D853021044310210E8520210F05302100B
:10702000F452021070B582B00E0069460A706A46CA
:10703000FF258368013215701B680400186801235E
:107040000BF09EFF012851D1A368310018688023FE
:1070500000229B000BF09CFF802130008900FFF78D
:1070600023FEFA21A3680600890018680BF0B0FF20
:10707000002839D06A46911D320A0A706A46A36810
:10708000073215701B68186801230BF079FF01287F
:107090002CD16A46A36801A905320E7015701B68D1
:1070A000186801230BF06CFF01281FD16A46A36802
:1070B000D11C95700D701B68961C18683200012356
:1070C0000BF05EFF012811D11F2332781340052BEE
:1070D0000AD1FA212000C900FFF740FF0300002079
:1070E000002B01D002B070BD0148FBE7FFF7BCFEEA
:1070F0006DECFFFF2023F0B54F46D6464646994635
:10710000C0B582B007008144FFF7CAFE002800D155
:10711000C6E030239A466B46DE1CDD1DFF234C463D
:107120009846BA444246BB6832702A701B682A00EF
:107130001868310001230BF023FF012800D0B2E0D2
:107140002B78237001345445ECD142462A706A46AC
:10715000941D4246BB6822701B68220018682900F3
:1071600001230BF00DFF012800D0A2E06A46511D5B
:1071700042462678BB6801AC0A7022701B68220068
:10718000186801230BF0FCFE36020500012800D030
:107190008FE02478102148463443FFF785FD844270
:1071A00000D07DE020203A5C9111D20929405200A4
:1071B000114319D000200022012900D07BE00F26C6
:1071C0000124063511004F463031CB08F31AFB5C21
:1071D00029400B412340934001321843162AF1D134
:1071E00001308002002155E02823FB5C0821DC11DE
:1071F0009B112B4064001C432723FA5C2B001026B4
:1072000013409B00234394000C40234394003440DC
:107210001C43930018402043402423404446184315
:107220005311DB011C4023008024034364009000C1
:1072300020401843D3112622BC5C2A005B02224066
:107240000343920213432922BE5C2A0032405000BD
:107250002A22BA5C7600D2091043844625220620F1
:10726000BA5C014329431140A20280242401224038
:107270001A43042328001E40634688401E430132FF
:1072800002360023C117B240FBF75AFCCB05400A77
:107290001843490A02B01CBC90469946A246F0BD6C
:1072A00000200021F6E7074B074A29210748F8F795
:1072B000B7FEFFF7D9FD9C21054B064A8900064819
:1072C000F8F7AEFEE8520210F0530210F45202102A
:1072D0004C5402102C540210D8540210F0B5D6466B
:1072E0004F4646464023C0B584B002AC0B432370E2
:1072F000130E6370130CA3708046130A8946200096
:107300000521E3702271FFF7BBFC01234000184305
:107310000E236B449A466B46FF276071DE1C01AD5D
:10732000434622789B6832702F701B682A001868C9
:10733000310001230BF024FE012839D10134A2458C
:10734000EED143469B681B6818686B46DE1D4B46B2
:107350000C2B1ED06B4610259C1DFF2703E04346D7
:107360009B681B6818680123220031003770277062
:107370000BF006FE01281BD1207843B2002B02DA65
:10738000013D002DEBD104B01CBC90469946A246AD
:10739000F0BD6B463200591D01230F7037700BF0A2
:1073A000EFFD01280AD143469B681B681868D1E7A6
:1073B000034B044A29210448F8F732FEFFF754FD35
:1073C000E8520210F0530210F452021070B505009A
:1073D000C36C82B004004C35002B00D171E0280052
:1073E0000BF00EFEA368186800F0B0FF0123A06840
:1073F00042689340D022120693616B46591DFF23C9
:1074000001AA0B7013700368186801230BF0B8FD14
:1074100001285FD1E369034237D100212000FFF743
:107420009DFD00284BD0032600220D212000FFF7F0
:1074300055FFFF2843D1013E002EF5D10123E2691B
:107440001343E3610026E36C002B45D028000BF0CA
:1074500027FD0123A06842689340D02212065361A1
:107460006B466A46D91DFF2306320B701370036802
:10747000186801230BF084FD01282BD1A36818683C
:1074800000F06EFF300002B070BD00232000A36446
:10749000FFF746FC2000FFF779FC00212000FFF7F2
:1074A0005DFD0028CED00326002200212000FFF73A
:1074B00015FFFF2803D1013E002EF5D1C2E70126BA
:1074C000C1E72800F6F78CFDE36C002B00D086E7BF
:1074D000FFF7BCFCFFF7C8FCFFF7D4FCF0B547464C
:1074E000CE4680B585B01C000C9B07009846C36C47
:1074F0000D001600002B00D148E103A94C300BF021
:107500001FFD002800D03AE1D023BA681B065B6853
:107510005268D340DB0700D52AE10C2D01D0002DA5
:1075200039D103239946002C00D0A0E03200290075
:107530003800FFF7D3FE0400FF2800D1FAE04346ED
:10754000002B01D043461C6023070FD404232342A1
:1075500000D006E11223234212D0904E083DEDB236
:10756000322D73D88E4BAD005B599F46172D00D03E
:10757000F3E0630700D5F2E01223234200D0EAE0F3
:107580006026264073425E41864B76421E40864B03
:107590009C466644E2E7FA213800C900FFF7DEFCAA
:1075A0000028BED1814E55E00223BB640A21092484
:1075B000FF226C44BB6869440A7022701B689146C4
:1075C0001868220001230BF0DBFC012800D0CDE07D
:1075D0004A4602A90A706A46D51D4A46BB682A7007
:1075E0001B68247818682A00012324060BF0C8FCC5
:1075F000012800D0BAE06A46911D4A460A706A46E0
:107600002B78551D4A461B041C43BB682A701B6817
:107610002A00186801230BF0B3FC012800D0A5E074
:107620004A4601A90A7048466A46BB68D0701B6882
:107630002D781868033201232D020BF0A1FC0128DC
:1076400000D093E06B46DB781C432C434346002B71
:1076500000D01C60300005B00CBC90469946F0BDCF
:1076600001235B429C46E1444B46002B6AD000223A
:1076700037213800FFF732FEFA213800C900FFF742
:107680006DFC320029003800FFF728FE0400FF28B7
:10769000E6D04346002B00D054E755E70B25FF23E7
:1076A0006946BA686D440B732B70136803A9186898
:1076B0002A00012324020BF063FC012856D12B7809
:1076C0001C43C3D0204200D0394EA30700D5394E09
:1076D000630700D5364E230700D5354EE30600D5A7
:1076E000334EA30600D5334E630600D52B4E23063A
:1076F00000D52D4E80235B0023405A4253415B420C
:107700001E40A30500D5254E630500D52A4E23054E
:1077100000D52A4EE30400D5204EA30400D5224E06
:10772000630493D5204E91E7FA213800C900FFF792
:1077300015FC8BE701235B429C46E1444B46002B42
:1077400000D0F3E64346002B00D12BE7FF2342464F
:10775000164E13607EE7114E78E7184E7AE7164E04
:1077600078E7082DFBD1BB64134E73E7FFF77CFB72
:10777000C421134B134A49001348F8F751FC8821E0
:10778000124B104AFF311048F8F74AFC9921104B70
:10779000104A49000C48F8F743FCC0466EECFFFF66
:1077A0000C5302108B13000075ECFFFF70ECFFFF11
:1077B0006DECFFFF72ECFFFF76ECFFFF6FECFFFF5D
:1077C0008454021024540210D85402106C54021035
:1077D000B054021014540210F0B545465746DE4628
:1077E0004E46E0B51D00C36C89B007008846140002
:1077F000002B00D15EE14C239C46844463466046E6
:1078000005930BF0FDFBBB680A26186800F09EFD8F
:107810000123BA6851688B40D02109068B6104AB03
:107820009C460921FF23664461440B703370136842
:107830003200186801230BF0A3FB012800D037E1C8
:10784000FB699B0700D031E10023129A796C121971
:107850006B41994200D229E100D123E1BB6C032B9B
:1078600001D063021C00129B012B00D100E1002318
:107870002200009312213800FFF730FE051E00D0D1
:10788000BFE0129B99469A46002B00D1AAE0129BBA
:1078900045469B46002399461C00F7F715FB002937
:1078A00000DAF9E00023854A12184B410292039353
:1078B000002B04DA0122824B52420292039304AA63
:1078C0000B23944663449A46FF2398460BE0F7F750
:1078D000FBFA002900DADFE0029A039B121A8B41BF
:1078E000002B00DCB6E041465246BB681170317097
:1078F0001B6832001868514601230BF041FB012838
:1079000000D0C3E03378FE2BE1D1BB682A001868B1
:10791000802300219B000BF03BFB4B46002B00D14A
:10792000A3E0802148468900FFF7BEF9A04200D1BC
:107930009BE0644B9846FA21BB68890018680BF0FD
:1079400047FB002800D18AE004AA94460D210F24A9
:10795000FF226444BB6861440A7022701B68914630
:107960001868220001230BF00BFB012800D08DE0EA
:107970004A46247807A90A7004AA230294460E24D2
:107980004A4664449A46BB6822701B682200186805
:1079900001230BF0F5FA012800D077E001225346CD
:1079A000524294462478E34423431C0080235A46E1
:1079B0009B00EB18002A05D04246A946002A62D156
:1079C0001D006AE72B009946129BA2464546012BF3
:1079D00006D90023002200930C213800FFF77EFD1A
:1079E000002D0ED1802148468900FFF75DF95346EE
:1079F000181A45424541344B6D421D40314B9C465F
:107A00006544FB6C002B57D005980BF049FA012315
:107A1000B8680F2142689340D0221206536104AB2C
:107A20009C460E22FF23614462440B70137003686E
:107A3000186801230BF0A4FA012839D1BB68186833
:107A400000F08EFC280009B03CBC90469946A24646
:107A5000AB46F0BD002B02D1002A00D043E7A2467E
:107A60001A4D129B012BCCD9B3E70023984662E74D
:107A700000232200009311213800FFF72FFD051E7F
:107A800000D104E7BDE7A2464546EAE7104B114A9C
:107A900029211148F8F7C4FA104B114A3F21114827
:107AA000F8F7BEFA396C914200D3D7E60E4DA8E73D
:107AB000FFF7DAF9FFF7CAF9FFF7E4F980841E004F
:107AC000FFFFFF7F6FECFFFF9113000070ECFFFFE3
:107AD000E8520210F0530210F45202102831021042
:107AE000D85302104431021075ECFFFFF0B5C646C2
:107AF00000B588B002920393C36C04000D00002B04
:107B000000D1C5E04C239846804440460BF078FAFB
:107B1000A36802AE186800F019FC0123A068B446FF
:107B2000426806A99340D022120693610F22FF23D8
:107B300062440B7013700368186801230BF020FA7D
:107B4000012800D0A2E00298039900230E9A12188F
:107B50004B41616C994200D296E000D190E0E3691C
:107B60009B0700D090E0A36C032B02D0029B5B022A
:107B700002930E9B012B00D173E000271A001721FE
:107B8000012300972000FFF7A9FC2000FFF7D2F89F
:107B900000970023029A19212000FFF79FFC061E80
:107BA0003AD12900FC222000FFF73CFA80239B00F9
:107BB000EE180E9B9D1E002803D00DE0013D00280D
:107BC0000AD13100FC222000FFF72CFA80239B0011
:107BD0009C466644002DF1D102AA94461121FD2253
:107BE000FF2061440A70EB3AA368624410701B687E
:107BF000186801230BF0C4F9012847D12000FFF7D2
:107C000099F80023079307AB0093002200230D216E
:107C10002000FFF763FC0600E36C002B3AD04046DF
:107C20000BF03EF90123A06802AD4268AC469340D8
:107C3000D022120653611322FF2307A962440B705E
:107C400013700368186801230BF09AF901281DD1FD
:107C5000A368186800F084FB300008B004BC9046AC
:107C6000F0BD0023029A009318212000FFF736FC94
:107C7000061ED1D1FE2229002000FFF7D3F9BDE76F
:107C8000216C914200D36AE7034EC5E7FFF7ECF899
:107C9000FFF7DCF8FFF7F6F875ECFFFFF0B5C36C03
:107CA00083B00400002B00D184E005004C3528008F
:107CB0000BF0A6F9A368D026186800F047FB012353
:107CC000A068360642689340B3616B466A46991CC9
:107CD000FF2301320B7013700368186801230BF047
:107CE0004FF9070001284ED1E36C002B4DD001A9BC
:107CF00028000BF025F9002855D1A2687368526856
:107D0000D3401F4248D1FA212000C900FFF726F9CD
:107D10000326002809D0002209212000FFF7DEFAFF
:107D2000FF282CD07E23034223D000260027E36CBB
:107D3000002B41D028000BF0B3F80123A1684A685A
:107D40009340D02212065361FF236A461371033217
:107D500013700B6801A9186801230BF011F90128B1
:107D600011D1A368186800F0FBFA3000390003B0A5
:107D7000F0BD2000FFF7BEF906000F00D7E7013E77
:107D8000002ED2D0C7E7FFF76FF899210B4B0C4AB2
:107D900049000C48F8F744F9C4210B4B0B4A490041
:107DA0000848F8F73DF98821094B084AFF31054892
:107DB000F8F736F9FFF74AF8FFF764F8B054021005
:107DC00014540210D8540210845402102454021087
:107DD0006C5402104C23F0B54546DE4657464E46DD
:107DE0009846E0B5C36C8BB004008044002B00D1F2
:107DF00016E140460BF004F92000FCF78DFD02234C
:107E0000E26913400ED0E36C002B00D138E240460B
:107E10000BF046F8E0690BB03CBC90469946A24690
:107E2000AB46F0BD01251542EDD0A364A368D02672
:107E3000186800F08BFAA36836065A680B21954043
:107E40000A22B561FF2569446A440D7015701B68EC
:107E5000186801230BF094F8012800D0ADE1200050
:107E6000FEF75EFF2000FEF791FF0A239946093BCB
:107E70009B46B246099509AD0023009500220021DA
:107E80002000FFF72BFB099B012B36D05A46A36835
:107E9000FF2659688A4051464A610F210E226944E3
:107EA0006A440E7016701B68186801230BF068F89E
:107EB0000700012800D080E1D2480021F7F710F830
:107EC000A3680D215A68694497405246976103AAF6
:107ED0000E7016701B68186801230BF051F801280A
:107EE00000D06AE101235B429C46E1444B46002BF3
:107EF000C2D1099B012B00D09FE0D526002376003C
:107F000000953200082120000993FFF7E7FA0028C6
:107F100000D08EE0A36C022B00D157E10026002395
:107F2000009601223B212000FFF7D8FA00280FD04D
:107F30000096002301223B212000FFF7CFFA002802
:107F400006D00096002301223B212000FFF7C6FA4D
:107F50000095002300223A212000FFF7BFFA0028F5
:107F60006BD1099BDB0200D436E1A36C023B5A4281
:107F700053419B079946F6F7A7FF002900DA81E1F4
:107F80000027A14E36184F41002F0FDA01269F4FD0
:107F900076420BE0F6F798FF002900DA72E1320032
:107FA0003B00121A8B41002B00DC08E101230095F5
:107FB0004A4629212000FFF791FA099B8246DB07F8
:107FC000E8D45346002B00D006E1099B002B56D184
:107FD000A36C022B00D142E10123A3640023002201
:107FE000009309212000FFF779FA051E4AD00022EC
:107FF000002322646364E36C002B00D140E140461F
:108000000AF04EFF0123A06813214268694493409F
:10801000D02212065361FF2312220B706A441FE024
:108020004046F5F7DDFFE36C002B00D0E1E6FEF7FC
:108030000DFF774B984200D170E7E36C002B00D125
:108040001EE140460AF02CFF0123A068112142687E
:1080500069449340D02212065361FF2304AA0B7097
:1080600013700368186801230AF08AFF012800D002
:10807000A3E0A368186800F073F9E069CBE6042375
:10808000A364ABE72000FFF735F820646164084380
:10809000B1D00095002300220A212000FFF71EFA2C
:1080A000002800D09BE0302399462000A144FEF731
:1080B000F7FE002800D1ADE0402317269B46162589
:1080C000CA46FF27A3446E446D44A36837702F70DF
:1080D0001B682A001868310001230AF051FF0128AB
:1080E0006BD152462B78137001239C46E244DA454B
:1080F000EBD11B211A25A3686D4469440F702F70C2
:108100001B682A00186801230AF03AFF012854D19D
:1081100019212E78A368694406AD0F702F701B6873
:108120002A00186801230AF02BFF36028246012834
:1081300043D12D78102148463543FEF7B5FD8542E1
:1081400068D1002380220093920010212000FFF7C5
:10815000C5F9002871D15346A068D0264268212174
:108160009340694408AA360673610F70177003685C
:10817000186801230AF004FF050001281DD1200022
:10818000FEF7C6FDE369AB43E361E36C002B77D0F8
:1081900040460AF085FEA36823215A686944954049
:1081A000222275610F706A4417701B6818680123DA
:1081B0000AF0E6FE012800D15BE7FEF755FE002B32
:1081C00000D0FEE6002A00D0F0E6FAE6099B1B0587
:1081D0001B0DB34200D1A1E60423A3642DE7E36C99
:1081E000002B4DD040460AF05BFE0123A06815210C
:1081F000426869449340D02212065361FF2305AAC6
:108200000B702DE7A086010080841E00FFFFFF7F1A
:1082100076ECFFFFE36C002B32D040460AF040FEC4
:108220000123A0681D21426869449340D0221206B0
:108230005361FF2307AA0B7012E7E36C002B1FD0DA
:1082400040460AF02DFE5146A3685A689140D0225C
:10825000120651611F2169440F701E22A3E7009589
:10826000002300223A212000FFF738F9002800D02F
:10827000E3E6099B5B0000D4B0E60323A364ADE60C
:10828000FEF700FEFEF7D4FD836810B50400002B56
:1082900027D00122C261B2221549920081501549AE
:1082A000043281501449083A815014490C328150EB
:1082B0001349043281501A7A5868002A0BD1F5F715
:1082C000EBF9A3685A6801239340D0221206536148
:1082D0005362536110BD597AF5F7CEF9A368586817
:1082E000EDE7084B084A09490948F7F799FEC046E7
:1082F000ED7A0110D9770110D57D01109D7C011018
:10830000CD730110F854021040540210A204000072
:10831000D854021010B5034B034AB4210348F7F7B1
:108320007FFEC046945502106C550210DC550210B9
:1083300010B5034B034AB8210348F7F771FEC04656
:108340009455021078550210DC550210836B10B55D
:10835000002B03D038300AF053FE10BDFFF7DAFFD0
:10836000836B10B5002B03D038300AF099FD10BD97
:10837000FFF7DEFFF0B5C6467D4B040000B51800E0
:1083800098460AF03DFE4023E35C002B00D092E0CB
:108390002600A36B3836002B00D1D0E030000AF065
:1083A0002FFE2368002B00D19EE02369002B01D112
:1083B000704B23616369002B01D10B336361200093
:1083C000012200213030F5F7F3FD6B492068FAF700
:1083D000D7FFC0210220236889011F1D39435A6835
:1083E00008600721024018684140CF2008408021E2
:1083F00049010B43186080239B013B431A60012114
:108400006068F5F7D5F80121A068F5F7D1F80121EA
:10841000E068F5F7CDF8A37E002B59D1637E002BE1
:1084200050D00120FBF7F0F920620120FBF7ECF9B6
:10843000276A60620C2F00D98AE0504BFA0213437E
:10844000A3620C2800D983E04D492568C3028D4200
:1084500051D04C490A4388210903A26211221343D7
:108460000B43013A9343E36263690B2B48D1464ABD
:1084700046491160012215008540BA404448056014
:1084800044480260227E002A4AD01800F5F758FAC4
:1084900001216069F5F72EFA3F4B22689A424BD0D2
:1084A0003E4B5C6040230122E254A36B002B55D06D
:1084B00030000AF0F5FC40460AF0F2FC012004BC52
:1084C0009046F0BD002201216068F5F789F8A8E721
:1084D000E17EA068F5F7D0F8217FE068F5F7CCF8E9
:1084E000637E002B9DD1EDE72B4B23602369002B8E
:1084F00000D05FE75CE72A490A4398210903ACE70B
:108500000C2B2DD1204A27491160012215008540EE
:10851000BA402548056025480260227E002AB4D171
:1085200018008022F5F740FA01216069F5F7E2F9B9
:10853000194B22689A42B3D1184B1C60B2E7300045
:10854000F5F74EFDA36B002B00D027E7FFF7E2FE07
:10855000174B184AC3211848F7F762FDFFF7E8FEEA
:108560001C21164B164AFF311648F7F759FDC04635
:108570002043002080969800A086010019801F00EB
:108580000000044011000800685000202D07002062
:10859000042400500434005000C003406C500020FC
:1085A000110009006106002014240050143400500A
:1085B000084A02100C550210284A021070380210A6
:1085C00084550210DC55021010B5EFF747FE041E6B
:1085D00003D0FCF7A1F9207F10BD0420FCE7C046C2
:1085E00070B50400FCF7C2F9002815D02000EFF7A1
:1085F00035FE051E12D02000EFF730FE041E04D019
:10860000FCF78AF9207F830705D4B1239B00EB5840
:1086100028009847C0B270BD0320FCE70420FAE7A9
:10862000F0B583B00E0014001D00EFF717FE002810
:1086300025D0089B22000093B3239B00C75831002C
:108640002B00B847104A0300904208DD0F4A04206F
:10865000934202DD1800431E984103B0F0BD0C4A5E
:1086600090420EDA0B4A904207DB01210A4AC00F02
:1086700049429A4248410230EFE70120EDE70420E9
:10868000EBE70320E9E7C04674ECFFFF76ECFFFF61
:1086900073ECFFFF70ECFFFF71ECFFFFF0B583B0F0
:1086A0000E0014001D00EFF7D9FD002825D0089B0F
:1086B00022000093B2239B00C75831002B00B8471B
:1086C000104A0300904208DD0F4A0420934202DD65
:1086D0001800431E984103B0F0BD0C4A90420EDAD8
:1086E0000B4A904207DB01210A4AC00F49429A42D5
:1086F00048410230EFE70120EDE70420EBE70320DB
:10870000E9E7C04674ECFFFF76ECFFFF73ECFFFF78
:1087100070ECFFFF71ECFFFF7047C0460CB470B502
:108720008025C2B046AC40CC6D002A00002102A8D2
:10873000FAF78EFB23003200290002A80194F9F712
:108740006FF8040002A8FFF7E7FF200042B070BCFA
:1087500008BC02B01847C04610B5034B034A40217D
:108760000348F7F75DFCC046BC5602109C56021049
:10877000E85602100B4B10B59C46604444424441FD
:10878000094AA40082B00092E31C22000748F4F7D3
:10879000E1FF844202DC001B02B010BD0120404218
:1087A000FAE7C0460000D0AF40570210C550002085
:1087B000F8B5DE464E4645465746E0B50E00050084
:1087C000F4F790FF31798346202950D80122294BB4
:1087D0008A40EF187B425F41274BBF009846DB5928
:1087E00005249C46531E9A46202334575B1A002CBE
:1087F00031DB9C4238DC52466346A240134233D1FF
:108800009146002918D0737832781B021A43B37846
:108810001B041343F27812061A4392460023504673
:108820005A00825A560B00D11219E6181236B600B9
:10883000013372519942F2D84B4662461A4343467D
:108840005846DA51F4F75AFF20003CBC904699464E
:10885000A246AB46F8BD5046624698401C00814691
:108860001042CED0013BF6D20448F7F77FFCFFF769
:1088700073FFC0460000D0AF944E00202C5702106A
:1088800010B50400F4F72EFF094B0021E3185A42FB
:108890005341084A9B00995000231A00123292005B
:1088A00013510133202BF8D1F4F728FF10BDC04637
:1088B0000000D0AF944E0020F0B557464E464546D6
:1088C000DE468946E0B583B00CA90D7849464900DB
:1088D00088464944C900461837003400DC37019007
:1088E0003868CC3483462068C02482460198CC3155
:1088F0008446A401614421438024A4020C60691EC3
:108900008D411F216D420D4016498C466544052B53
:108910000ED9A02149058C461F21D8366046540146
:1089200004430532053B3C600A403560052BF5D811
:10893000414652019B0613434944019AC90050180D
:108940000200DC3213600300D8331D605B46136005
:108950005346CC30036003B03CBC90469946A246D7
:10896000AB46F0BD80E00000F0B501258D40046805
:10897000AC434D0004606C18E40004192600C836AE
:10898000002B28D01F68DC3437605F6877609F68F1
:10899000DB68B76023606D18ED002C008023D034B5
:1089A00004195B012343802424061C601C600124FD
:1089B0000F4B26008B4083600B1D9E4080230831A7
:1089C0008C409B0103431E601C601F2340191A400A
:1089D000D8300260F0BD80277F023760F8277F0221
:1089E0007760C027DC343F03B7602360D3E7C0461D
:1089F0000101010110B50520F7F7E2F9014B1860FC
:108A000010BDC046D052002010B500F021F910BDB5
:108A100070B5040000F080F8230022780568203B40
:108A2000472A04D0002D2BD10360280070BD627846
:108A30004E2AF7D1A278552AF4D1E278432AF1D10F
:108A40002279432AEED162792B2AEBD1A2792B2A03
:108A5000E8D1E279012AE5D85A69002A0DDB013212
:108A60005A614268013A42609D4201D01D61036033
:108A70002000656A0AF06CFAD7E701218A1AEFE74D
:108A800001F006F910B500F043F80368002B09D097
:108A900020229A5C472A06D0002220330260180068
:108AA0000AF02EFA10BD263A9A5C4E2AF4D12C3ADE
:108AB0009A5C552AF0D1323A9A5C432AECD11F3A9B
:108AC0009A5C432AE8D11E3A9A5C2B2AE4D1053AF3
:108AD0009A5C2B2AE0D1043A9A5C012ADCD85A69C4
:108AE000002A07DB013A002A0BD001DB5A61D9E7E3
:108AF00001F0CEF80132002AF8D1196901605A61FB
:108B0000D0E71A692033026018000AF0F9F9C9E7C2
:108B100000487047A445002000487047A445002045
:108B200010B50400034B0833036000F0BBF82000CD
:108B300010BDC0469857021010B50400054B08330D
:108B4000036000F0AFF820000C21FFF75DFF20006C
:108B500010BDC04698570210F0B583B01E00089BA8
:108B600005000F00140093420AD0A868089A036811
:108B700000921D6A220033003900A84703B0F0BDFF
:108B8000310000F0FFF80028EFD00620F6E7C046DD
:108B9000F0B5C64600B50D0084B019000600904639
:108BA0001F0000F0EFF8041E18D10A9B0C9A9342A4
:108BB00031D00D9AB0682900036803920C9A029292
:108BC0000B9A01920A9A0092DC6942463B00A04748
:108BD0000400200004B004BC9046F0BD0D9B0A9A2E
:108BE0001A6042461A71002D0EDB0A9B00249C4637
:108BF0000C9B65445D1B6B425D4105236D421D402E
:108C00000D9B01359D71E4E70024AB1CE1D10123EC
:108C10000D9A9371DDE70B99300000F0B3F800284E
:108C2000C7D042460D9B5A71D3E7C046F8B507003E
:108C30000C0015001E0000F071F8002806D1B8687D
:108C40002A00036821009F693300B847F8BDC04679
:108C500010B5FAF7E5F810BD30B585B00023140063
:108C60006A461371102200930393036802929D6970
:108C700022686B46A8476B461A79062300201340EA
:108C8000062B02D1009B0130236005B030BDC046E9
:108C9000009B981A421E904104234042984306309C
:108CA0007047C04610B50400034B0833036000F062
:108CB00065F8200010BDC046F457021010B504003E
:108CC000054B0833036000F059F820000821FFF736
:108CD0009BFE200010BDC046F457021070B5160070
:108CE0001D00069A049B040093420ED02900200028
:108CF00000F048F8002806D0079B049A1E711A60FD
:108D00000123079A9371002070BD059900F03AF88D
:108D10000028EBD0079B5E71F5E7C04670B51500E3
:108D20001C0000F02FF8002804D00823E360023B69
:108D30002560237170BDC046F8B505000C00170012
:108D40001E0000F01FF8002807D1032E05D8236865
:108D50003A005B69290020009847F8BD7047C0467B
:108D60007047C046004870472058021010B50400F4
:108D70000421FFF749FE200010BDC0467047C046E1
:108D80000020704710B5814211D0406803782A2B2B
:108D90000BD049680B782A3B5A425341C91809F055
:108DA00049FB43425841C0B210BD0020FCE70120FE
:108DB000FAE7C04670B51F4C08386368002B1FD017
:108DC00006688519AB421BD8596825D0002929D0DF
:108DD0008D4204D32AE00B00954204D211004A6868
:108DE0001C1D002AF7D1954210D023681A689918E3
:108DF000884208D05B68066043602368586001E0E1
:108E00004360606070BD96191E60FBE72B689C464E
:108E10006B6866444B60E8E71B6841609E1906601A
:108E20006060EFE7002219000434DCE70A00043434
:108E30001900D8E7404A00200200083230B5082A5D
:108E400000D208220723144C07329A436368002B90
:108E50001CD019688A4204D81AE001688A4204D9F1
:108E6000030058680028F8D130BD04338C1A4568D7
:108E7000072C07D981184D6018680C6002601960D2
:108E80000830F1E701601D600830EDE70020EBE7F6
:108E90001800231DEAE7C046404A002070B5803024
:108EA0000500F9F75FFF041E07D080220021200093
:108EB000F9F7CEFF2000803070BD2800FFF7BCFF1F
:108EC000041EF2D100F0E4FE074A8038936810B522
:108ED000984203D9D2689B18984202D3F9F7A0FFB1
:108EE00010BDFFF767FFFBE7404A002070B59E25E5
:108EF000084C2D012800E560F9F734FFA060002838
:108F000004D0002360600560436070BDE060606075
:108F1000FBE7C046404A0020F0B5D6464F464646DD
:108F20008A46C0B5502825D00F2404400C2C00D907
:108F300073E03B4DA4002C59A746557814782D02B8
:108F40002543947824042543D47824062C43151D06
:108F5000002C08D070260640102E00D1924640B258
:108F60005444002819DB28001C601CBC904699461C
:108F7000A246F0BD032103328A43150010CDF2E76B
:108F8000557814782D022543947824042543D47809
:108F900024062C4315000835DAE72468E3E7547803
:108FA000157824022C43951CD2E7547815782402B6
:108FB0002C4324042414951CCAE77F2116000024A6
:108FC000002789463178751C4E460E40BE408C46BF
:108FD00049B2344307372E000029F3DB1F2FB7D8DF
:108FE00061464906B4D50126BE4076423443B1E716
:108FF00000218C467F311700002488463E787D1C76
:109000004746614637408F400721894676B23C4348
:10901000CC442F00002EF1DB9AE708F029F9C04676
:10902000EC58021010B5FF2815D070230340202BF8
:1090300017D009D9402B10D0502B0CD0302B08D191
:10904000080009F065FF10BD0020002BFBD0102B9D
:10905000F9D008F00DF90020F5E7080009F088FFC5
:10906000F1E7080009F004FFEDE7C046F8B5060097
:109070000F0014000020002E02D0300009F078FF0D
:1090800020607D1C3F78FF2F2BD160602B78681CFF
:109090002375FF2B35D010230200002500217F26E9
:1090A0002375137832001A408A4001305BB21543B1
:1090B00007310200002BF4DB4519E5600025002193
:1090C0007F260378013063753200037801301A403F
:1090D0008A405BB215430731002BF5DB451925614A
:1090E000F8BD31003800FFF79DFF231D01002A0065
:1090F0003800FFF711FF05002B78681C2375FF2B44
:10910000C9D10023E360D9E7F0B557464E46DE46A5
:1091100045460023E0B595B00A9303338A4691464D
:109120000340012B00D1A5E0002B00D08DE0030708
:1091300000D58DE001230EAE039353460E9300231A
:109140000C2200210096484609F0C2FE484609F06C
:1091500067FF0490002800D17AE032000499484665
:10916000FFF784FF49460500307DFFF75BFF0DAB3D
:10917000B0600F2200939B4600210023484609F06F
:1091800017FF01220D9B9343013B984633699D4293
:1091900000D37EE07F274446737D00211800984667
:1091A000FFF740FF2A0001000BAB4046FFF7B4FE7B
:1091B000757D804600212800FFF734FF42460100FC
:1091C0000CAB2800FFF7A8FE757D80460021280023
:1091D000FFF728FF424601005B462800FFF79CFE90
:1091E0000021020000201378551C3A001A408A40E2
:1091F0005BB2104307312A00002BF4DB0B99336874
:109200008C466344A3422CD9039BDB073BD5002348
:10921000002405935B460D2200930021002348465D
:109220000A9D09F0C5FE53469C6206240D9A5D62B4
:109230001A62049ADA62059A1A63200015B03CBCDF
:1092400090469946A246AB46F0BD022B00D0A7E15E
:109250004946504609F044FE09240028EDD108246F
:10926000EBE70C998C466344A34272D83369AB4256
:1092700092D8C9E70823184014D00223184303905A
:109280000E910EAE5BE70823039A134207D000F05D
:10929000FFFC03990A42BAD108230B42F7D150468A
:1092A00000F00AFB0EAE0C6A002300960D2200218E
:1092B000484609F07DFE0E9B9C4202D00223039398
:1092C0003BE7534600960E930C22002300214846AC
:1092D00009F0FEFD53461B6B0593002BDFD0534670
:1092E0009C6ADB6A04930DAB9B460325002C44DB90
:1092F00053460D935B46002200930021002348460D
:1093000009F0E6FD5B460122009300210023484658
:109310000D9409F0DDFD5B460F2200930021002330
:10932000484609F045FE01230D9A00211340059A95
:10933000484613430D935B460F220093002309F028
:10934000C7FD0724022D00D077E7504600F09CF9B6
:1093500073E70D9B0400002B00D179E772689446F7
:1093600063440593002829D1002B00D170E7039BAB
:10937000DB0700D56CE70225BAE7631C07933200D0
:1093800004994846FFF772FE4946307DFFF74AFED2
:10939000079BF1689B00B060C91A0B68002B05D0D1
:1093A000002301339A008A58002AFAD15246936268
:1093B0000423D06213635163032599E73369451E83
:1093C0009C46059B6544002B00D141E7002D00D150
:1093D000D0E00823039A1A40089200D1D1E0524607
:1093E0003F3313700733537007339370123BD370BE
:1093F0000333137109335371033393710023D37112
:10940000002306934B467F27B1462E000993002484
:1094100000213A003078731C02408A40144342B263
:109420001D0007311E00002AF3DB1F2906D8402249
:10943000024203D03F3A8A405242144300260021A0
:109440003A001878013302408A40164342B207318D
:10945000002AF5DB1F2906D84023034203D03F3BF7
:109460008B405B421E43002C13D015DC631C119A09
:1094700007939B00D31A984619685346002B02D0D5
:10948000089B002B43D000292BD0002E6CD0AE19A6
:10949000BDE701230693F8E74B46187DFF2856D019
:1094A00007230340022B4FD02CD9032B2CD0042BA5
:1094B00076D1E20052424B46DB6849469C468968B9
:1094C00062445B46FFF728FD0D99002909D05346F9
:1094D000002BDAD00AAB0022504600F06DF80028CD
:1094E000D3D0099B4E469946039BDB0700D591E6F6
:1094F000089B002B00D1F8E60325002C00DBF7E6E3
:1095000000F0D2FB002B4BD1A2005242D3E70A9BC2
:109510000D93002940D05B46AB465546A2464446D3
:10952000B0461E0003E004342168002911D0611800
:1095300033000022280000F03FF80028F3D0AA46AC
:109540005D46B3464646A0E762005242B3E70022BA
:10955000B1E7099B5446B346AA464E469946039B3B
:10956000DB0700D556E60AE7099B9946069B002BC8
:1095700000D16DE6039BDB0700D569E600240225D8
:10958000B6E65346DA795833012A01D00A9337E711
:10959000783B1B680A9333E7099B4E469946DEE702
:1095A00007F066FEFFF734FA71E6C0461EB400F01D
:1095B0009BF81EBC09F0BCFCF0B5C64600B5984649
:1095C000037882B00E00472B1DD000232C4C019352
:1095D000236820009B689847012500280ED1336836
:1095E00001AA1F69210001233000B847002831D1AA
:1095F0000025280002B004BC9046F0BD019B013557
:109600001B680193EBE743784E2BDED18378552B13
:10961000DBD1C378432BD8D10379462B24D00379EF
:10962000432BD2D143792B2BCFD183792B2BCCD188
:10963000C279012AC9D80300203B1C685830012A8E
:109640000CD00190236820009B68984701250028D2
:10965000C5D0D3E74346019A1A60CAE72300200029
:10966000783B1C680190EDE743794F2BD7D1837984
:10967000522BD4D1C379002BD1D10193014CA7E750
:109680003C5802103458021010B50400FFF744FA99
:1096900023002278203B472A05D08268002A20D167
:1096A0008360012010BD62784E2AF6D1A278552A37
:1096B000F3D1E278432AF0D12279432AEDD16279BD
:1096C0002B2AEAD1A2792B2AE7D1E279012AE4D820
:1096D000DA690132DA61012AE3D182689A61836032
:1096E000DFE700F0D5FAC04610B5FFF715FA83683A
:1096F000002B2ED020229A5C472A04D000228260C0
:109700002033180010BD263A9A5C4E2AF6D12C3A26
:109710009A5C552AF2D1323A9A5C432AEED11F3A2A
:109720009A5C432AEAD11E3A9A5C2B2AE6D1053A82
:109730009A5C2B2AE2D1043A9A5C012ADED8DA69D3
:10974000013ADA61002ADBD19A69826000229A61CB
:10975000D6E700F09DFAC04610B5012812D80B00DC
:10976000283B1A68501E1860012A00D010BDDB6823
:1097700058310C00002B01D0080098472000FFF75B
:10978000A3FBF3E72839486900F06EFA70B50500CD
:109790000026803DEA602E60A960040000F092FA85
:1097A000286100F089FA23004722583B68611A704B
:1097B00007325A7007329A7022004323553A1370C9
:1097C0005370183B9370D370024B513C26702800A5
:1097D0002B6370BD5997011070B504000D00160081
:1097E000FFF79AF9436832000133436029002000F3
:1097F000FFF7CCFF012303602830040009F0F8FBD9
:109800002000FFF705F900F043FAC04610B5FFF756
:1098100083F9436804685A1C4260002C0CD0202253
:10982000A25C472A0AD0002202602034200009F0FE
:10983000C7FB2000FFF7ECF800F02AFA263AA25CFA
:109840004E2AF0D12C3AA25C552AECD1323AA25CD5
:10985000432AE8D11F3AA25C432AE4D11E3AA25C13
:109860002B2AE0D1053AA25C2B2ADCD1043AA25C77
:10987000012AD8D863695A426261D6E702780300A8
:109880000020472A00D070475A784E2AFBD19A7898
:10989000552AF8D1DA78432AF5D11A79432AF2D138
:1098A0005A792B2AEFD19A792B2AECD1DB792A3AF3
:1098B0009A424041C0B2E6E710B5041E06D0FFF759
:1098C000A7F82000FFF7DAFF002801D100F0E0F947
:1098D000203CE06800F0C8F9F0B54E46DE46574639
:1098E0004546E0B585B00600FFF7C8FF00280BD05D
:1098F0003300203B9A68DC68B36A91469A4600239D
:10990000376B756B984606E0012304008146984644
:109910000500070082463000FFF77AF84346002B27
:1099200001D000F0C1F9484600F0BAF9FFF770F82D
:109930004346002B01D000F0ABF9FFF7E9F82723ED
:109940000668F25C33007833012A00D13368BF081F
:109950000293BB000193002399462036CA4520DDBF
:109960002F68002F00D07F1902AB00223900300091
:10997000FFF722FE002801D0FFF748FF3B68039065
:109980001B6903AA9B46114901233800D8470028C8
:1099900000D0804601239C46019BE1449C466544DF
:1099A000DCE74346002B08D00420FFF777FA084B8A
:1099B000084A03600549FFF70FFF200000F054F943
:1099C000FFF760F8FFF75EF8FFF7F0FD445802106C
:1099D000C8580210618D011010B5041E00D1013469
:1099E0002000F9F7BFF9002800D010BD00F028FAD8
:1099F000002801D08047F3E70430FFF74FFA034B0C
:109A0000034A03600349FFF7E7FEC046CC59021042
:109A1000D99C0110A859021010B50420FFF73EFA96
:109A2000024B034A03600349FFF7D6FECC590210EC
:109A3000D99C0110A859021070B505000820FFF745
:109A40002DFA2900040000F061FA054A05492000BA
:109A5000FFF7C2FE2000FFF737FAFFF7A7FDC04669
:109A6000519E01106C5A021070B505000820FFF7D6
:109A700015FA2900040000F05BFA054A05492000A8
:109A8000FFF7AAFE2000FFF71FFAFFF78FFDC04681
:109A9000A59E0110785A02100FB42023F0B583B0B0
:109AA00000AFFC1840CC300008F008FD80239B007C
:109AB000C118104B32009C466B466044C008C00081
:109AC0001B1A9D466D46230028007C6000F078F844
:109AD0000820FFF7E3F92900040000F033FA064AF2
:109AE00006492000FFF778FE2000FFF7EDF9FFF7A9
:109AF0005DFDC04607020000D99E0110845A021085
:109B0000F0B506000C009DB000AFA41B69220F4900
:109B1000381DF9F7A3F923006A467033DB08DB0030
:109B2000D31A9D466D466822391D2800F9F796F92B
:109B30002800220068303100F9F790F900232C1931
:109B4000683423702800FFF777FFC0462C590210B5
:109B5000F8B557464E464546DE46E0B500AF84B000
:109B6000E9460C234B4483468A46140098461D0060
:109B7000124E00E004000A212000F7F7CDFE735CCE
:109B8000013D2B700A212000F7F7C6FE092CF1D801
:109B900043465D1B55450ED84B46591B0C312A00D8
:109BA0005846F9F75BF9BD4628003CBC90469946FB
:109BB000A246AB46F8BD01256D42F4E720590210DC
:109BC000F8B5CE46814647460139494480B515006F
:109BD0000E00040002E02270013501342A78002AC8
:109BE00025D0B4423CD2252AF5D16878732806D016
:109BF0007A2823D02538414248412D18EBE704CB81
:109C00001078984600280DD0371B2100D71902E0A4
:109C10001900BA4221D00132087010784B1C1C0088
:109C20000028F5D102352A784346002AD9D14B467F
:109C30002270E01A0CBC90469946F8BDA9787529A7
:109C4000C9D104CB311B20009846FFF781FF0028C3
:109C500006DD241803354346C0E74846FFF750FFAA
:109C600021004846FFF74CFF70B5804707F000FB26
:109C7000FEF7CEFE07F0FCFA0D000400FEF702FF2F
:109C80006B1C01D0FFF792FC2000FFF725FEC046B9
:109C9000024B10B51868FFF7E7FFC046C83A00202E
:109CA00010B58047FFF7F4FF024B10B51868FFF7B7
:109CB000F7FFC046C43A0020014B18687047C04601
:109CC000C83A0020014B18687047C046C43A0020CB
:109CD000004870479859021010B50400034B083330
:109CE0000360FFF73BF8200010BDC046C4590210C6
:109CF00010B50400054B08330360FFF72FF8200070
:109D00000421FEF781FE200010BDC046C459021098
:109D100070B53D4B82B01A78002A44D101221A70E6
:109D200000F080F8002834D04468002123782A3BD2
:109D30005A425341E41801235B420193002201ABD4
:109D4000200007F01BFA314D06002B683022DB683B
:109D500001212F4807F048FD019B002B13D02B68F1
:109D60002000D96807F038FB2B680222DB6801214C
:109D7000284807F039FD019B002B02D13000F9F78C
:109D80004FF8FFF743FD2B683000D96807F024FB3C
:109D9000EAE71E4B2D221B680121DB681E4807F0F5
:109DA00023FD07F065FA194B1D221B680121DB68B2
:109DB0001A4807F019FD07F05BFA0C00012919D1C8
:109DC000FEF726FE03689B6898472B680600DB6851
:109DD0000B222100124807F007FD2B683000D968DC
:109DE00007F0FAFA2B680A20D96807F083FAFEF721
:109DF00049FED6E7FEF70CFEFEF744FED1E7FEF77C
:109E000041FEFFF7D3FBC046C1500020CC3A0020F2
:109E1000F85902102C5A0210305A0210D859021068
:109E2000605A021010B5FEF777FE0068002806D0D1
:109E30002723C35C0068012B01D17838006810BD6E
:109E4000014B18687047C0463C4A00204068704784
:109E50000D4B10B5083303604368040018000B4A2B
:109E60000C3882B0904205D12000FEF777FF200029
:109E700002B010BD043B1A68511E1960002AF3DCC1
:109E800001A900F0BFF8EFE7C85A0210504A0020BD
:109E900010B50400FFF7DCFF2000FEF7D9FE20001C
:109EA00010BDC04610B50400034B08330360FFF734
:109EB000CFFF200010BDC046DC5A021010B50400D0
:109EC000044B08330360FFF7C3FF2000FEF7C0FE1A
:109ED000200010BDDC5A021010B50400034B0833FB
:109EE0000360FFF7B5FF200010BDC046F05A021016
:109EF00010B50400044B08330360FFF7A9FF2000EE
:109F0000FEF7A6FE200010BDF05A021010B5074B58
:109F100082B0040001AA08C000F08AF8200002B054
:109F200010BD2000FEF71AFFFFF740FBD05A0210C9
:109F300010B50400FFF7EAFF014B2000236010BDBD
:109F4000E45A021010B50400FFF7E0FF014B2000B7
:109F5000236010BDF85A0210164B10B50400984249
:109F600024D80D308C4217D94B009C4200D21C00E3
:109F70002300200080221D330D30520193420BD963
:109F8000A14209D294461B051B0D6444E41A094BF7
:109F90009C4207D820000D30FFF71EFD00234460CF
:109FA000836010BD1C0020000D30F5E70248FFF76C
:109FB0005BFDC046FCFFFF3F305B0210F8B50C1A9A
:109FC000060000212000FFF7C7FF070005000C373F
:109FD000012C09D0220031003800F8F73FFF084B70
:109FE0009D4206D13800F8BD33780373044B9D427F
:109FF000F8D000232C602C19AB602373F2E7C04625
:10A00000504A002010B5FEF723FE10BD10B588425F
:10A0100004D0002804D0FFF7D1FF10BD0248FCE7B0
:10A020000248FFF709FDC0465C4A0020045B0210AD
:10A0300070B505000C00160000290BD0080008F0D0
:10A040003DFA2118320000232000FFF7DFFF2860CF
:10A05000280070BD01214942F4E7C04670B50500F3
:10A060004F2919D80D4C880020588746002A13D054
:10A07000002B11D06C69A86984420DDA2E69200189
:10A08000B44600266044013446606C610170826011
:10A09000C36070BD002AEDD10020FAE7485B0210D2
:10A0A00010B5C3680A00197852290DD04F2901D084
:10A0B000100010BDC16A0331C16220210133C360A9
:10A0C0000023FFF7CBFFF4E7C16A0231C1621F2111
:10A0D000F4E7C046F8B506000F00141E09D0104D75
:10A0E00023784F2B05D89B00EB589F46E468002C43
:10A0F000F6D1F8BDA468FAE7A2681378052B03D15E
:10A100003B6801333B60A26839003000FFF7E2FF93
:10A11000E468ECE7336801333360A268F4E7C046D3
:10A12000885C0210F0B5D6464F4646460400C0B5DE
:10A13000002A2BD08F180022802392460D32FF3246
:10A140005B009146043AC3580D0090460AE019009E
:10A15000013380225200A350013504326654A654C4
:10A16000BD4213D02E78FF2BF1D15246E2544B461C
:10A17000E2584346FF21E3582000984794225200BA
:10A18000A35800210133A3500123E2E71CBC9046F1
:10A190009946A246F0BDC046F8B5CE46474680B5C2
:10A1A0000468050023786E2B2CD01A00303A092A57
:10A1B00033D800229146984601340027184E07E014
:10A1C000301A0A2190460134F7F77EFBB84216DBBD
:10A1D0002C60BB002278DB195B00100043441F0099
:10A1E0003038C1B2303F0929EAD94A46002A01D0A5
:10A1F0003027FF1A38000CBC90469946F8BD01275D
:10A200007F42F7E7621C0260637819003039092940
:10A2100003D8140001229146CDE70027EAE7C046A3
:10A22000FFFFFF7F4369826910B593420FDA02692D
:10A230001C0194460022644401336260436141235F
:10A240000C302370FFF7A8FFA060200010BD002491
:10A25000FBE7C04610B5C36804001A785F2A0DD02A
:10A260006E2A0DD00C30FFF797FF013008D4E36859
:10A270001A785F2A04D10133E36010BD0020FAE7A9
:10A2800001204042F9E7C04610B5C36804001A78BF
:10A29000542A15D10133C360FFF7DCFF021E0FDB28
:10A2A0006369A1698B420BDA216918018C46002190
:10A2B000604401334160636105238260037000E004
:10A2C000002010BDF0B5C646040000B50C30FFF705
:10A2D00063FF051E46DDE7686368DB1B98423FDCD1
:10A2E000A2683B18E360520702D51A78242A3BD0B3
:10A2F000A36966699846092D14DCB34230DD2369F1
:10A3000030019C4600236044013643606661002FA3
:10A3100026D00023876043600370C560A06204BC40
:10A320009046F0BD08222049380008F0C9FD0028F9
:10A3300006D13B7A2E2B1FD05F2B1DD0242B1BD098
:10A34000B0450DDD236930019C4600236044436025
:10A35000002301366661436003708760C560DDE7F6
:10A360000020DBE70020DAE70133E360A3696669D8
:10A370009846092DC1DDD5E77B7A4E2BE0D1E36A03
:10A3800016335D1BE562B045EADD236930019C466A
:10A39000002360440136666143600370034B8360B1
:10A3A0001523C360BAE7C046C06C0210CC6C021023
:10A3B00070B5C36804001A780D00866A422A0FD16E
:10A3C0000133E3602000FFF77DFF2A0003004B21EB
:10A3D0002000FFF743FEE36805001A78422AEFD019
:10A3E0002800A66270BDC046F0B5C64600B5C36879
:10A3F00004001A78532A35D15A1CC2605A78002AB0
:10A4000034D09A1CC2605A785F2A47D01300303B80
:10A41000D8B2092840D91500413D0020192D13D983
:10A4200024E0C3001B189B009B18303B984219D8AE
:10A43000E1680A78002A04D04A1CE2600A785F2AA0
:10A4400034D018001300303BDBB2092BE9D91300DC
:10A45000413B192B06D8C3001B189B009B18373BA8
:10A460009842E5D9002004BC9046F0BD0823A068BE
:10A4700003401D00681E8541002B01D1002917D122
:10A48000324B74211800C43000E01978914216D084
:10A490001C338342F9D1E5E70020D5E70023226A87
:10A4A0009A42DFD9E2699B009858DCE70133F6E76E
:10A4B000E3681B78433B012BE2D80D00E0E75E69BF
:10A4C0006269A069002E11D09969884682423BDA00
:10A4D00027691101BC460027614401324F60626167
:10A4E0008E60464618370F70CE60A162002D26D0D0
:10A4F000DE681D69E36A5B19E362824222DA23693E
:10A5000010019C46002360444360013218336261AD
:10A5100003708660C560E3681B78422BA3D10100FD
:10A520002000FFF745FF00289CD0236A626A93420F
:10A5300098DAE1699A0001335050236293E75E682C
:10A540009D68D7E70020E6E70021CEE728650210E6
:10A5500070B50400002908D1C3681A78002A01D117
:10A56000002070BD5A1CC2601978682917D076295E
:10A57000F6D125000C352800FFF70EFEE3681A78A7
:10A580005F2AEDD10133E3602800FFF705FEE368A1
:10A590001A785F2AE4D10133E3600120E1E720006B
:10A5A0000C30FFF7F9FDF2E710B5C36804001A7824
:10A5B0005F2A0AD15A1CC2605A780C305F2A06D032
:10A5C000FFF7EAFDC043C00F00E0012010BD0233D9
:10A5D000E360FFF7E1FD00280ADB0928F5DDE36809
:10A5E00000201A785F2AF1D10133E3600130EDE7F2
:10A5F0000020EBE7002813D003782F2B10D100297F
:10A6000005DC09E003782F2B0AD1002906D0C068A9
:10A6100001390028F6D17047002901D18068FAE796
:10A620000020F8E7882252000300805810B5002867
:10A6300007D043680968D868002901DBFFF7DAFF13
:10A6400010BD012108329950FAE7C04670B50600E6
:10A650000C1E0FD00E4D23784B2B02D89B00EB58CD
:10A660009F46A1683000FFF7F1FF002803D1E4689E
:10A67000002CF0D1002070BD210030000831FFF720
:10A68000D1FF0028F6D003782F2BF3D1F3E7C04693
:10A69000C85D0210F0B514005268C64694464B1CC3
:10A6A000A568634400B580460E00E768AB4215D844
:10A6B000002F10D16268236894466344320018006A
:10A6C0004146F8F7CBFB236862689B199F54636887
:10A6D0009C466644666004BC9046F0BD002FFAD1EB
:10A6E000002D02D1022B16D902356D00AB42FCD8E9
:10A6F00029002068F8F774FB071E03D02060A560CE
:10A70000E768D5E72068F8F78BFB012327606760CF
:10A71000A760E360DFE70225EAE7C046F8B5C26854
:10A72000050013784C2B13D1531CC36051785F295B
:10A7300054D05A290ED10133EB600021280001F0DA
:10A740000DFBEB681A78452A02D10133EB6000E07B
:10A750000020F8BD00F0A0FC0028F9D00378272BDA
:10A7600033D0EE683C2133786E2B28D0452B3ED079
:10A77000002BEDD0731C02E00133002CE8D0EB601D
:10A780001C78452CF8D19C1B6A69AB699A422CDA7B
:10A790002F691301BC460027634401325F606A6180
:10A7A000002E22D0002C20D05F601F709E60DC60E5
:10A7B00002002800FFF752FCEB681A78C3E7721C0E
:10A7C000EA60737801311600D0E783681A7C002AAA
:10A7D000C7D05B68EA6AD31AEB62C2E7931CC36016
:10A7E000927800205A2AAED1A5E70023E0E70024A2
:10A7F000CAE7C046F0B5C64600B5C2680400137883
:10A800004C2B00D1DFE0542B00D1E0E0732B54D06F
:10A81000662B31D01900303909290ED8200001F0FB
:10A820005BF9051E00D1CCE0E3681A78492A00D113
:10A83000D1E0280004BC9046F0BD6F2B4FD0692BAF
:10A8400000D0AFE053786C2B00D1E6E0200000F0A0
:10A850006FFF051E00D1B4E00378312B45D0322BB9
:10A8600000D126E1332B00D0ABE0E3681A785F2AF1
:10A8700000D117E10026F8E05378702BE6D1931C45
:10A88000C3609378542B00D125E1FFF7E3FC43002C
:10A890000130023300D194E06369A269934200DB86
:10A8A0008FE022691D0194460022654401336A60ED
:10A8B00063610623A8602B70BBE75378722B00D12D
:10A8C00096E0702BC2D10232C260FFF793FF0023E3
:10A8D00002004A212000FFF7C1FB0500A9E75378D9
:10A8E0006E2BB3D10232C26098E7E26A8368944665
:10A8F0001F6898469B68C249023B6344E362380084
:10A9000007F098FD002800D1EDE04346DE68012EF7
:10A9100000D19EE000DCDAE0022E00D1EBE0032E55
:10A920004FD1002F4DD0B749380007F083FD0028E4
:10A9300000D117E13B78662B00D140E16E2B40D16E
:10A940007B78772B01D0612B3BD15F21200000F079
:10A9500063F90600200000F09FFBE36807001A7807
:10A96000452A00D148E1702A00D139E1692A28D16D
:10A970005B786C2B25D12000FFF73CFF03003A00E9
:10A980003B212000FFF76AFB320003003A21200040
:10A99000FFF764FB2A00030039212000FFF75EFB6C
:10A9A000050046E7742B00D050E753786C2B00D09D
:10A9B0004CE7200000F070FBE26805005378002BA4
:10A9C0002CD1002535E7FFF7A9FE050031E7FFF799
:10A9D0005BFC05002DE70133E360200000F056F931
:10A9E0002A00030004212000FFF738FB050020E7C0
:10A9F0000232C26000F050FB0500200001F06CF84C
:10AA0000E36806001A78492A16D003002A000121BB
:10AA10002000FFF723FB05000BE700250232E26070
:10AA20004521200000F0F8F82A0003003021200022
:10AA3000FFF714FB0500FCE60133E360200000F0A3
:10AA400025F93200030004212000FFF707FB030073
:10AA5000DCE73B78702B1BD06D2B19D000266A49A0
:10AA6000380007F0E7FC002839D02000FFF7C2FECD
:10AA7000002E05D00300020038212000FFF7EEFA77
:10AA800003002A0036212000FFF7E8FA0500D0E68F
:10AA90007A789A42E2D1E3681A785F2ADFD10133EB
:10AAA000E360DBE70133E3604521200000F0B4F808
:10AAB000E6E78368012B1AD083DC002B81D12A00C2
:10AAC000002335212000FFF7C9FA0500B1E6002E6A
:10AAD000F5D00025ADE60332C2600020DCE62000A0
:10AAE00000F0D4F8C4E7200000F0D6FAC8E7200050
:10AAF000FFF780FEC4E7002F00D162E743461B68E2
:10AB00005A78632A3ED03B78662B4ED02000FFF760
:10AB100071FE80463D49380007F08CFC00283ED08D
:10AB20003B49380007F086FC002805D03949380039
:10AB300007F080FC00283DD1200000F0CDFFE36845
:10AB400006001A78492A3ED03300424638212000B8
:10AB5000FFF784FA2A00030037212000FFF77EFA6E
:10AB6000050066E62000FFF745FE06002000FFF71F
:10AB700041FE07002000FFF73DFE031E00D0FEE669
:10AB8000002556E61B781A00633A012A02D9723B67
:10AB9000012BB8D8200000F07FFA8046BAE74521A3
:10ABA000200000F039F80600CEE7200000F0C0FDDC
:10ABB0008046AFE72000FFF71DFE0600C4E7200037
:10ABC00000F0B6FDD1E70133E360200000F05EF84D
:10ABD0003200030004212000FFF740FA0600B3E72B
:10ABE0005A78692A00D0ECE60233E3604521200060
:10ABF00000F012F80300C2E60133E3600023BEE672
:10AC0000FC710210F46C0210E46C0210E86C02108B
:10AC1000EC6C0210F06C0210F0B5C64600230F0079
:10AC2000012100B582B00193C36804001A7801AD18
:10AC30008846BA420FD120E0020000232E212000D6
:10AC4000FFF70CFA286000280ED0E3680C301A7861
:10AC50000500BA420DD04346266B20002363FFF760
:10AC6000C9FD26630028E7D1002002B004BC90464D
:10AC7000F0BD0133E3600198F7E70133C3600022C0
:10AC800000232D31FFF7EAF9EFE7C046F0B5C646DD
:10AC900000B5836AC2689846137882B00400452BD9
:10ACA00042D0002101AD0191012616E0493B012B64
:10ACB0002BD8200000F040F800282AD00200002302
:10ACC0002F212000FFF7CAF92860002821D0E26870
:10ACD0000C3013780500452B20D04C2B11D0E5D932
:10ACE000582B12D10132276BE26026632000FFF758
:10ACF00081FDE36827631A78452A0AD10133E360AE
:10AD0000DAE72000FFF70AFDD6E7200000F0C4F9DB
:10AD1000D2E7002002B004BC9046F0BD43460132A9
:10AD2000E260A3620198F5E70132C26000230022CD
:10AD30002F21FFF793F9EDE710B5C26801001378F2
:10AD40000020493B012B04D80132CA600800FFF7FC
:10AD50009DFF10BDF0B5CE46474680B5C26883B0B2
:10AD600013780400532B00D186E034D9552B00D141
:10AD7000C9E05A2B00D0BDE00132C260002100F0D2
:10AD8000EDFF061E71D0E3681A78452A6DD15A1C72
:10AD9000E2605A78732A00D14EE1642A00D1E1E0E2
:10ADA0002000FFF7D7FF051E09D002220378934346
:10ADB000452B04D02000FFF7F7FB002855D033784F
:10ADC000032B00D10AE12B00320002212000FFF703
:10ADD00045F905004AE04E2B00D08BE00132C260FD
:10ADE00001A9012200F076FD071E3ED000212000BF
:10ADF000FFF756F90123804600269946E268157848
:10AE0000002D30D0442D00D18AE02B00303BDBB246
:10AE10001C2B00D994E09D49D9404B468B4300D070
:10AE2000E4E0200000F058FE002E00D184E0012173
:10AE3000030032002000FFF711F90600E2681178E4
:10AE4000532D0ED0452900D187E0002E0BD0236A68
:10AE5000616A8B4207DAE069990001330E50236280
:10AE600011780D00CCE700233B600025280003B0DB
:10AE70000CBC90469946F0BD5378742B47D10232F2
:10AE8000C26043698269934200DBD3E002691D011D
:10AE9000944601334361002365446B602B707C4B07
:10AEA000AB600323EB60200000F016FE2A000300D5
:10AEB00001212000FFF7D2F8E36A05000333E362C3
:10AEC000E3681B78492BD1D1002DCED0236A626A6A
:10AED0009342CADAE1699A00013355502362200097
:10AEE000FFF72AFF2A00030004212000FFF7B6F82D
:10AEF0000500BBE7200000F0EFFDE36805001B78CC
:10AF0000492BB3D1E0E700F0E7FD0500AEE70021F3
:10AF1000FFF76AFAE36805001B78492BA6D1DEE744
:10AF20005378202220009343542B18D000F0D4FDF6
:10AF30000121002E00D07BE7E2680600117881E74E
:10AF40002B00613BDBB2192B37D8200000F0C4FD89
:10AF5000002E00D06BE7060070E7452555E700F0AE
:10AF60009BF8E5E70233E3602000FFF773F98046C2
:10AF7000002800DA79E72000FFF7ECFE071E0AD070
:10AF8000022203789343452B05D02000FFF70CFBEA
:10AF9000002800D169E76369A269934266DA2269F1
:10AFA0001D0194460022654401336A6063614623B3
:10AFB0002B704346AF60EB6001E7552D00D130E7C1
:10AFC000532D13D101212000FFF70EFA002E00D0DF
:10AFD0002DE7E268060011780D0011E7F3681A7892
:10AFE000292A00D0EFE600229A60ECE6492D3FD0F6
:10AFF000542D47D0452D0BD04D2D00D033E7002EDA
:10B0000000D130E7531CE36051781A000D00F7E6D9
:10B010003E60002E00D128E74346002B02D0019964
:10B02000019399601378452B00D01EE70132E2604E
:10B03000019D1BE7002536E70233E3602000FFF7A0
:10B04000B3FA002800D110E76369A26993420DDAD0
:10B0500022691D01944601336361002365446B60DE
:10B060002B700C4BAB600E23EB60A8E60025A6E628
:10B07000002E00D1F7E60132E2602000FFF706FE65
:10B080000421D5E62000FFF7FFF851E7FF03081081
:10B09000086D0210F86C0210F0B5C64600B5C26823
:10B0A00082B013780400722B0ED0562B0CD04B2B91
:10B0B0000AD0442B53D019003039C9B24A2944D898
:10B0C000BB48890041588F46002201A9200000F0AA
:10B0D00001FC061E39D0E36820001B78462B3AD0CD
:10B0E000FFF7DAFF306000282FD00378019D1F3B67
:10B0F000012B05D883688560326801923360019D19
:10B10000002D22D0236A626A93421EDAE1699A0016
:10B1100001335550236219E00123256B200023637E
:10B12000FFF768FB25630200002342212000FEF7A1
:10B1300095FF051E019008D0E3681A78002A04D014
:10B140005A1CE2601B78452B47D00025280002B02E
:10B1500004BC9046F0BD00F09FFC3060C3E753781C
:10B160002021180088434F28AED0773B012BABD964
:10B17000531CE3605378002BE7D0931CE3605378B3
:10B18000463BDBB2302BE0D88A499B00CB589F4628
:10B19000613B9900CB1888499B005B18A0696169E5
:10B1A000814200DBAAE220690D018446002065444B
:10B1B00001316860616127212970E16AAB608C46CA
:10B1C0005B6801326344E362E260BFE72000FFF79F
:10B1D000C1FD05000190002DB7D0236A626A934239
:10B1E000B3DAE1699A00555001332362019DADE75E
:10B1F0000132E2602000FFF74FFF0023020025210B
:10B200002000FEF72BFF05000190E4E70132E26029
:10B210002000FFF757F80023020028212000FEF746
:10B220001DFF05000190D6E7200000F035FC050069
:10B230000190D0E70132E2602000FFF72DFF0023EC
:10B24000020026212000FEF709FF05000190C2E759
:10B250000132E2602000FFF71FFF002302002421DB
:10B260002000FEF7FBFE05000190B4E70132E2602A
:10B270002000FFF711FF0023020022212000FEF72B
:10B28000EDFE05000190A6E70132E2602000FFF725
:10B2900003FF0023020023212000FEF7DFFE05004C
:10B2A000019098E753781A00303A092A05D95F2BA4
:10B2B00003D0413B192B00D9E5E100212000FFF725
:10B2C00093F8E36801901A780500492A00D03DE719
:10B2D0000133E3602000FFF7D9FC03002A000421BA
:10B2E0002000FEF7BBFE0500019074E72000FEF78A
:10B2F000CBFFE668019033780500492B00D06AE760
:10B30000636B002B00D0CAE1002800D11DE7236A3F
:10B31000626A934200DB18E7E1699A0001335050FA
:10B32000236232780023493A012AD7D80136E660F1
:10B330002000FFF7ABFC0300D0E70132E260200001
:10B34000FEF7C0FFE36801901A780500492A00D192
:10B350007FE12000FFF7A0FE019B020021212000D9
:10B36000FEF77CFE0500019035E70132E260200027
:10B37000FFF792FE051E00D1E7E62000FFF78CFEE6
:10B38000031E00D1E1E62A002B212000FEF766FE15
:10B39000050001901FE7551CE56053785F2B00D135
:10B3A00055E1303B092B00D960E1280007E0C04699
:10B3B000F85E0210246002102C6A02100800411C82
:10B3C000E1604378303B092BF8D96369A2694F1BD0
:10B3D000934200DBB9E622691E01944600226644CE
:10B3E000013372606361002F00D1AEE6726032708B
:10B3F000B560F76043780D005F2B00D0A5E60135FE
:10B40000E5602000FFF748FE320003002A212000FB
:10B41000FEF724FE05000190DDE693785F2B00D156
:10B4200061E12000FEF7FEFE0500002D00D18CE654
:10B43000E3681A785F2A00D087E60133E3602000D2
:10B44000FFF72AFE2A0003002D212000FEF706FE4A
:10B4500005000190BFE66369A269934200DB4DE1FC
:10B4600022691D0194460022654401336A606361CC
:10B4700027232B70A54BAB60E36A0833E36265E6D4
:10B480006369A269934200DB38E122691D01944699
:10B490000022654401336A60636127232B709C4B53
:10B4A000AB60E36A0433E36250E66369A2699342E6
:10B4B00000DB23E122691D0194460022654401332B
:10B4C0006A60636127232B70924BAB60E36A093398
:10B4D000E3623BE66369A269934200DB0EE1226905
:10B4E0001D0194460022654401336A60636127238D
:10B4F0002B70894BAB60E36A0A33E36226E663692B
:10B50000A269934200DBF9E022691D019446002202
:10B51000654401336A60636127232B707F4BAB6006
:10B52000E36A0933E36211E66369A269934200DBCF
:10B530000BE622691D0194460133636100236544D3
:10B540006B602B70764BAB600E23EB60FEE563699E
:10B55000A269934200DBF8E522691D01944601339C
:10B560006361002365446B602B706E4BAB600423FA
:10B57000EB60EBE56369A1698B4200DBC2E0206907
:10B5800019018446002061440133486063612C2323
:10B5900001910B7093780922303BDBB29A42404113
:10B5A0008881092B03D820000C30FEF7F5FD200020
:10B5B000019DFFF771FD019BA8609B68002B00D1E6
:10B5C000C3E520000C30FEF7E7FDE2681378002B9E
:10B5D00002D0531CE3601378733B5A425341019DE0
:10B5E000EB81B3E56369A269934200DB86E02269DF
:10B5F0001D0194460022654401336A60636127237C
:10B600002B70494BAB60E36A1133E3629EE56369DB
:10B61000A269934272DA22691D01944600226544B0
:10B6200001336A60636127232B70404BAB60E36A90
:10B630000833E3628AE52000FFF72EFD00230200B5
:10B640004A212000FEF70AFD05000190C3E500260F
:10B65000D5E60133E3602000FFF718FB2A00030062
:10B6600004212000FEF7FAFC019072E60123256B0D
:10B6700020002363FFF7BEF82563061E00D164E5B2
:10B68000E1680B78B7E62000FFF764FB051E019028
:10B6900000D15AE50378182B00D09EE556E5636982
:10B6A00020009846731CE360276AE56AFFF7EEFA0C
:10B6B000E3681A78492A06D04346E562E66063618A
:10B6C0002762019D87E5019A002A00D13DE5216AA4
:10B6D000636A994200DB38E5E5698B0001315A5114
:10B6E00021620300FBE503325E3B266BE2602363CD
:10B6F0002000FFF77FF82663050096E600230193FC
:10B700009B68FFDE00231B70FFDEC046846C0210C6
:10B71000706C0210346C02105C6C0210486C0210E9
:10B72000146D02100C6D0210AC6C0210986C0210BB
:10B73000F0B5C64600B5C36880461E78002E1DD100
:10B7400000239C46432500213E4F6A1AD30F9B18C5
:10B750005B105B181A01BA1814682078B04207D041
:10B760000AD91D00A942F0D1002004BC9046F0BDCA
:10B770006078604532D0F4D8591CF3E75A1CC26097
:10B780005A781E789446002A25D09A1CC2605B78AD
:10B790009C46762E36D11D00303DEBB2092BD1D818
:10B7A000FEF790FD434641465B69896902008B4282
:10B7B000DADA4146096944468C46002118016044A2
:10B7C000013341606361002ACED0322341600370AF
:10B7D0008560C260C9E7762EB4D0B1E743464146E2
:10B7E0005B6989698B42BFDA4146096918018C4659
:10B7F000002160444160414601334B613123826046
:10B800000370B2E7632E9DD1762B9BD1036B456B02
:10B810005A4253414363FFF73FFC43465B6B002BA7
:10B8200008D00200002334214046FEF717FC4346AF
:10B830005D639AE70200002333214046FEF70EFCC9
:10B84000F5E7C046EC650210002330B5C26883B04E
:10B85000019313780400002B2CD0452B2AD02E2BDB
:10B8600028D001AD19E04F2B19D02000FFF714FCB0
:10B8700000281FD0020000232E212000FEF7EEFB3F
:10B880002860002816D0E2680C3013780500002BE1
:10B8900008D0452B06D02E2B04D0522BE3D1537861
:10B8A000452BE2D10198002804D0C368002B03D0B7
:10B8B00003B030BD0020FBE7826811782729F7D15B
:10B8C0009268117C0929F3D15268E16A8A1AE2620E
:10B8D0008360EDE7F0B557464546DE464E46E0B597
:10B8E0001700C2680C0083B0050013781B21002FDD
:10B8F00000D01E21C9B28A461A21002F00D01D2176
:10B90000C9B289461921002F00D01C21C9B288462E
:10B91000202126008B46722B1CD0562B1AD04B2B85
:10B9200018D0442B0BD0002F01D1462B59D030001A
:10B9300003B03CBC90469946A246AB46F0BD517858
:10B9400008008C46594688434F2803D06146773912
:10B950000129E8D8511CE960722B13D0562B28D04E
:10B960004B2B20D05378002B39D0931CEB605378AD
:10B97000782B49D06F2B22D1EB6A4E210933EB6231
:10B98000002304E0EB6A41460933EB620023002206
:10B990002800FEF763FB3060002820D0EA680830FA
:10B9A00006001378B7E7EB6A51460633EB620023D3
:10B9B000EDE7EB6A49460933EB620023E7E74F2BDB
:10B9C00034D1EB6A28000933EB622B6B019301231E
:10B9D0002B63FEF70FFF019A031E2A631ED1002678
:10B9E000A5E7A642A3D01D201E211C2204E0192B8E
:10B9F00012D00834A6429AD0246823781A2B09D092
:10BA00001B2BF4D12170F4E7EB6A4C211133EB626C
:10BA10000023BCE72070ECE72270EAE7EA681178BF
:10BA20004529DCD10132EA600931B0E7772BD6D164
:10BA3000EB6A28000633EB62FFF706FF031ECED049
:10BA4000EA6811784529CAD10132EA600A319EE7D5
:10BA500070B5C36804001A784A2A1AD0002910D099
:10BA60002000FFF719FB051E11D02000FFF7ECFEA8
:10BA700000280CD003002A0029212000FEF7EEFA4E
:10BA800070BD20000025FFF7DFFE0028F2D1002066
:10BA9000F6E70133C360E3E710B5C36804001A7822
:10BAA000462A16D15A1CC2605A78592A0ED0012152
:10BAB0002000FFF7CDFF01002000FEF7F1FAE36858
:10BAC0001A78452A05D10133E36010BD0233C36003
:10BAD000EDE70020F9E7C04670B5C26804001378AE
:10BAE0001900303909294BD919006139192910D8A1
:10BAF0006F2B00D177E02000FFF71AFE051E02D061
:10BB00000378312B49D0E3681B78422B3FD02800C3
:10BB100070BD1900433901296CD94C2B55D0552BD8
:10BB20005FD153786C2B00D1A3E0742B59D1531CF7
:10BB3000C36053780025742BE7D10232C260FEF750
:10BB400089FB0028DFDB6369A269934200DBF8E030
:10BB500022691D0194460022654401336A606361D5
:10BB60004723616A2B70236AA860E2688B4200DB7E
:10BB7000AFE0E069990001330D5023621378C4E708
:10BB8000FEF7A0FBE36805001B78422BBFD129001C
:10BB90002000FEF70DFC0500B9E78268E36A9168B2
:10BBA00007338C466344E3621068694906F042FC3F
:10BBB0000028A8D12000FEF785FB2A0003003621CB
:10BBC0002000FEF74BFA05009DE70132C260FEF748
:10BBD00079FB051E05D02000FEF7E6FC002800D00A
:10BBE00091E7002593E753786E2B00D083E702326C
:10BBF000C26080E7816A002904D0087800280CD050
:10BC000018280AD0442B67D15378303BDBB2052B80
:10BC1000E7D850489B00C3589F46C868E36A8446EB
:10BC20006344E3621378432B56D0442BECD00025B9
:10BC30006BE70126931CE360A069636983427DDAA8
:10BC400020691D01844600206544013368606361FA
:10BC5000002973D0082368602B702E72E9609378F6
:10BC600053E70526E6E70426E4E70326E2E7022693
:10BC7000E0E7531CC360537800256C2B00D044E7E9
:10BC80000232C260FFF7E0FD061E00D13BE7E2682A
:10BC90001378452B00D038E70132E2602000FEF730
:10BCA000D9FA00284DDB6369A169E2688B4210DA9A
:10BCB00021691D018C46002165440133696063617F
:10BCC0004523616A2B70236AAE60E8608B4200DA1C
:10BCD0004FE71378002518E75378492B1DD0313BE7
:10BCE000DBB2042B00D97CE71B480232C65CE26061
:10BCF0006369A0698342ECDA20691D018446002053
:10BD000065440133686063610029E2D007236860FD
:10BD10002B702E72E9601378F7E6531CE36093787A
:10BD2000313BDBB2042B10D80B490332E260200018
:10BD3000CE5CFFF7B1F9A16AE268D9E793780025F4
:10BD4000E3E6E36800251B78DFE653780025DCE6B0
:10BD5000246D0210E860021020650210F8B5CE468E
:10BD6000474680B5C36804001A780E00472A01D000
:10BD7000542A18D1E16A0A001432E2621A78542A6D
:10BD80002BD0472A5CD15A1CE2605A78002A57D03F
:10BD90009A1CE2605A78413AD2B2312A50D8C0494E
:10BDA00092008A589746FEF7D5FF051E48D0002E10
:10BDB00023D0A368DB0720D42B784C2B45D01A0066
:10BDC0004C2B3FD81C3A042A3FD9022B00D1E3E088
:10BDD00028000CBC90469946F8BD5A1CE2605A787F
:10BDE000002A2DD09A1CE2605B78433BDBB2332BF8
:10BDF00026D8AC4A9B00D3589F46E3681B78002B9B
:10BE0000E6D0452BE4D02A001378202B1FD81C2B1A
:10BE100037D2022B00D1BBE1042B1ED19368002B3B
:10BE20000BD01978082900D9AEE1072915D20139BC
:10BE3000012902D8DB68002BF3D101210EE0E56077
:10BE40000025C5E74E3A012ABFD8AD68B4E74C2BB0
:10BE500017D002D34E3B012B13D900212000FFF74E
:10BE6000F7FD0028ECD0002E03D12B78022B00D157
:10BE700094E103002A0003212000FEF7EFF80500FB
:10BE8000A6E79268002ABFD1E7E72000FEF762FF2D
:10BE900005002000FEF7C6F92A0003001621200045
:10BEA000FEF7DCF8050093E79A7800212000002ACD
:10BEB00005D0DA1CE2609B786E2B00D17AE1FFF7A7
:10BEC0004DFF0023020048212000FEF7C7F80500BF
:10BED0007EE72000FEF73EFF002302001321200032
:10BEE000FEF7BCF8050073E720000C30FEF754F9AC
:10BEF0000128A5DDE3681A78002AA1D05D1CE56061
:10BF00001B785F2B9CD10023994640330022984632
:10BF1000461E2B78002B93D0242B00D013E16B7896
:10BF2000532B00D138E15F2B00D133E1242B87D193
:10BF30002420E36861699D1CA369994200DB7EE7C8
:10BF400027690B01BC464F46634401315F60616164
:10BF5000414698601970023EE560002A00D111E167
:10BF60003F212000FEF77AF8021E00D168E7002E7C
:10BF7000CFDC00233E212000FEF770F8050027E704
:10BF800000212000FFF7EAFE002302001721200015
:10BF9000FEF764F805001BE7EA6813784C2B06D01F
:10BFA0004C2B00D9CAE01C3B042B00D910E7926847
:10BFB000EA6013784C2BF3D1F9E72000FFF76CF817
:10BFC000050020000C30FEF7E7F8002800DA37E71C
:10BFD000E3681A785F2A00D032E70133E36020007B
:10BFE000FFF75AF8E36A02000533E3620B212B00E6
:10BFF0002000FEF733F80500EAE668212000FEF78E
:10C00000A7FA002800D11BE700212000FFF7A6FEB9
:10C01000002302000F212000FEF720F80500D7E6DC
:10C0200000212000FEF794FA002800D108E7002143
:10C030002000FEF78DFA002800D101E70021200042
:10C04000FFF78CFE0023020011212000FEF706F806
:10C050000500BDE62000FEF77DFE0023020015214D
:10C060002000FDF7FBFF0500B2E60F31E162200082
:10C07000FFF712F80023020009212000FDF7EEFF70
:10C080000500A5E60A31E1622000FFF705F800236C
:10C0900002000A212000FDF7E1FF050098E6C046F6
:10C0A00000610210C86102102000FEF7F5FF0023B6
:10C0B00002000D212000FDF7D1FF050088E62000D9
:10C0C000FEF7EAFF0023020012212000FDF7C6FF61
:10C0D00005007DE62000FEF7DFFF002302000C21B3
:10C0E0002000FDF7BBFF050072E62000FEF732FEE0
:10C0F0000023020014212000FDF7B0FF050067E6D1
:10C100002000FEF7C9FF002302000E212000FDF7EA
:10C11000A5FF05005CE676212000FEF719FA00284D
:10C1200000D18DE600212000FFF718FE0023020059
:10C1300010212000FDF792FF050049E64E3B012B40
:10C1400000D945E633E7002104E06B5C002B04D006
:10C15000242B02D00131B142F7DB6069A369984218
:10C1600022DA27690301BC464F46634401305F6011
:10C170006061E0689D6045185F601F70D960761A45
:10C18000E560EAE61A00F2E634394B1E994165E6AD
:10C19000D26877E62E20CCE62F20CAE60378292B3A
:10C1A00000D066E6866064E6E36800259C4661444C
:10C1B000E1600DE6FFF7D2FD0023020049212000D7
:10C1C000FDF74CFF050003E6F0B54E464546DE465A
:10C1D0005746E0B504009BB00E00151E26D05168EE
:10C1E000012923DC8E22520083588020C000834224
:10C1F0001CDC481C6860581CA05006AA9346962078
:10C200005F464000225827501438205806957A601F
:10C210008246002800D09DE0287801904F2801D95F
:10C2200001F069FDDA4F8000385887468C230122DF
:10C230005B00E2501BB03CBC90469946A246AB4620
:10C24000F0BDAA6893681B685978632901D102F090
:10C2500004FF2B0031000C33200004F093FC071E78
:10C2600001D003F0A6F8AB681A78312A01D103F0A7
:10C270009DF9C84A9B6811001868904606F0DAF8E4
:10C28000EB689A68002804D11378032B01D103F0DE
:10C2900016FB3100200004F021FCAB68BE49994632
:10C2A0009B681B6818009A4606F0C4F8071E01D068
:10C2B00003F0B3F980235B00E1589846FF290ED1C3
:10C2C0008622605408335200E358A2582000984751
:10C2D000942243465200E750A3580133A3508027CD
:10C2E0007F00E2593100531CE3515B23A3548222A7
:10C2F0005200A354EB682000DA68FFF765FFE159AC
:10C30000FF290FD100268423862266545B00520049
:10C31000E358A2582000984794225200A358E651AF
:10C320000133A35080235B00E258511CE150A33B32
:10C33000A35482225200A354AB681A78312A01D147
:10C3400003F0E0F95B465A686B68591E8E235B0068
:10C35000E358013B9620400022508E225200696033
:10C36000A35067E7AA6831002000FFF72DFF0822DD
:10C3700080239246183290462A00884F5B0045463B
:10C38000E358BA4490460FE01A0001338021490077
:10C390006350A5548222013752008946A554BA45FC
:10C3A00001D101F0A7FF3D78FF2BEDD10022E2542F
:10C3B00086235B00E358FF21019384235B00E3584D
:10C3C000019A20000293984794225200A358013307
:10C3D000A35001230022D9E7A9682000FEF736F90F
:10C3E000002300220193002801D103F0BFF9037854
:10C3F0002F2B01D002F0CEF88368002B01D102F080
:10C40000C9F8C06801320028F1D1AB6801920293EB
:10C41000019B5746013B03930496059505E0019B5C
:10C420000137BB4201DC02F08EF892235B00E7503B
:10C43000029A04992000FFF7C7FE039B9F42EEDAA1
:10C44000574D8023AA1C9046862252005B009246DC
:10C45000043AE3582C2691460BE019000133802260
:10C460005200A350013504326654A654A845D6D0D4
:10C470002E78FF2BF1D10022E2545346E2584B466E
:10C48000FF21E3582000984794225200A35800212E
:10C490000133A3500123E2E7192291465532904619
:10C4A00080239E3292462A003E4F5B004546E35869
:10C4B000B94490460EE01A000133802149006350D0
:10C4C000A55482225200A554B94501D101F0A5FD21
:10C4D0003D780137FF2BEED10022E25484235B002C
:10C4E000E358FF21019353462000E258019B9847EF
:10C4F00094225200A3580133A35001230022DCE709
:10C50000AA6831002000FFF75FFE274F80237A1DC5
:10C5100092465B2290462A005B004546E3589046CF
:10C520000FE01A000133802149006350A554822294
:10C53000013752008946A554BA4501D101F007FFE1
:10C540003D78FF2BEDD10022E25486235B00E358B7
:10C55000FF21019384235B00E358019A200002939A
:10C56000984794225200A3580133A350012300227C
:10C57000D9E7152291465F32904680239832924641
:10C580002A000A4F5B004546E358B94490461EE036
:10C5900098620210E86C0210EC6E0210A06F02109C
:10C5A000C06E02108D6E0210286D0210916E021086
:10C5B0001A000133802149006350A55482225200A1
:10C5C000A554B94501D101F020FE3D780137FF2B7C
:10C5D000EED10022E25484235B00E358FF21019353
:10C5E00053462000E258019B984794225200A358DA
:10C5F0000133A35001230022DCE70E228023914661
:10C60000D74E5B00FA32E358B1447B2792460FE0E5
:10C610001A000133802149006350A7548222013659
:10C6200052008846A754B14501D101F0FEFD37788C
:10C63000FF2BEDD10022E25486235B00E358FF215B
:10C640001A00019353462000E35898479422520061
:10C65000A3580133A35001230022DBE708228023E3
:10C660009246733290462A00BE4F5B004546E3581F
:10C67000BA4490460FE01A0001338021490063500C
:10C68000A5548222013752008946A554BA4501D1EA
:10C6900001F010FD3D78FF2BEDD10022E2548623FE
:10C6A0005B00E358FF21019384235B00E358019A68
:10C6B00020000293984794225200A3580133A350BC
:10C6C00001230022D9E71B2291464C329046802359
:10C6D000A53292462A00A44F5B004546E358B94470
:10C6E00090460EE01A000133802149006350A554A2
:10C6F00082225200A554B94501D101F076FD3D7862
:10C700000137FF2BEED10022E25484235B00E35873
:10C71000FF21019353462000E258019B9847942241
:10C720005200A3580133A35001230022DCE71C224E
:10C7300091464B3290468023A53292462A008B4F79
:10C740005B004546E358B94490460EE01A000133B9
:10C75000802149006350A55482225200A554B94556
:10C7600001D101F06AFC3D780137FF2BEED10022A8
:10C77000E25484235B00E358FF21019353462000D9
:10C78000E258019B984794225200A3580133A350CA
:10C7900001230022DCE70922802392465B32904687
:10C7A0002A00734F5B004546E358BA4490460FE0B9
:10C7B0001A000133802149006350A554822252009F
:10C7C0008946A554BA4501D101F047FC3D780137AF
:10C7D000FF2BEDD10022E25486235B00E358FF21BA
:10C7E000019384235B00E358019A20000293984749
:10C7F00094225200A3580133A35001230022D9E709
:10C80000AA685C490AA8F4F7F7FF0AA805F056FEE3
:10C81000002801D101F070FE86225200802380465C
:10C820009246043A91462A000AAEB0445B0045465F
:10C83000E35890460DE01A0001338021490063500F
:10C84000A754822201365200A754B54201D101F00B
:10C8500052FE3778FF2BEED10022E2545346E258C5
:10C860004B46FF21E3582000984794225200A358DA
:10C870000133A35001230022DFE7287A804680207D
:10C8800040002058FF2818D10027842386222754EF
:10C890005B005200E358A258FF21200098479422E1
:10C8A0005200A35838000133A3505B465A686B68A6
:10C8B000591E8E235B00E358013B471CBC46802772
:10C8C00066467F00E65146462654822040002654A4
:10C8D00040E5AA6831002000FFF776FCEA683100E5
:10C8E0002000FFF771FC5B465A686B68591E8E2367
:10C8F0005B00E358013B2DE50E2291465C329046E9
:10C900008023A23292462A001B4F5B004546E35823
:10C91000B94490460EE01A0001338021490063506B
:10C92000A554822201375200A554B94501D101F026
:10C930003BFD3D78FF2BEED10022E25484235B00C7
:10C94000E358FF21019353462000E258019B98478A
:10C9500094225200A3580133A35001230022DCE7A4
:10C96000906F0210806F0210616F0210416F021011
:10C97000216F0210446D0210106F02100021AB688D
:10C9800088461A78272A01D102F023F980277F00F0
:10C99000E359FF2B11D100229146E2540D320933A5
:10C9A000FF32E358A258FF212000984794224B46BB
:10C9B0005200E351A3580133A35080277F00E2596E
:10C9C0003100531CE3512823A35482225200A35464
:10C9D00091462000AA68FFF7F7FBE359FF2B01D12E
:10C9E00002F06EF82922591CE151E2544B46E25400
:10C9F0002B783D2B01D102F0CBFA4346082B01D115
:10CA000002F011F8EA6831002000FFF7DDFB5B4619
:10CA10005A686B68591E8E235B00E358013B99E40A
:10CA20008C210120490060506968013992E4AA68AC
:10CA30003100200004F010F85B465A686B68591EFC
:10CA40008E235B00E358013B84E408229146673261
:10CA5000904680239D3292462A00E24F5B00454675
:10CA6000E358B94490460EE01A0001338021490092
:10CA70006350A55482225200A554B94501D101F05A
:10CA800011FD3D780137FF2BEED10022E2548423C3
:10CA90005B00E358FF21019353462000E258019BBD
:10CAA000984794225200A3580133A3500123002237
:10CAB000DCE7082291466732904680239D329246F9
:10CAC0002A00C84F5B004546E358B94490460EE043
:10CAD0001A000133802149006350A554822252007C
:10CAE000A554B94501D101F06FFC3D780137FF2B0A
:10CAF000EED10022E25484235B00E358FF2101932E
:10CB000053462000E258019B984794225200A358B4
:10CB10000133A35001230022DCE70822AB689146D1
:10CB20009A469B68B04E039380235B00E358B14460
:10CB30006F270FE01A000133802149006350A7548A
:10CB40008222013652008846A754B14501D101F036
:10CB50004BFC3778FF2BEDD10022E25486235B009B
:10CB6000E358FF21019384235B00E358019A2000DE
:10CB70000293984794225200A3580133A3500123F3
:10CB80000022D9E7EB68AA689846002A03D0310052
:10CB90002000FFF719FB80235B00E358FF2B0FD128
:10CBA00000278622E75452000933E358A258FF2198
:10CBB0002000984794225200A3580133A3503B0011
:10CBC00080275A1C7F00E2517B22E25482235B00C3
:10CBD000E254310042462000FFF7F6FAE359FF2BFA
:10CBE0000FD100268622E65452000933E358A2589A
:10CBF000FF212000984794225200A3580133A350EC
:10CC000033008022591C5200A150833AE2548223FF
:10CC10005B00E2545B465A686B68591E8E235B00CA
:10CC2000E358013BFFF796FBAA68002A03D03100C6
:10CC30002000FFF7C9FAEB68002B01D102F014F9CC
:10CC400080277F00E159FD2911D9002386229846CB
:10CC500063540933FF335200E358A2582000984729
:10CC6000942243465200E351A3580133A35080233A
:10CC70005B00E7585D4B98462C2399462B004546B0
:10CC8000B0464E46994610E03B00013780225200E4
:10CC9000A750E65482235B00E654554B013592467B
:10CCA000AB4201D101F05AFC2E78FF2FECD10023CA
:10CCB000E35586235B00E358FF21019384235B0047
:10CCC000E358019A20000293984794225200A358F7
:10CCD00001270133A3500023D8E70E22AB5E002BBF
:10CCE00001D002F091F8AA68424B9168994201D1B3
:10CCF00001F061FC3100802620007600FFF764FA25
:10CD0000A359FF2B0FD100278622E7545200093385
:10CD1000E358A258FF212000984794225200A358BC
:10CD2000A7510133A35080225200A1584B1CA3509D
:10CD3000E03A62548221490062540C216A5E002A62
:10CD400001D001F0D1FD2C4E5F27721D9046862246
:10CD500052009246043A91460DE0190001338022B8
:10CD60005200A35004326754A754B04501D101F0DA
:10CD700027FC37780136FF2BEFD10022E2545346CF
:10CD8000E2584B46FF21E358200098479422520076
:10CD9000A35800210133A3500123E0E78A21490071
:10CDA00063580AAF0A9399460023BB601133FF33DF
:10CDB000E3586750FB604B467D60002B01D102F0C9
:10CDC000F1FD5B681B78193B022B01D902F0EAFDEB
:10CDD00001224B460391944601920294B046AA4622
:10CDE00011E0C046D16E0210C46E0210C06E021077
:10CDF000C26E0210CC6A0210B16E02105A6812782C
:10CE0000193A022A1DD89A68002A17D1019A032AD2
:10CE100001D902F01AF91D00019A1601BA1913CDB1
:10CE200013C22D681560029903980A58BA51BA19AD
:10CE30000A5062469A60019A013201921B68002BE7
:10CE4000DCD146465546029C019BEA683100200031
:10CE50009846FFF7B9F98A234A465B00E250BB685F
:10CE6000002B18D14346012B0CD01B010C3BFF18A3
:10CE70000BAB98463A6831002000103F02F0C6FE26
:10CE8000B845F7D18A232A005B00E3580832310005
:10CE9000200003F0D9FC5B465A686B68591E8E234C
:10CEA0005B00E358013BFFF755FA602337009F43CF
:10CEB000B4339846E358B20601D501F07BFDAA6869
:10CEC000002A04D04021314001D102F087F88A23A2
:10CED0002A005B00E3580C323900200003F0FCF913
:10CEE0005B465A686B68591E8E235B00E358013B12
:10CEF000FFF730FAE96808783A2805D1C968097857
:10CF00003B2901D102F015FA8C2101204900605023
:10CF100069680139FFF71EFAE9680978382901D1F3
:10CF2000FFF78FF98C2101204900605069680139B1
:10CF3000FFF710FAAB68EF6898461B78312B01D1E8
:10CF400001F0B6FE332B01D002F0ABFD80235B0075
:10CF5000E1589946FF2912D1002386229A4663544C
:10CF60000933FF335200E358A258200098474B463C
:10CF70005246E2502932FF32A3580133A350802396
:10CF80005B0099464946E2582000531C6350282311
:10CF9000A35482225200A354434631009A68FFF7FB
:10CFA00013F94B46E158FF2912D1002386229846F7
:10CFB00063540933FF335200E358A25820009847C6
:10CFC0004B464246E2502932FF32A3580133A35068
:10CFD00080235B00E258511CE150D73BA3548222CE
:10CFE0005200A3543A003100200003F077FD5B4665
:10CFF0005A686B68591E8E235B00E358013BFFF7AC
:10D00000A9F98C2101204900605069680139FFF7B6
:10D01000A1F98A230AAF5B00E258E75000230C9382
:10D020001133FF33E3580A923100EA6820000D9370
:10D030000B95FFF7C9F8BB68002B01D101F031FE59
:10D040008A230A9A5B00E2505B465A686B68591E55
:10D050008E235B00E358013BFFF77CF914229146D5
:10D060005A32904680239E3292462A00E64F5B0059
:10D070004546E358B94490460EE01A00013380213A
:10D0800049006350A55482225200A554B94501D1EC
:10D0900000F068FE3D780137FF2BEED10022E2540C
:10D0A00084235B00E358FF21019353462000E2589C
:10D0B000019B984794225200A3580133A3500123A7
:10D0C0000022DCE711229146573290468023A43299
:10D0D00092462A00CD4F5B004546E358B94490463E
:10D0E0000EE01A000133802149006350A5548222CA
:10D0F00001375200A554B94501D100F023FE3D7817
:10D10000FF2BEED10022E25484235B00E358FF2181
:10D11000019353462000E258019B98479422520005
:10D12000A3580133A35001230022DCE718229146C3
:10D130003C3290468023B83292462A00B44F5B00BE
:10D140004546E358B94490460EE01A000133802169
:10D1500049006350A55482225200A554B94501D11B
:10D1600000F010FE3D780137FF2BEED10022E25493
:10D1700084235B00E358FF21019353462000E258CB
:10D18000019B984794225200A3580133A3500123D6
:10D190000022DCE71422802392465E3290462A0069
:10D1A0009C4F5B004546E358BA4490460FE01A0096
:10D1B0000133802149006350A554822252008946E0
:10D1C000A554BA4501D100F0FDFD3D780137FF2B94
:10D1D000EDD10022E25486235B00E358FF21019346
:10D1E00084235B00E358019A20000293984794221D
:10D1F0005200A3580133A35001230022D9E715227E
:10D2000091463F3290468023B83292462A00824FA0
:10D210005B004546E358B94490460EE01A000133DE
:10D22000802149006350A55482225200A554B9457B
:10D2300001D100F0B7FD3D780137FF2BEED1002280
:10D24000E25484235B00E358FF21019353462000FE
:10D25000E258019B984794225200A3580133A350EF
:10D2600001230022DCE712229146553290468023AA
:10D27000A53292462A00694F5B004546E358B944FF
:10D2800090460EE01A000133802149006350A554F6
:10D2900082225200A554B94501D100F0F8FD3D7835
:10D2A0000137FF2BEED10022E25484235B00E358C8
:10D2B000FF21019353462000E258019B9847942296
:10D2C0005200A3580133A35001230022DCE71922A6
:10D2D00091464A3290468023A93292462A00504F06
:10D2E0005B004546E358B94490460EE01A0001330E
:10D2F000802149006350A55482225200A554B945AB
:10D3000001D100F0E4FD3D780137FF2BEED1002282
:10D31000E25484235B00E358FF210193534620002D
:10D32000E258019B984794225200A3580133A3501E
:10D3300001230022DCE70F2291465B3290468023D6
:10D34000A23292462A00374F5B004546E358B94463
:10D3500090460EE01A000133802149006350A55425
:10D36000822201375200A554B94501D100F09FFD3A
:10D370003D78FF2BEED10022E25484235B00E3587A
:10D38000FF21019353462000E258019B98479422C5
:10D390005200A3580133A35001230022DCE71122DD
:10D3A0009146653290468023963292462A001E4F5F
:10D3B0005B004546E358B94490460EE01A0001333D
:10D3C000802149006350A554822201375200A554A0
:10D3D000B94501D100F08BFD3D78FF2BEED1002245
:10D3E000E25484235B00E358FF210193534620005D
:10D3F000E258019B984794225200A3580133A3504E
:10D4000001230022DCE7C046D56D0210786E0210C1
:10D41000456E0210616E02102D6E0210196E021020
:10D42000ED6D0210086E0210D86D0210A9688846D2
:10D43000902149006158002907D141460020097810
:10D440008246052901D101F040FD43461B78232B7C
:10D4500007D02A789A4204D0242B01D100F053FC43
:10D46000A8468A230AAF5B00E258E75043467B6038
:10D470000023BB601133FF33E3580A92FB6043463D
:10D480009A685FE08A235B00E358002BE8D0019F95
:10D490009A68002A0BD15A681278110019390229AA
:10D4A00001D901F00DFD974201D101F0FAFC1B6892
:10D4B000002BEDD1D4E7E868AE68002801D1FEF773
:10D4C00049FF86225200802380469246043A9146C4
:10D4D0002A00B0445B004546E35890460DE01A0030
:10D4E0000133802149006350A75482220136520043
:10D4F000A754B54201D101F01BF83778FF2BEED1CC
:10D500000022E2545346E2584B46FF21E3582000E4
:10D51000984794225200A3580133A35001230022BC
:10D52000DFE700228A230AAF5B00E158E7500023BF
:10D53000BB601133FF33E3580A917D60FB60A8465E
:10D54000002A9CD031002000FEF73EFEBB68002B75
:10D5500001D100F0DBFF8A230A9A5B00E2505346B8
:10D56000002B03D08823029A5B00E2505B465A6886
:10D570006B68591E8E235B00E358013BFEF7EAFE01
:10D58000AA6831002000FEF71FFE5B465A686B68F0
:10D59000591E8E235B00E358013BFEF7DBFEA868B3
:10D5A000760701D501F049F806684068002801D1E6
:10D5B000FEF7D0FE86225200802380469246043A2F
:10D5C00091462A00B0445B004546E35890460CE083
:10D5D0001900013380225200A350013604326754EF
:10D5E000A754B54201D101F0DAF93778FF2BEFD11A
:10D5F0000022E2545346E2584B46FF21E3582000F4
:10D60000984794225200A35800210133A3500123CC
:10D61000E0E7EA6831002000FEF7D6FD5B465A6875
:10D620006B68591E8E235B00E358013BFEF792FEA8
:10D630008023AA685B000292E358002A01D100F01F
:10D64000C9FFBA4E7B27721D904686225200924631
:10D650000FE01A000133802149006350A754822251
:10D6600052008946A754B04501D101F01AF8377825
:10D670000136FF2BEDD10022E25484235B00E358F6
:10D68000FF21019353462000E258019B98479422C2
:10D690005200A3580133A35001230022DBE78A2361
:10D6A0005B00E25803920022E250AB689846002BE0
:10D6B00001D101F020FF88230AAF5B00E1583A0056
:10D6C00000200023019610604046506000209060CA
:10D6D000581C8146404600789446D1604C2800D1C1
:10D6E0001CE300D912E31C267642B2468244564619
:10D6F000042E00D812E382468A204000225052466F
:10D70000019E022A01D101F036FD43461B78042B0D
:10D7100006D1882208AB5200A350424608910992D4
:10D72000EA6831002000FEF74FFD43461B78042BCA
:10D7300003D10D33089AFF33E2504B461B010C3BDB
:10D74000984684235B009A46203399462B00B844C0
:10D750002500444698460C3F6268002A20D1802369
:10D760005B00EB58FF2B0DD1EA540D33EA585346BA
:10D77000FF21EB58280098474B464A46EB580133A7
:10D78000AB5000238022591C5200A950E03AEA54C1
:10D7900082235B00EA5431002268280002F036FA46
:10D7A000103CA742D8D18A232C004546039A5B003F
:10D7B000E2505B465A686B68591E8E235B00E35843
:10D7C000013BFEF7C7FDAA6831002000FEF7FCFC14
:10D7D000730701D401F035FA80277F00E359FF2B4E
:10D7E00011D100229046E2540D320933FF32E35842
:10D7F000A258FF2120009847942243465200E3514B
:10D80000A3580133A35080235B00E258511CE15020
:10D81000D23BA35482225200A354EB6898461B7853
:10D82000462B01D101F0E5FC424631002000FEF715
:10D83000CBFC5B465A686B68591E8E235B00E3582D
:10D84000013BFEF787FD90235B00E358002B01D1DD
:10D8500001F025F8364E8023721D914686225B002A
:10D860005200E358612792460FE01A0001338021ED
:10D8700049006350A7548222013652008846A754BB
:10D88000B14501D100F0C8FF3778FF2BEDD1002260
:10D89000E25484235B00E358FF21019353462000A8
:10D8A000E258019B984794225200A3580133A35099
:10D8B00001230022DBE7AF68700701D500F053FFBA
:10D8C000E868002801D1FEF745FD8622520080233A
:10D8D00080469246043A91462A00B8445B00454689
:10D8E000E3583E0090460CE01900013380225200BC
:10D8F000A350013604326754A754B54201D101F058
:10D9000043F83778FF2BEFD10022E2545346E25818
:10D910004B46FF21E3582000984794225200A35819
:10D9200000210133A3500123E0E7C046316F02100C
:10D93000586D0210A4235B00E758E550343BE258D1
:10D9400090460022E250AB689946730709D54B46D2
:10D950001B78002B05D14B46DA68062A01D101F06D
:10D96000D0FD4A4631002000FEF72EFC82235B00EA
:10D97000E35C3C2B01D101F023FA80235B00E358E8
:10D98000FF2B10D10022E25491460D320933FF32B1
:10D99000E358A258FF212000984794225200A35830
:10D9A0000133A3504B4680225200914649465A1CEF
:10D9B00062503C22E25482235B009A46E254EA68B9
:10D9C00031002000FEF700FC5346E35C3E2B01D102
:10D9D00001F009F880235B00E358FF2B0FD10026EC
:10D9E0008622E65452000933E358A258FF21200052
:10D9F000984794225200A3580133A3503300802249
:10DA0000591C5200A150C23AE25482235B00E254F6
:10DA10008A2342465B00E2503433E7505B465A6843
:10DA20006B68591E8E235B00E358013BFEF792FCA6
:10DA30001722802392464C3290462A00EB4F5B001F
:10DA40004546E358BA4490460EE01A00013380215F
:10DA500049006350A554822252008946A554BA4514
:10DA600000D184E23D780137FF2BEED10022E25451
:10DA700086235B00E358FF21019384235B00E35876
:10DA8000019A20000293984794225200A358013330
:10DA9000A35001230022DAE7082291464E32904635
:10DAA0008023B63292462A00D14F5B004546E358A8
:10DAB000B94490460DE01A000133802149006350BB
:10DAC000A554822201375200A554B94500D184E201
:10DAD0003D78FF2BEFD10022E25484235B00E35812
:10DAE000FF21019353462000E258019B984794225E
:10DAF0005200A3580133A35001230022DDE70A227C
:10DB000091466C3290468023963292462A00B94F55
:10DB10005B004546E358B94490460DE01A000133D6
:10DB2000802149006350A55482225200A554B94572
:10DB300000D10CE23D780137FF2BEFD10022E254F7
:10DB400084235B00E358FF21019353462000E258F1
:10DB5000019B984794225200A3580133A3500123FC
:10DB60000022DDE780277F00E359FF2B11D100223F
:10DB70009046E2540D320933FF32E358A258FF2198
:10DB800020009847942243465200E351A3580133A2
:10DB9000A35080235B00E2582000511CE150823BDF
:10DBA000A35482225200A354EA683100FEF70CFB12
:10DBB0005B465A686B68591E8E235B00E358013B35
:10DBC000FEF7C8FB112291466332904680239832BB
:10DBD00092462A00884F5B004546E358B944904678
:10DBE0000DE01A000133802149006350A5548222C0
:10DBF0005200A554B94500D199E13D780137FF2B7A
:10DC0000EFD10022E25484235B00E358FF2101930B
:10DC100053462000E258019B984794225200A35893
:10DC20000133A35001230022DDE70C229146683224
:10DC300090468023983292462A00704F5B004546FA
:10DC4000E358B94490460DE01A00013380214900A1
:10DC50006350A55482225200A554B94500D156E123
:10DC60003D780137FF2BEFD10022E25484235B0083
:10DC7000E358FF21019353462000E258019B984747
:10DC800094225200A3580133A35001230022DDE760
:10DC900010229146643290468023983292462A00A0
:10DCA000574F5B004546E358B94490460DE01A00D3
:10DCB0000133802149006350A5548222013752006C
:10DCC000A554B94500D1D2E03D78FF2BEFD1002219
:10DCD000E25484235B00E358FF2101935346200064
:10DCE000E258019B984794225200A3580133A35055
:10DCF00001230022DDE78C21012049006050696882
:10DD00000139FEF727FB43469A680BE44E2676421C
:10DD1000B24682445646012E00D9ECE443469B6845
:10DD20009846002B01D101F0E3FB4B4610326046D0
:10DD3000042B00D0C7E401221133FF33E050043339
:10DD4000E25036E545463100AA682000FEF73CFA6D
:10DD50005B465A686B68591E8E235B00E358013B93
:10DD6000FEF7F8FA45463100AA682000FEF72CFAC3
:10DD70005B465A686B68591E8E235B00E358013B73
:10DD8000FEF7E8FA45463100AA682000FEF71CFAC3
:10DD90005B465A686B68591E8E235B00E358013B53
:10DDA000FEF7D8FA45463100AA682000FEF70CFAC3
:10DDB0005B465A686B68591E8E235B00E358013B33
:10DDC000FEF7C8FA45463100EA682000FEF7FCF984
:10DDD0000C4F4B467A1D914620229046EC329246DB
:10DDE0002A00E358454690461BE0C046796D021074
:10DDF0006C6D0210616D0210AD6D02109D6D021010
:10DE0000C06D0210586E02101A00013380214900C3
:10DE10006350A554822201375200A554B94516D04B
:10DE20003D78FF2BF0D10022E25484235B00E358BD
:10DE3000FF21019353462000E258019B984794220A
:10DE40005200A3580133A35001230022DEE74546C8
:10DE50003100AA682000FEF7B7F95B465A686B6884
:10DE6000591E8E235B00E358013BFEF773FA4546CB
:10DE70003100AA682000FEF7A7F95B465A686B6874
:10DE8000591E8E235B00E358013BFEF763FA4546BB
:10DE90003100AA682000FEF797F95B465A686B6864
:10DEA000591E8E235B00E358013BFEF753FA4546AB
:10DEB0003100AA682000FEF787F95B465A686B6854
:10DEC000591E8E235B00E358013BFEF743FA45469B
:10DED0003100AA682000FEF777F95B465A686B6844
:10DEE000591E8E235B00E358013BFEF733FA45468B
:10DEF0003100AA682000FEF767F95B465A686B6834
:10DF0000591E8E235B00E358013BFEF723FA45467A
:10DF10003100AA682000FEF757F95B465A686B6823
:10DF2000591E8E235B00E358013BFEF713FA45466A
:10DF30003100AA682000FEF747F95B465A686B6813
:10DF4000591E8E235B00E358013BFEF703FA45465A
:10DF50003100AA682000FEF737F95B465A686B6803
:10DF6000591E8E235B00E358013BFEF7F3F945464B
:10DF70003100AA682000FEF727F9DB4F4B463A1D17
:10DF800091462D229046DF3292462A00E3584546BC
:10DF900090460CE01A000133802149006350A554DB
:10DFA000822201375200A554B94526D03D78FF2B77
:10DFB000F0D10022E25484235B00E358FF21019357
:10DFC00053462000E258019B984794225200A358E0
:10DFD0000133A35001230022DEE745463100AA6841
:10DFE0002000FEF7F1F85B465A686B68591E8E23D5
:10DFF0005B00E358013BFEF7ADF945463100EA68A6
:10E000002000FEF7E1F85B465A686B68591E8E23C4
:10E010005B00E358013BFEF79DF945463100AA68D5
:10E020002000FEF7D1F85B465A686B68591E8E23B4
:10E030005B00E358013BFEF78DF945463100AA68C5
:10E040002000FEF7C1F85B465A686B68591E8E23A4
:10E050005B00E358013BFEF77DF945463100AA68B5
:10E060002000FEF7B1F84B46E358FF2B0FD10026F6
:10E070008622E65452000933E358A258FF212000BB
:10E08000984794225200A3580133A35033008022B2
:10E09000591C5200A150D73AE25482235B00E2544B
:10E0A0005B465A686B68591E8E235B00E358013B40
:10E0B000FEF750F9902745467F00E359AA680133DF
:10E0C000E35131002000FEF77FF8E359874E013B12
:10E0D000B21CE3514B46914684225200E358F73F6D
:10E0E00092460DE01A000133802149006350A75485
:10E0F0008222013652008846A754B14516D037789F
:10E10000FF2BEFD10022E25486235B00E358FF216E
:10E110001A00019353462000E35898479422520076
:10E12000A3580133A35001230022DDE7EB687049B7
:10E130005A1C0AA8F3F760FB0AA804F0BFF943468B
:10E14000E35800282CD08622520080469246043A9A
:10E1500091462A000AAEB044454690460BE01A00AC
:10E160000133802149006350A754822201365200B6
:10E17000A754B54213D03778FF2BF0D10022E254D8
:10E180005346E2584B46FF21E3582000984794221B
:10E190005200A3580133A35001230022E1E7454672
:10E1A000FF2B0FD100268622E65452000933E35894
:10E1B000A258FF212000984794225200A35801330F
:10E1C000A35033008022591C5200A150833AE254DC
:10E1D00082235B00E2545B465A686B68591E8E23AB
:10E1E0005B00E358013BFEF7B5F845463100AA68ED
:10E1F0002000FDF7E9FF5B465A686B68591E8E23C5
:10E200005B00E358013BFEF7A5F845463100AA68DC
:10E210002000FDF7D9FF5B465A686B68591E8E23B4
:10E220005B00E358013BFEF795F8AB6830495A1C98
:10E230000AA8F3F7E1FA0AA804F040F94346E358C4
:10E2400000282CD08622520080469246043A9146FD
:10E250002A000AAEB044454690460BE01A0001334E
:10E26000802149006350A754822201365200A754EE
:10E27000B54213D03778FF2BF0D10022E254534639
:10E28000E2584B46FF21E358200098479422520061
:10E29000A3580133A35001230022E1E74546FF2B99
:10E2A0000FD100268622E65452000933E358A258C3
:10E2B000FF212000984794225200A3580133A35015
:10E2C00033008022591C5200A150833AE254822329
:10E2D0005B00E2545B465A686B68591E8E235B00F4
:10E2E000E358013BFEF736F8946D02108C6F021074
:10E2F000446D021045463100EA682000FDF764FFD6
:10E300004B46E358FF2B0FD100268622E6545200DD
:10E310000933E358A258FF21200098479422520065
:10E32000A3580133A35033008022591C5200A1503E
:10E33000A33AE25482235B00E2545B465A686B685E
:10E34000591E8E235B00E358013BFEF703F8454658
:10E350003100EA682000FDF737FF4B46E358FF2BFA
:10E360000FD100268622E65452000933E358A25802
:10E37000FF212000984794225200A3580133A35054
:10E3800033008022591C5200A150A33AE254822348
:10E390005B00E2545B465A686B68591E8E235B0033
:10E3A000E358013BFDF7D6FF45463100AA6820003F
:10E3B000FDF70AFF5B465A686B68591E8E235B00A7
:10E3C000E358013BFDF7C6FF45463100EA682000EF
:10E3D000FDF7FAFE5B465A686B68591E8E235B0098
:10E3E000E358013BFDF7B6FF524656683278613A72
:10E3F000192A1ED8FF2B10D100268622E65452007F
:10E400000933E358A258FF2120009847942243463D
:10E410005200E650A3580133A35080235B00E2581A
:10E42000511CE150E03BA35482225200A3545346B6
:10E430005E6803997318013B1B78203B5A42534195
:10E44000CA1A01D101F012F99046862252008023A7
:10E450009246043A91462A00B0445B004546E35890
:10E4600090460BE01A000133802149006350A75405
:10E47000822201365200A754B5424ED03778FF2B86
:10E48000F0D10022E2545346E2584B46FF21E358B4
:10E490002000984794225200A3580133A35001232F
:10E4A0000022E1E7A4235B00E3584546002B06D099
:10E4B0008821490060580AAA0A9062500B93AA6802
:10E4C0001378042B00D121E331002000FDF77CFEFE
:10E4D000A4235B00E358002B03D088230A9A5B0037
:10E4E000E2505B465A686B68591E8E235B00E35806
:10E4F000013BFDF72FFF45465B465A686B68591E86
:10E500008E235B00E358013BFDF724FF42463100B8
:10E51000200001F07BFBFFF71EF85B4645465A687A
:10E520006B68591E8E235B00E358013BFDF712FF19
:10E530005B4645465A686B68591E8E235B00E3585C
:10E54000013BFDF707FF5B46059D5A686B68591E46
:10E550008E235B00E358013BFDF7FCFE9423464607
:10E560004D465B009846E358EA6831002000994622
:10E57000FDF72AFE4346E358994501D100F07EFCA1
:10E580005B465A686B68591E8E235B00E358013B5B
:10E59000FDF7E0FEAB6801920293002A01D0FDF77F
:10E5A00037FF5B465A686B68591E8E235B00E35841
:10E5B000013BFDF7CFFE80235B00E358FEF7BDFB78
:10E5C0005B465A686B68591E8E235B00E358013B1B
:10E5D000FDF7C0FEDE4E7427321D904686225200A3
:10E5E0009246043A91460BE0190001338022520012
:10E5F000A350013604326754A754B04513D037787E
:10E60000FF2BF1D10022E2545346E2584B46FF2142
:10E61000E3582000984794225200A3580021013368
:10E62000A3500123E2E75B465A686B68591E8E23AC
:10E630005B00E358013BFDF78DFE8668C06800284B
:10E6400001D1FDF787FE8622520080238046924644
:10E65000043A91462A00B0445B004546E358904690
:10E660000BE01900013380225200A350013604321E
:10E670006754A754B54200D170E13778FF2BF0D131
:10E680000022E2545346E2584B46FF21E358200053
:10E69000984794225200A35800210133A35001232C
:10E6A000E1E7029AAB490AA8F3F7A6F80AA803F033
:10E6B00005FF00282DD08622520080469246043A5B
:10E6C0004B4691462A000AAEB0444546E358904670
:10E6D0000AE01900013380225200A35001360432AF
:10E6E0006754A754B54213D03778FF2BF1D10022DD
:10E6F000E2545346E2584B46FF21E3582000984726
:10E7000094225200A35800210133A3500123E2E7D1
:10E71000454680267600A359FF2B10D1002786227C
:10E72000E754842352005B00E358A258FF212000E5
:10E73000984794225200A358A7510133A350802335
:10E740005B00E258511CE150833BA35482225200EB
:10E75000A3545B465A686B68591E8E235B00E358CE
:10E76000013BFDF7F7FDE8688046B844B84501D89D
:10E77000FDF7F0FD80235B00994604339A46464638
:10E78000029509E05A1C49466250E5545346E55447
:10E790000137BE4200D8ECE03D78F31B032B01DDCE
:10E7A0005F2D16D04B46E358FF2BEBD10022E254ED
:10E7B00086235B00E258043BE358FF212000984782
:10E7C00094225200A3580133A350283AFF3A002361
:10E7D000D9E77B785F2BE5D1BB78552BE2D1FB1CC9
:10E7E0009E42DFD900211800019407E013000901BF
:10E7F00001305918864201D100F0E2FF03781A0077
:10E80000303AD4B2092CF1D91A00413A052A01D97B
:10E8100000F087FD373BEAE7AB684E495A1C0AA86F
:10E82000F2F7EAFF0AA803F049FE00282DD086225D
:10E830005200434692468046043A91462A000AAE68
:10E84000B0444546E35890460AE01900013380225F
:10E850005200A350013604326754A754B54213D076
:10E860003778FF2BF1D10022E2545346E2584B4651
:10E87000FF21E3582000984794225200A35800211A
:10E880000133A3500123E2E745465B465A686B68B3
:10E89000591E8E235B00E358013BFDF75BFD290009
:10E8A00020000831FBF7BEFE002801D100F012FE67
:10E8B00003782F2B01D100F001FE88277F00E35958
:10E8C000020098461B683100E3512000FDF77CFCF4
:10E8D0004346E3515B465A686B68591E8E235B00C2
:10E8E000E358013BFDF736FD1B4E5F27721D904636
:10E8F000862252009246043A91460BE019000133F9
:10E9000080225200A35004326754A754B04514D05B
:10E9100037780136FF2BF1D10022E2545346E258FA
:10E920004B46FF21E3582000984794225200A358F9
:10E9300000210133A3500123E2E75B465A686B686C
:10E94000591E8E235B00E358013BFDF703FDC046D3
:10E95000386F0210446D0210B96E02105B464546D6
:10E960005A686B68591E8E235B00E358013BFDF724
:10E97000F1FC5B46029D5A686B68591E8E235B0052
:10E98000E358013BFDF7E6FC5B4645465A686B6879
:10E99000591E8E235B00E358013BFDF7DBFC5B4611
:10E9A00045465A686B68591E8E235B00E358013B4D
:10E9B000FDF7D0FC2A0039000C32200001F08CFC5D
:10E9C000AA68002A01D100F01EFE39002000FDF7E0
:10E9D000FBFB5B465A686B68591E8E235B00E3584D
:10E9E000013BFDF7B7FC4B46E158FF290FD100264C
:10E9F0008622665408335200E358A25820009847F4
:10EA000094224B465200E650A3580133A350802372
:10EA10005B00E258511CE150E03BA35482225200BB
:10EA2000A354FEF7D7FF80277F00E159FF2911D1BA
:10EA300000238622984663540933FF335200E3587B
:10EA4000A25820009847942243465200E351A3580D
:10EA50000133A35080277F00E2593100531CE3515A
:10EA60005B23A35482225200A354EA682000FDF7DE
:10EA7000ABFBE159FF290FD100268423862266547F
:10EA80005B005200E358A25820009847942252009D
:10EA9000A358E6510133A35080235B00E258511C78
:10EAA000E150A33BA35482225200A3545B465A6810
:10EAB0006B68591E8E235B00E358013BFDF74AFC4F
:10EAC0000022E2540D320933FF32E358A258FF21ED
:10EAD0002000984794225200A3580133A3500123E9
:10EAE0004A46E35128332370A3542B783D2B01D0A1
:10EAF000FDF783FF80235B00E258511CE150D33BBC
:10EB0000A35482225200A354FDF777FF926831008C
:10EB10002000FDF759FBA4235B00E358002B03D032
:10EB200088230A9A5B00E25082235B00E35C3C2B63
:10EB300001D100F018FD80277F00E159FF2911D194
:10EB400000238622984663540933FF335200E3586A
:10EB5000A25820009847942243465200E351A358FC
:10EB60000133A35080277F00E2593100531CE35149
:10EB70003C23A354822252009046A354AB68200049
:10EB8000DA68FDF721FB4346E35C3E2B01D100F040
:10EB9000CCFC80267600A159FF290FD100278423C1
:10EBA000862267545B005200E358A2582000984721
:10EBB00094225200A358A7510133A35080235B0035
:10EBC000E258511CE150C23BA35482225200A3548C
:10EBD00087E49B681B7C98468B4201D1FDF7D6FEEB
:10EBE000062B01D800F028FD072B01D0FDF7CEFE43
:10EBF000EB681A78002A01D0FDF7C8FEDA68012A0E
:10EC000001D0FDF7C3FE019A3C2A01D0FDF7BEFEFC
:10EC10009B681B78302B01D100F0EDFE312B01D029
:10EC2000FDF7B4FE0422E5492000FBF77BFA5B46C2
:10EC30005A686B68591E8E235B00E358013BFDF751
:10EC400089FBDF4F8023BA1C914686225B0052006D
:10EC5000E3589246A8460AE0190001338022520088
:10EC6000A350013704326554A554B94516D03D78F8
:10EC7000FF2BF1D10022E25484235B00E358FF21F3
:10EC8000019353462000E258019B9847942252007A
:10EC9000A35800210133A3500123DFE74546FEF7C7
:10ECA000BCFD2A003100200000F0B0FFFEF7C8F9DB
:10ECB00043469B68C3491B6818009A4603F0BAFB99
:10ECC0003B78002803D1032B01D100F06AFD382BDB
:10ECD00001D100F0E0FDBC49504603F0ABFB81469A
:10ECE000002801D100F080FDB849504603F0A2FB96
:10ECF000002800D167E331002000424601F0ACFE5D
:10ED0000B349504603F096FB002800D131E1B149E8
:10ED1000504603F08FFB8046031E01D0FEF762F9D8
:10ED20000133FF33E1589946FF2910D1842386220D
:10ED300060545B005200E358A258200098474B46AD
:10ED40004246E25094225200A3580133A35080233C
:10ED50005B0098464146E2582000531C635028232C
:10ED6000A35482225200A35431003A00FDF72CFA3A
:10ED70004346E158FF290FD1002686226654083306
:10ED80005200E358A258200098479422434652006C
:10ED9000E650A3580133A35080235B00E258511C76
:10EDA000E150D73BA35482225200A3545B465A68D9
:10EDB0006B68591E8E235B00E358013BFDF7CAFACE
:10EDC000C433E1589946FF2912D1002386229A467E
:10EDD00063540933FF335200E358A2582000984788
:10EDE0004B465246E2502932FF32A3580133A3501A
:10EDF00080235B00E258511CE150E03BA354822287
:10EE00005200A354FEF7B9FD734F80237A1D91463B
:10EE100086225B005200E3589246A8460AE0190099
:10EE2000013380225200A350013704326554A554A7
:10EE3000B94516D03D78FF2BF1D10022E25484234E
:10EE40005B00E358FF21019353462000E258019BE9
:10EE5000984794225200A35800210133A350012364
:10EE6000DFE74546FDF73FFF5B465A686B68591E72
:10EE70008E235B00E358013BFDF76CFA5B465A6852
:10EE80006B685046591E8E235B00E3582058013BA7
:10EE9000B84201D0FDF75EFA5046023F2750FDF719
:10EEA00059FAAA6831002000FDF78EF95B465A68CE
:10EEB0006B68591E8E235B00E358013BFDF74AFA4D
:10EEC0000023A8469A46FEF7CCFA2C31FF31615850
:10EED0008C469A2149006158814215DD60460068E0
:10EEE000804500D1CDE3604657460830994607E09B
:10EEF000824608300300083B1B68984500D1BFE3F9
:10EF00000137B942F4D14B469C2040002058814241
:10EF100001DB00F0BEFD9A27C8007F000131E151FE
:10EF200001004046614401C188200C374000B946C9
:10EF30000437205803979C46049216E04B46039FE3
:10EF4000E358E759BB4201DB00F0A1FD9E225200CD
:10EF5000A258DF00924601924A460133A35043680B
:10EF600057447B600F60390000680028E6D10860D4
:10EF700096E33A0031002000FDF726F95B465A6817
:10EF80006B68591E8E235B00E358013BFDF7E2F9E5
:10EF9000FF2900D0AEE50023994663540933FF33BF
:10EFA000E332E358A2582000984794224B4652007F
:10EFB000E351A3580133A3509CE5C046086F0210EB
:10EFC000306D0210DC6E0210E06E0210E46C021074
:10EFD000E46E0210FC710210A86E02100A93434600
:10EFE0000AAEE65088235B00E3580C9120003900FC
:10EFF0000D930B95FDF7E8F843460A9AB668E25080
:10F00000002E01D000F0C4FC80235B00E15898463C
:10F01000FF290ED18622665408335200E358A258C5
:10F0200020009847942243465200E650A3580133EB
:10F03000A35080235B00E258511CE150E03BA354F5
:10F0400082225200A354FDF742FF8C230122029C2E
:10F050005B005546E250FDF71EFF1B78190063392F
:10F06000012904D9723B012B01D9FDF7F2F8802761
:10F07000310020007F0001F0EFFCE159FF2911D1A0
:10F0800000238622984663540933FF335200E35825
:10F09000A25820009847942243465200E351A358B7
:10F0A0000133A35080277F00E2593100531CE35104
:10F0B0003C23A35482225200A354EB6820009A6898
:10F0C000FDF782F8D54BA946984694235B00454648
:10F0D0009A46B046E2592E781300FF2A11D1002734
:10F0E0000933A754E358FF21019386235B00E258BC
:10F0F0002000019B984753465246E3580133A350E2
:10F100003B0080275A1C7F00E251E65482235B00BB
:10F11000E654C34B0135AB42DDD14D46EB68414669
:10F12000DA682000FDF750F8E159FF290FD10026D9
:10F130008423862266545B005200E358A2582000C4
:10F14000984794225200A358E6510133A3508023DC
:10F150005B00E258511CE150D73BA354822252007D
:10F16000A3545B465A686B68591E8E235B00E358B4
:10F17000013BFDF7EFF84246D26890461278462AE6
:10F1800000D107E38A225200944640461B01FB1837
:10F19000019104960295059702784C2A0DD009D862
:10F1A0001C3A042A09D980460199049E029D059FB4
:10F1B000FEF7ABFA4E3A012AF5D84A46042A01D1A5
:10F1C00000F028FC1A001E001032A2CEA2C236683F
:10F1D0009846166062461B611033A35000264246D3
:10F1E000019950609660D160012290468068C144C8
:10F1F000D2E7BA33E3588B4FA9460DE01A0001332A
:10F20000802149006350A55482225200A554864AA9
:10F2100001378A46BA4218D03D78FF2BEED1002242
:10F22000E25486235B00E358FF21019384235B00B3
:10F23000E358019A20000293984794225200A35861
:10F240000133A35001230022DAE74346DB68774904
:10F250005A1C0AA8F2F7D0FA0AA84D4603F02EF974
:10F2600000282BD0534682460AAFE358BA440BE03D
:10F270001A000133802149006350A55482220137CE
:10F280005200A554BA4518D03D78FF2BF0D100228A
:10F29000E25486235B00E358FF21019384235B0043
:10F2A000E358019A20000293984794225200A358F1
:10F2B0000133A35001230022DCE74D4680235C4F3D
:10F2C0005B00FA1CE3589246A9460BE01A00013392
:10F2D000802149006350A554822201375200A55471
:10F2E000BA4518D03D78FF2BF0D10022E254862396
:10F2F0005B00E358FF21019384235B00E358019AEC
:10F3000020000293984794225200A3580133A3503F
:10F3100001230022DCE743469B684D469846FEF7F2
:10F3200083FA1A00613A052A00D9C1E3573BFFF777
:10F330005EFA2B00AA680C333100200001F022FC99
:10F340008046002800D00FE3AB683A499A46EB6844
:10F350009A68DB689146DF689A6853469B68019219
:10F36000186803F067F8002800D0B7E24A46310079
:10F37000200001F0B3FB52463100200001F06CFB8D
:10F38000019A3100200001F0A9FB03222A49200044
:10F39000FAF7C8FE3A003100200001F09FFB5B46FF
:10F3A0005A686B68591E8E235B00E358013BFCF7DB
:10F3B000D1FF5B465A686B68591E8E235B00E35889
:10F3C000013BFCF7C7FF002603E00136FF68002F72
:10F3D00034D03B782F2B31D1BB68002B2ED01A783C
:10F3E0004A2AF2D199682000FBF730F9002800D1B1
:10F3F0004AE303782F2B00D046E38368002B0BD021
:10F40000002305E002782F2A06D18268002A03D063
:10F41000C06801330028F5D1F618D7E7E86E02106E
:10F42000EA6E0210346D0210416D0210446D02103C
:10F43000486D0210F46C0210F06E02103200E549C3
:10F440000AA8F2F7D9F90AA803F038F800282BD057
:10F45000942280238046520092465B000AAEE35815
:10F46000B04437781A00FF2B13D10022E2548423D2
:10F470005B00E3589146019386235B00E258FF212D
:10F48000019B2000984753465246E3580133A3504E
:10F490004A468021531C49006350A75482220136FA
:10F4A0005200A754B045DCD15B465A686B68591EC0
:10F4B0008E235B00E358013BFCF74CFFF533E1582A
:10F4C000002901DAFFF7F9F9FBF794F8002801D0D9
:10F4D000FFF7F3F98C2301225B00E2505B465A6888
:10F4E0006B68591E8E235B00E358013BFCF732FF2B
:10F4F0001533FF33E2508C2301225B00E250FEF70C
:10F5000058F9B549986803F00DF8002801D0FEF7C6
:10F5100028FAEA6831002000FCF756FE0222AF49C3
:10F520002000FAF7FFFDFEF773FAE159FF290ED12B
:10F53000002686226654CA335200E358A25820009F
:10F54000984794225200A358E6510133A3508023D8
:10F550005B00E258511CE150E03BA3548222520070
:10F56000A354FFF716FB80277F00E159FF2911D133
:10F5700000238622984663540933FF335200E35830
:10F58000A25820009847942243465200E351A358C2
:10F590000133A35080235B00E258511CE150E03B53
:10F5A000A35482225200A354FFF7C5FA9A689168C7
:10F5B000012901D0FCF75DFE526812783E2A01D085
:10F5C000FCF757FE80235B00E1589846FF290DD1D8
:10F5D00060540833CE32E358A25820009847942252
:10F5E00043465200E750A3580133A35080235B00E9
:10F5F000E258511CE150D83BA35482225200A3543C
:10F60000AB68FCF736FE5B465A686B68591E8E2362
:10F610005B00E358013BFCF79DFE4146504602F07B
:10F6200009FF002800D0CEE0EB683100DA68200046
:10F6300001F054FAFCF780FEEB681B789946002B2A
:10F6400001D0FDF7A3F9019B3D2B00D1BCE2EA6894
:10F6500031002000FCF7B8FD4346023BDBB2042B2F
:10F6600000D99BE25E4A9B00D3589F465B465A688E
:10F670006B68591E8E235B00E358013BFCF76AFE62
:10F68000D4465B46414603E05B68002B00D199E11C
:10F690001A68914203D09542F6D15B45F4D0884672
:10F6A000414620000831FAF7BDFF00239A46804604
:10F6B000504519D043461B782F2B01D0FDF7C5FECE
:10F6C000F533E158002900DA8EE14046FAF792FF5F
:10F6D0008046002801D0FDF7B8FE5346002B03D02A
:10F6E0008823029A5B00E2508C2301225B00E250E7
:10F6F0005B465A686B68591E8E235B00E358013BDA
:10F70000FCF728FE9B689A68012A01D0FCF71AFED4
:10F710005B681B783E2B01D0FCF714FE8026760038
:10F72000A159FF290ED100270C326754CA33FF328A
:10F73000E358A2582000984794225200A358A7519A
:10F740000133A35080235B00E258511CE150D73BAA
:10F75000A35482225200A3545B465A686B68591E18
:10F760008E235B00E358013BFCF7F4FDAA683100EF
:10F77000200001F0B3F903221A492000FAF7D2FC65
:10F780005B465A686B68591E8E235B00E358013B49
:10F79000FCF7E0FD424692689046002A00D1AAE6B6
:10F7A000F0E4BB681A78012A01D0FFF794FAFA68EE
:10F7B0001278292A01D0FFF78EFA1F00FFF78BFA83
:10F7C000019CFEF7EFFF4A463100200001F044F9AA
:10F7D0002AE7C046446D02104C6D0210546D0210B1
:10F7E000D86302102C6F021039002000FAF72EFFA8
:10F7F000002812D003782F2B0FD18368002B0CD058
:10F800004B4605E002782F2A06D18268002A03D0F1
:10F81000C06801330028F5D199464A46E4490AA850
:10F82000F1F7EAFF0AA802F049FE0AAE3318019385
:10F83000002826D0842380275B009A46A8467F00B4
:10F84000E3593578FF2B10D10022E2540D33914655
:10F85000E2585346FF21E3582000984794224B4634
:10F860005200E351A3580133A350E35901365A1C07
:10F87000E251E55482235B00E554019BB342DFD1A2
:10F8800045465B465A686B68591E8E235B00E358F9
:10F89000013BFCF75FFDBA683100200001F01EF962
:10F8A00042463100200001F0D7F85B465A686B6889
:10F8B000591E8E235B00E358013BFCF74BFDD368D8
:10F8C0001B78292B03D08C2301215B00E150926827
:10F8D0003100200001F002F9FCF7DFFC0422B549F9
:10F8E0002000FAF71FFC4B469B68002B26D04A46A7
:10F8F0003100200001F0F2F880235B00E1589946C6
:10F90000FF2911D1434686226354842352005B00B1
:10F91000E358A258200098474B464246E2509422B2
:10F920005200A3580133A35080235B00E258511CBE
:10F93000E150E03BA35482225200A354019A3100CB
:10F940002000FCF741FC002F18D03A0031002000C5
:10F9500001F0C4F85B465A686B68591E8E235B0041
:10F96000E358013BFCF7F6FC5B465A686B68591E8E
:10F970008E235B00E358013BFCF7ECFC5B465A68C6
:10F980006B68591E8E235B00E358013BFCF7E2FCD9
:10F990005B465A686B68591E8E235B00E358013B37
:10F9A000FCF7D8FCEA6831002000FCF70DFC8A2344
:10F9B0004A465B00E250BB68002B01D1FDF762FABA
:10F9C000FDF769FA88235B00E2580831029262462B
:10F9D00052682000E250FAF725FE012380469A463D
:10F9E000002800D066E67BE62B782F2B01D0FDF7B0
:10F9F00037FDFDF736FD05226F492000FAF792FB2F
:10FA00005B465A686B68591E8E235B00E358013BC6
:10FA1000FCF7A0FC029D6EE5022268492000FAF77F
:10FA200081FB5B465A686B68591E8E235B00E35866
:10FA3000013BFCF78FFC80267600A159FF290FD1EE
:10FA400000278423862267545B005200E358A258A3
:10FA50002000984794225200A358A7510133A35085
:10FA600080235B00E258511CE150943BA354822256
:10FA70005200A3545B465A686B68591E8E235B0084
:10FA8000E358013BFCF766FC0023F6189EE463464E
:10FA9000049A8C2101204900605069680139FCF703
:10FAA00059FC42463100200000F0D6FFFDF79AFADB
:10FAB0008046019C864201D8FEF774FE5F2B01D080
:10FAC000FEF770FEFF2901D9FEF76CFE4B46CDB262
:10FAD000E158FF2910D100278423862267545B0058
:10FAE0005200E358A2582000984794224B465200F7
:10FAF000E750A3580133A3504B464946E3584746C5
:10FB00005A1C6250E5545346E554FEF741FE02226A
:10FB10002B492000FAF706FB5B465A686B68591EB2
:10FB20008E235B00E358013BFCF714FC8026760033
:10FB3000A159FF290FD100278423862267545B0037
:10FB40005200E358A2582000984794225200A3582C
:10FB5000A7510133A35080235B00E258511CE150B0
:10FB60008B3BA35482225200A3545B465A686B68B5
:10FB7000591E8E235B00E358013BFCF7EBFB03228D
:10FB800010492000FAF7CEFA5B465A686B68591E96
:10FB90008E235B00E358013BFCF7DCFB5B465A68B5
:10FBA0006B68591E8E235B00E358013BFCF7D2FBC8
:10FBB000446D0210F46E021070380210FC6E0210D8
:10FBC000006F0210046F021080277F00E159FF29A7
:10FBD00010D14B4686226354842352005B00E358C5
:10FBE000A2582000984794224B465200E351A35854
:10FBF0000133A35080235B00E258511CE150D33BFA
:10FC0000A35482225200A35421E5C046F0B55746C2
:10FC10004546DE464E46E0B5137883B0033BDBB283
:10FC200004000F0015004C2B00D9A7E2DC4A9B0012
:10FC3000D3589F4682235B00C35C282B0ED08023C1
:10FC40005B00C358FF2B00D12DE3591C80225200CA
:10FC5000A150E03AE25482235B00E254AA683900E2
:10FC60002000FCF7B1FA0022802392460D32FF32C9
:10FC7000CC4D5B009146043AE358EF1C3A2690467F
:10FC80000BE01900013380225200A35001350432E9
:10FC90006654A654AF4216D02E78FF2BF1D15246AF
:10FCA000E2544B46E2584346FF21E3582000984770
:10FCB00094225200A35800210133A3500123E2E70C
:10FCC000AA68FCF781FA03B03CBC90469946A2466C
:10FCD000AB46F0BD80256D004359FF2B00D19DE25E
:10FCE00080225200A1584B1CA350E03A625482215A
:10FCF00049006254ABE080256D004359FF2B00D1D1
:10FD00007DE280225200A1584B1CA350E03A62547D
:10FD100082214900625476E1802676008359FF2BC8
:10FD200000D18AE280235B00E2582000511CE150A0
:10FD3000E03BA35482225200A354EA683900FCF746
:10FD400043FAC0E704231F40BDD180256D0043590D
:10FD5000FF2B0CD1C7540D33C258043BC358FF21AD
:10FD6000984794225200A35867510133A35080232F
:10FD70005B00E258511CE150D63BA3548222520052
:10FD8000A354A0E7092280239246874E17325B00D6
:10FD90009046EC32C358B244934610E01A00013347
:10FDA00080214900635089464146A1548222520075
:10FDB000A154B24500D107E2327801369046FF2BBC
:10FDC000ECD10022E25484235B00E358FF2101932D
:10FDD0005B462000E258019B984794225200A358AA
:10FDE0000133A35001230022DAE700226F4D802364
:10FDF0002F0092460D32FF325B009146043AC35801
:10FE00000837632690460CE0190001338022520027
:10FE1000A350013504326654A654BD4200D152E7C6
:10FE20002E78FF2BF0D15246E2544B46E25843461F
:10FE3000FF21E3582000984794225200A358002144
:10FE40000133A3500123E1E780235B00C358FF2B5C
:10FE500000D103E2591C80225200A150DA3AE25448
:10FE600082235B00E2542EE70022514D80232F00B5
:10FE700092460D32FF325B009146043AC35809376F
:10FE8000692690460CE01900013380225200A350ED
:10FE900004326654A654AF4200D114E72E780135DF
:10FEA000FF2BF0D15246E2544B46E2584346FF2125
:10FEB000E3582000984794225200A35800210133B0
:10FEC000A3500123E1E700223A4D80232F00924600
:10FED0000D32FF325B009146043AC35808372026A2
:10FEE00090460CE01900013380225200A3500432E6
:10FEF0006654A654AF4200D1E5E62E780135FF2BBB
:10FF0000F0D15246E2544B46E2584346FF21E358B3
:10FF10002000984794225200A35800210133A35097
:10FF20000123E1E70022244D80232F0092460D3269
:10FF3000FF325B009146043AC358083720269046AA
:10FF40000CE01900013380225200A35004326654A1
:10FF5000A654AF4200D1B6E62E780135FF2BF0D182
:10FF60005246E2544B46E2584346FF21E3582000F4
:10FF7000984794225200A35800210133A350012333
:10FF8000E1E70022802392460D32FF320B4D5B00E9
:10FF90009146043AC3586F1D202690461DE0C04686
:10FFA000EC6302101070021015700210F86F02104E
:10FFB00005700210AD6F0210B96F0210C56F02100C
:10FFC0001900013380225200A35004326654A65413
:10FFD000BD4200D177E62E780135FF2BF0D1524695
:10FFE000E2544B46E2584346FF21E358200098472D
:10FFF00094225200A35800210133A3500123E1E7CA
:020000041002E8
:1000000080235B00C358002292460D32FF32AE4D72
:100010009146043AAF1C262690460CE019000133A5
:1000200080225200A350013504326654A654AF42D8
:1000300000D148E62E78FF2BF0D15246E2544B46D1
:10004000E2584346FF21E35820009847942252008B
:10005000A35800210133A3500123E1E708228023A4
:1000600091461832994E9046EC325B009346043A22
:10007000C358B14492460FE0190001338022520068
:10008000A35042466254822241465200A154B145D7
:100090007AD0327801369046FF2BEDD10022E2541F
:1000A0005B46E2585346FF21E358200098479422CC
:1000B0005200A35800210133A3500123DEE7844EF0
:1000C0008023721D914620229046EC325B009346BD
:1000D000043AC35892460FE01900013380225200BF
:1000E000A35042466254822241465200A1544E45DA
:1000F0004AD0327801369046FF2BEDD10022E254EF
:100100005B46E2585346FF21E3582000984794226B
:100110005200A35800210133A3500123DEE700223F
:100120006C4D80232F0092460D32FF325B009146CA
:10013000043AC3581137202690460CE019000133C9
:1001400080225200A350013504326654A654AF42B7
:1001500000D1B8E52E78FF2BF0D15246E2544B4641
:10016000E2584346FF21E35820009847942252006A
:10017000A35800210133A3500123E1E72A003900ED
:100180002000FCF721F89EE5EA68002A00D19AE5F4
:10019000FF2B75D0591C80256D0061512821E15439
:1001A00082235B00E15420003900FCF70DF863590D
:1001B000FF2B12D0591C80225200A150D73AE25492
:1001C00082235B00E2547EE5AA6839002000FBF739
:1001D000FBFF4B46E358FF2BECD10022E254862371
:1001E0005B00E258043BE358FF212000984794222B
:1001F0005200A35801210133A3500023DBE700265E
:10020000C6540D33C258043BC358FF21984794226B
:100210005200A35866510133A35072E50026C6541C
:100220000D33C258043BC358FF2198479422520013
:10023000A35866510133A35052E500229046C254A0
:100240000D33C258043BC358FF21984794224346BC
:100250005200A351A3580133A35063E50022E25496
:1002600086235B00E258043BE358FF2120009847B7
:1002700094225200A35801210133A3500023EAE540
:100280000022E25486235B00E258043BE358FF213E
:100290002000984794225200A35801210133A35013
:1002A000EA68002377E70022C25486235B00C25825
:1002B000043BC358FF21984794225200A3580121C0
:1002C0000133A3500023C1E4F46F0210E16F021068
:1002D000ED6F0210CC6F0210F0B54E464546DE467B
:1002E0005746E0B583B004000E0001921D1E1ED0DB
:1002F0009B68002B1BD1E0272A0001208B493F017E
:10030000A44602E09368002B10D153681B78193B78
:10031000DBB2122B07D804009C400C4200D0FEE058
:100320003C4200D076E01268002AEBD164468A2372
:100330005B00E2583100904600222000E25000238A
:100340002A0000F0F7F880235B00E258FF2A30D043
:100350008021531C49006350D839A1548222520095
:10036000A154019A1268002A06D031002000FBF740
:100370002BFF80235B00E358FF2B39D0591C8022D0
:100380005200A150D73AE25482235B00E254043B6E
:100390002A00FF3B3100200000F0CCF88A234246BF
:1003A0005B00E25003B03CBC90469946A246AB4687
:1003B000F0BD0023A3540D33FF33E258043BE35850
:1003C000FF212000984794225200A3580133A350E4
:1003D0008023283A5B00FF3AE2500432D83BFF32D8
:1003E0002370A354019B1A68002ABED10123C5E7DC
:1003F0000022E25486235B00E258043BE358FF21CD
:100400002000984794225200A35801210133A350A1
:100410000023B4E7822364465B00E25C0221100003
:10042000043BE358884328280DD0202A0BD0FF2B0B
:1004300044D080215A1C49006250E039E1548223A3
:100440005B00E1541300FF2B25D05A1C802149008A
:1004500062502822E25482235B00E2549B46103310
:100460009246E2588946904600223100E250200030
:1004700000232A0000F05EF84B46E358FF2B30D0F3
:1004800049465A1C6250D739E1545B46E154FF2A71
:1004900000D05DE78DE70022E25486235B00E2583E
:1004A000043BE358FF212000984794225200A358B0
:1004B0000133A350283AFF3A0023C7E70022E25451
:1004C00086235B00E258043BE358FF212000984755
:1004D00094225200A3580133A350202323701F3BC2
:1004E000B3E70022E25486235B00E258043BE35862
:1004F000FF212000984794225200A3580133A350B3
:1005000002234A46A3500A4B524623805B46E254DC
:10051000019B1A680223002A00D026E72EE78223D7
:1005200064465B00E25C043BE3587EE7073104006D
:1005300029280000F0B557464546DE464E46E0B550
:100540008DB005000091141E9A4644D08C2676008A
:100550008359002B3FD1882701339B467F001AE047
:100560001C39042911D95946A160E9598946E16825
:10057000E951292B27D02A2B34D0022B3BD00099CC
:100580002800FFF743FB4B46EB512468002C22D098
:10059000AB59002B1FD1A368002BF6D151466268DE
:1005A00013780029DFD14C2BEFD019004C2BD7D971
:1005B0004E390129E9D95946A160E9598946E168CE
:1005C000E951292BD7D14E4623680C3200992800D7
:1005D000FFF782FEEE510DB03CBC90469946A24614
:1005E000AB46F0BD4E46236808320099280000F063
:1005F0002BF9EE51EFE74B4601938A235B009846B7
:10060000EB58009E9A460023994643464946926815
:10061000E95028003100FBF7D7FD43465246EA5027
:1006200033005B0728D580235B00EB58FF2B54D0A9
:10063000591C80225200A950D23AEA5482235B000E
:10064000EA546368DC682378462B58D04C2B10D0D2
:100650000CD81C3B042B0CD9220000992800FBF776
:10066000B3FD8823019A5B00EA50B4E74E3B012BAF
:10067000F2D8A4682378E9E76F4A802390460222E3
:10068000424492463A2291465B00D232EB5893465E
:1006900046464F460BE01900013380225200AB5012
:1006A000013604326F54AF545645CAD03778FF2B09
:1006B000F1D10022EA5484235B00EB58FF2102931E
:1006C0005B462800EA58029B984794225200AB5898
:1006D00000210133AB500123DFE74A46EA54862369
:1006E0005B00EA58043BEB58FF212800984794220E
:1006F0005200AB5801210133AB50002399E74F4A18
:10070000BA3390460C22424493467B22EB5846462D
:1007100017000DE01A000133802149006B50AF54DF
:10072000822252008A46AF545E4519D0377801368E
:10073000FF2BEFD10022EA5486235B00EB58FF2108
:10074000029384235B00EB58029A28000393984796
:1007500094225200AB580133AB5001230022DBE757
:10076000E36837495A1C05A8F1F746F805A801F0D7
:10077000A5FE5346EB5800282DD005AA90468622A8
:100780004044520046469346A04604000BE01A003F
:100790000133802149006B50AF5482220136520050
:1007A000AF54B44216D03778FF2BF0D10022EA5470
:1007B00084235B00EB58FF2102935B462800EA5834
:1007C000029B984794225200AB580133AB5001234F
:1007D0000022DEE744461B4A9046032242449246EA
:1007E0007D2291468F32934646464F460DE01A00D1
:1007F0000133802149006B50AF54822201365200F0
:10080000AF54B24500D134E73778FF2BEFD1002247
:10081000EA5484235B00EB58FF2102935B462800D7
:10082000EA58029B984794225200AB580133AB50D0
:1008300001230022DDE7C046306D0210356D021045
:10084000446D0210486D0210F0B55746DE464E4624
:100850004546E0B5040083B08A4693461F1E0BD080
:100860009A68002A6FD01B68002BF9D100233A0048
:1008700051462000FFF75EFE80235B00E358FF2B0C
:100880006FD080215A1C49006250E039E154822324
:100890005B00E154FF2A37D08021531C490063508C
:1008A000A539A15482225200A1545A461268002A46
:1008B00006D051462000FBF787FC80235B00E358FD
:1008C000FF2B0FD0591C80225200A150A33AE254B2
:1008D00082235B00E25403B03CBC90469946A2469A
:1008E000AB46F0BD0022E25486235B00E258043B95
:1008F000E358FF212000984794225200A358012179
:100900000133A3500023DEE70023A3540D33FF334C
:10091000E258043BE358FF212000984794225200FC
:10092000A3580133A3508023283A5B00FF3AE250DA
:100930000432A53BFF322370A3545B461A68002A99
:10094000B7D10123BEE75B681B782A2B2AD100238D
:100950003A0051462000FFF7EDFD80235B00E2588E
:1009600098E70022E25486235B00E258043BE358F8
:10097000FF212000984794225200A3580133A3502E
:100980008023273A5B00FF3AE250304B59322380F4
:1009900082235B00E2545B461A680223002A00D0DF
:1009A00087E78FE780235B00E358294D20260FE07F
:1009B0001A000133802149006350A654822252005C
:1009C0009146A654234A01358846AA4218D02E786B
:1009D000FF2BEDD10022E25486235B00E358FF2178
:1009E000009384235B00E358009A2000019398470A
:1009F00094225200A3580133A35001230022D9E7C7
:100A000000233A0051462000FFF794FD4346E25888
:100A1000FF2A07D04146531C63502921A1544A465E
:100A2000A1542CE70023A3540D33FF33E258043BB9
:100A3000E358FF212000984794225200A358013325
:100A4000A35029232370283B1BE7C046205B0000EE
:100A5000286F02102A6F0210F0B5D6464F46464660
:100A60001378C0B50400312B06D0FBF7ADFB1CBCDE
:100A700090469946A246F0BD93689F685D68002F36
:100A8000F5D00022802392460D32FF325B00914662
:100A9000043AC358EF1990460BE01A000133802145
:100AA00049006350A654822201355200A654BD422B
:100AB000DDD02E78FF2BF0D15246E2544B46E2585F
:100AC0004346FF21E3582000984794225200A35840
:100AD0000133A35001230022E1E7C046F8B51378A3
:100AE00004000E001500012B23D9302B21D0062B3A
:100AF0001FD080235B00C258FF2A20D0531C8027C0
:100B00007F00E3512823A35482225200A3543100D2
:100B10002A002000FBF758FBE359FF2B20D0591C7B
:100B200080225200A150D73AE25482235B00E25463
:100B300004E02A0031002000FBF746FBF8BD00234B
:100B400083540D33FF33C258043BC358FF219847E9
:100B500094225200A3580133A35001230022CEE770
:100B60000022E25486235B00E258043BE358FF2155
:100B70002000984794225200A35801210133A3502A
:100B80000023CDE7F0B54546DE4657464E46E0B574
:100B90009268884612680400117885B000206629A2
:100BA0007CD11B689968DB680191002199461B780C
:100BB00003913B2B00D1BFE092235B00E1580291EF
:100BC00001214942E1505378522B00D16FE06CD99A
:100BD0006C2B00D1B7E0722B5BD180235B00E35814
:100BE000FF2B00D106E15A1C80256D00625128229E
:100BF000E25482235B00E25441464A462000FFF75C
:100C00006DFF019A41462000FFF726FF0022924621
:100C10000D32FF326359814D9146043A2F1D2E2625
:100C200090460CE01A000133802149006350A6541D
:100C3000822201355200A654BD422AD02E78FF2BC5
:100C4000F0D15246E2544B46E2584346FF21E35866
:100C50002000984794225200A3580133A350012347
:100C60000022E1E7019A41462000FFF7F5FE039AD2
:100C700041462000FFF732FFE359FF2B00D197E0F8
:100C8000591C80225200A150D73AE25482235B00C3
:100C9000E25492230120029A5B00E25005B03CBC72
:100CA00090469946A246AB46F0BD4C2BF1D180252B
:100CB0006D006359FF2B00D18CE080256D006259D7
:100CC0004146531C63512823A35482225200A3544B
:100CD00020004A46FFF702FF019A41462000FFF735
:100CE000BBFE63594E4D2E26EA1C914686225200C9
:100CF0009346043A92460CE01A00013380277F00A5
:100D0000E351A654822201355200A654A945A9D028
:100D10002E78FF2BF0D10022E2545B46E258534676
:100D2000FF21E3582000984794225200A358013332
:100D3000A35001230022E1E74B46DB6803934B46B7
:100D40009B68994638E7374D80232A1D92468622B4
:100D50005B005200E358282693460CE01A0001334A
:100D600080277F00E351A654822201355200A65409
:100D7000AA4516D02E78FF2BF0D10022E25484230E
:100D80005B00E358FF2103935B462000E258039B7E
:100D9000984794225200A3580133A3500123002204
:100DA000DEE7019A41462000FFF756FE4A465FE71C
:100DB0000022E25486235B00E258043BE358FF2103
:100DC0002000984794225200A35801210133A350D8
:100DD000002356E70026E6540D33E258043BE3585F
:100DE000FF212000984794225200A35866510133F6
:100DF000A35062E70022E25486235B00E258043BE2
:100E0000E358FF212000984794225200A358013351
:100E1000A350283AFF3A0023E6E6C04628700210A5
:100E20002C6F021020700210F0B5DE4657464E4679
:100E30004546E0B5E5B0037800AF05008B467A6023
:100E400099465F2B00D167E10822CB49280001F0C9
:100E500069FB0026002809D12B7A2E2B00D149E10D
:100E60005F2B00D146E1242B00D143E1280001F0A3
:100E700025FB0C23FC182B1863601123A36043008F
:100E80009A46A36100236A4663612362A362E36218
:100E9000236363634301D31A9D46E8466062800082
:100EA0000730C008C0001B1A9D46434623616B46AD
:100EB000FD60E560E361012E00D1BDE0002E35D07C
:100EC000032E33D80B239946A9444B46023EE360D8
:100ED000731E9E41EB7A43365F2B00D122E14846D8
:100EE00001F0ECFA5346002B00DC32E142460023CD
:100EF000536001226261002800D12AE1424613704A
:100F000043464A46D8609A6031000023424620009A
:100F1000F9F7A4F8BC690500200001F0CFFA241805
:100F2000BC612678002E09D000207DE02000FAF771
:100F3000B3F80500BB691E78002EF5D1002DF3D063
:100F400008213C237A18D418082294460133BC4463
:100F5000FF3363441E6082235A465B00E6540C3321
:100F6000E6500433E6501033E6500433E650203B9D
:100F7000E2507A680433E2500C33E6500433E65012
:100F80000433E6500C33E6500433E6506146043334
:100F9000E650604604339946E6500433E650043385
:100FA000E65004339846E6503033C9180C332A0013
:100FB000C018F9F78FF84B46E25843464146E358CC
:100FC00053436350043166506E46002A00DCB7E09C
:100FD0006946D2008A1A9546002B00DCAEE06946CD
:100FE000DB00CB1A9D4698235B00E2506A460C3327
:100FF000E25011212A002000FBF7E6F880235B0075
:10100000E158002363540D33FF33E258043BE358A7
:101010002000B54698470822AA2394465B00BC44AA
:101020006344186843425841BD4665B03CBC904695
:101030009946A246AB46F0BD4B465F2B00D073E706
:101040006B1CE3606B785A2B00D06DE702350121F1
:101050002000E560FAF782FEA3680500334200D164
:1010600086E00023E068984606782E2E00D063E7DD
:1010700043781A00613A192A70D95F2B6ED0303B41
:10108000092B75D8030002782E2A12D15A78303AEB
:10109000092A0ED89A78991C1300303B092B05D8E1
:1010A00001310A781300303B092BF9D90B002E2AA5
:1010B000ECD0191AE3606269A3699A424CDA266996
:1010C0001301B4464646634401325E606261002902
:1010D00042D05E601E709860D9602A0020004D21C9
:1010E000F8F7BCFF0C23FC180500E06806782E2EEC
:1010F000BED021E76B7A442B03D00026492B00D0C9
:10110000B4E6AA7A00265F2A00D0AFE6493B1E006B
:10111000731E9E410236A9E643785A2B00D093E60F
:101120000126A3E62B7B5A2B00D0D8E60D350021F3
:101130002000E560FAF712FE8046E5E601234EE75F
:1011400001226946D2008A1A9546002B00DD46E747
:10115000F4E700239846D7E60023BEE7831C1A78FD
:1011600011006139192901D95F2A8DD10133F6E7C0
:10117000E3681E78E0E6C046C06C0210F0B5C646D3
:1011800000B50D0086B016001F00002847D00029CA
:1011900001D0002A43D0002302AA2B4902930393D3
:1011A00004930593FFF740FE00283FD0059B029C67
:1011B0000193002B1DD001239846002C40D0002D18
:1011C0002AD0200001F07AF9336898421ED2421CDE
:1011D00021002800F1F742FE2000F1F721FE2C004B
:1011E000002F01D000233B60200006B004BC9046D5
:1011F000F0BD049B9846002CE1D1002F14D0012BA8
:1012000019D101235B423B600024EDE72800F1F790
:1012100007FE43463360E3E7002EFAD1E0E7002FF4
:1012200002D003235B423B600024DDE70298F1F724
:10123000F7FD002FF8D002235B423B600024D3E788
:10124000002FDED10024CFE795A6011010B50028AD
:101250000AD0002908D0FFF7E7FD431E984143421A
:1012600002201840023810BD03204042FBE7C04670
:1012700010B5062001F06CF80120EEF7ABFEC04679
:1012800010B5044B0A001B680100180000F004F8B8
:1012900010BDC046CC3A002010B5514300F048FBC9
:1012A000041E0ED00300083B5A6803239A43043AF5
:1012B000242A15D80300132A05D800221A605A6080
:1012C0009A60200010BD00210833016041601B2A94
:1012D000F3D98160C160242A06D003001033ECE703
:1012E0000021F1F7B5FDECE703000161183341611E
:1012F000E3E7C046144B70B51D6806000C00002DD6
:1013000002D0AB6B002B13D0636EDB0702D4A38932
:101310009B0515D528002200310000F0E5FD636E25
:101320000500DB0702D4A3899B0505D5280070BD05
:10133000280001F04FFBE7E7A06D00F06BFAF5E73E
:10134000A06D00F065FAE5E7CC3A002070B5050025
:1013500086B008001400019101F0B0F8012301AE3D
:101360000590706003960493002D02D0AB6B002BA8
:1013700020D00C23E25E636E91B2DB0701D48B05B3
:1013800020D580239B01194205D11343A381626EAE
:10139000104B13406366280003AA210000F03CF8BC
:1013A000636E0500DB0702D4A3899B0506D52800E0
:1013B00006B070BD280001F00DFBDAE7A06D00F06B
:1013C00029FAF4E7A06D00F023FA0C23E25E91B253
:1013D000D7E7C046FFDFFFFF10B5044B0A001B68CC
:1013E00001001800FFF7B2FF10BDC046CC3A002044
:1013F000002370B5074C0500080011002360F1F7C9
:1014000037FF431C00D070BD2368002BFBD02B603E
:10141000F9E7C046F8520020F0B54546DE4657468B
:101420004E46E0B5936883B000900C009046002BC8
:101430006DD08B891A0700D471E00A69002A00D1A7
:101440006DE0424616689A0700D475E0636A00278B
:101450009A46B54B00259946E169002D16D02B0020
:101460004D4500D9B04B3A000098D047002800DC29
:10147000D5E043469B683F182D1A181A43469860DA
:1014800045D0636AE1699A46002DE8D137687568EE
:101490000836E2E74B461B689A464B465F680823CE
:1014A0009C46E144002FF5D03A000A21504601F055
:1014B0001FFD002800D1CEE053460130C61A33008C
:1014C000BB469F4200D99B462068226963699042CF
:1014D00004D9A2689D18AB4500DD92E05B4500DDB4
:1014E000F9E0656A5246E1690098A847051E00DCEC
:1014F00095E0761B0120002E00D1E4E043469B6876
:10150000AA447F1B5D1B43469D6000D095E00020F0
:1015100003B03CBC90469946A246AB46F0BD2100C4
:10152000009801F0C1F8002800D0F9E04246A389F4
:1015300016689A0700D589E7DA0778D40022914621
:101540008022920000279346A5682068002F53D080
:101550005A46134200D181E0AA46BD4200D9AFE00D
:101560009022D20013422ED02169451AAC46606900
:10157000019542001218D00F8218781C5210604456
:101580009246904201D9824602005B0500D4AFE04A
:101590001100009800F0CCF9051E00D1BAE0019AC4
:1015A0002169F1F75BFCA389604A13408022134351
:1015B000A3815246019B2561E818BA463D00D31A23
:1015C00020606261A3605246494601F021FDA36894
:1015D0005D1BA5603D0000272368534423604346FC
:1015E0009B68A9445D1B43469D6000D18FE7A568B9
:1015F0002068A389002FABD13268776891460836FE
:10160000A4E751462A0001F003FD236821005B197D
:101610002360009801F078F9002800D169E70C22D6
:10162000A35E402201201343A381404270E70023C0
:10163000B14600209A4600271E00002F00D129E75E
:10164000002800D03BE73A000A21504601F050FC48
:10165000002800D030E77B1C1E0031E7236983425D
:1016600017D363699A46BB4213D8314B38009F4267
:1016700000D930485146F0F727F953464A464343CC
:10168000E1690098656AA8470028C8DD05007F1B4E
:10169000A5E7BD4200D93D002A00494601F0B8FC4B
:1016A000A36822685B1B5219A3602260002BEED155
:1016B0002100009801F028F90028B0D17F1B8EE7A7
:1016C0003D00BA467FE72100009801F01DF900288F
:1016D00000D113E7A3E75A46514601F099FC5A4658
:1016E000A3685D469B1AA36023685B44236000E700
:1016F000009800F03FFC051E00D05AE7009D2169CC
:10170000280001F0F7F98022A3899343743A1BB2B1
:101710002A6086E70C23009A13600C22A35E80E700
:1017200001204042F4E6C04600FCFF7F7FFBFFFF44
:10173000FEFFFF7FFFFFFF7FF0B5C64600B51E002E
:10174000150086B001AB039301237543071E904635
:101750000C9C019102950595049302D0836B002B9C
:101760002DD00C23E25E636E91B2DB0701D48B05B2
:1017700031D580239B01194205D11343A381626EA9
:10178000184B1340636603AA21003800FFF744FE9C
:10179000636E002816D0DB070AD505984146281A43
:1017A000F0F7BAF80600300006B004BC9046F0BD71
:1017B000A3899B05F1D4A06D00F02CF8EDE701F0B2
:1017C00009F9CEE7DB07EED4A3899B05EBD4A06D26
:1017D00000F020F8E7E7A06D00F01AF80C23E25EB5
:1017E00091B2C6E7FFDFFFFF10B50400054882B0E5
:1017F0000068009313000A002100FFF79DFF02B06C
:1018000010BDC046CC3A00207047C0467047C04665
:101810007047C0467047C04670B50C001E000E23CE
:10182000C95E96B01500002915DB6A46FFF7E0FD9A
:10183000002810DBF022019B120213400D4A802089
:10184000944663445A42534133608023DB002B604B
:10185000000116B070BD00233360A3891B0603D5B9
:10186000402300202B60F4E78023DB002B60002066
:10187000EFE7C04600E0FFFF70B58B8982B006003D
:101880000C009B0707D5230043332360236101230A
:10189000636102B070BD01AB6A46FFF7BDFF0099FE
:1018A0000500300000F044F8002810D08022154BCD
:1018B000F363A38920601343009A1BB26261019A0B
:1018C000A3812061002A0CD12B43A381E1E70C22E4
:1018D000A35E9A05DDD40322934302221343A3811E
:1018E000D1E70E23E15E300001F018FA002802D1A2
:1018F0000C22A35EE8E70322A3899343012213434A
:101900001BB2E1E7C529021010B5034B01001868AE
:1019100000F00EF810BDC046CC3A002010B5034BC5
:101920000100186801F0E6F810BDC046CC3A00206E
:10193000F0B557464546DE464E46E0B50D000B3540
:1019400083B00700162D22D8102900D9BBE000F083
:10195000BBFA102518230220D04EF3181A005C6839
:10196000083A944200D1BEE0032362689A43130010
:10197000E268A168CA6091600122E31859683800E2
:101980000A435A6000F0A8FA200008309EE00723BE
:101990009D4300D597E0A94200D994E000F094FA65
:1019A000F823FF339D4200D8B1E1680A00D194E0EA
:1019B000042800D984E138239846A80980443930A6
:1019C000C100B64E71180839CC68A14218D0032363
:1019D00062689A431300521B0F2A00DD35E1002A8A
:1019E000C6DA03239C4608E06246636893435A1BA9
:1019F0000F2A00DD29E1002ABADAE468A142F3D116
:101A0000320034690832944200D177E003236168E0
:101A1000994389460B00491B0F2900DD7BE1726168
:101A200032610029A8DA9E4A914500D90FE1DA080F
:101A3000012391108B40D200716892190B43916879
:101A40007360E260A1609460CC60012182109140DB
:101A5000994259D80B4205D10322904349000430E2
:101A60000B42FBD003239846C3009946B144CC46B1
:101A700082466346DC68A44507D12DE1002A00DBDD
:101A800036E1E468A44500D126E142466368934309
:101A90005A1B0F2AF2DD012080466119054365605B
:101AA000A068E5680836C560A8604046F160B1608E
:101AB00010434860CE608E603800E25000F00CFAAF
:101AC0002000083002E00C2300203B6003B03CBC47
:101AD00090469946A246AB46F0BD80213F2389003F
:101AE000402098466DE7DC680230A34200D03BE717
:101AF000320034690832944200D087E701217368CC
:101B0000821091409942A5D90323B46862689A4330
:101B10009046AA4203D3531B0F2B00DD87E023001E
:101B20004344604A0193604B93461B681268EB186C
:101B3000013200D13EE15D4A944663441B0B1B0316
:101B400000930099380000F0C3FB03008146013385
:101B500000D1FBE0019B834200D9F5E0544B190012
:101B60009A460968009B8C46514663440B60019974
:101B70001A00494500D153E15B461B68013300D18F
:101B800058E14B4601995B1A9A1853461A6007238D
:101B90004A461A40019200D116E108214B46894677
:101BA0009B1A99440099434B49449B1A5B1A1B05A5
:101BB0001B0D0091380019009B4600F089FB431C67
:101BC00000D153E14B46C01A03005B4400935346D7
:101BD00052461B6801215B4413604A464846B26086
:101BE000009A0A434260B44200D127E142460F2ADC
:101BF00000D825E107200C3A8243606801400520A7
:101C000011436160A118486088600F2A00D938E14B
:101C10004A464C46526828490868984200D20B60F0
:101C200026490868984200D392E00B6090E00122B8
:101C3000290013431143651961603800B5606B607A
:101C400000F04AF92000083040E74046D8E65A0A3A
:101C5000042A73D9142A00D9C6E011005C325B3122
:101C6000D20008235B429C46B218944463469A68AB
:101C700003239846944500D19FE043465168994319
:101C8000494502D992689445F7D1D3689C46736858
:101C90006146A260E1608C60D460D6E6F83E002028
:101CA000FF01000000430020904E00200F100000B4
:101CB000604E002008100000884E00208C4E00204E
:101CC000142852D9542800D996E06E239846280B40
:101CD00080446F30C10074E608239B46073BDC4418
:101CE0009B46DA4443465246134200D0C1E64CE0DC
:101CF0000122E318596838000A435A60E368A26871
:101D0000D3609A6000F0E8F820000830DEE62B008F
:101D1000E808083320E6012360191D4365607061FF
:101D20003061C26082601A004B460A43426038004C
:101D3000E15000F0D1F820000830C7E69A09110000
:101D400039323831D2008CE7B44260D0B46862686E
:101D500003239A43531BAA4202D30F2B00DD66E7ED
:101D6000380000F0B9F80020B0E65B2398468044C4
:101D70005C30C10025E608235B429C46E1444B46AB
:101D80009B6801384B4500D098E043460342F2D1AE
:101D900073688B4373604900994200D9B4E6002907
:101DA00004D1B1E6042294464900E2440B42F9D042
:101DB000504659E610330093C3E68910023B8B402E
:101DC00071680B43736063E7009B38004B441B054D
:101DD0005B421B0D19009B4600F07AFA431C00D0B1
:101DE000F0E600239B46F2E6542A2BD81A0B11008A
:101DF0006F326E31D20034E7AA235B0098422BD8B1
:101E0000DD3B9846E80B80447830C100D9E52C4B87
:101E1000009A9A461B689C46534662441A60ABE699
:101E2000090500D0A8E6009AB468424401310A438B
:101E30006260F0E65B464A461A60A8E64C46EAE66F
:101E400041608DE7AA2149008A4224D8DA0B1100AB
:101E500078327731D20004E71A4B984224D87C2399
:101E60009846A80C80447D30C100AAE5009A019BE9
:101E700094464A46083B63449B1A009300239B46C2
:101E8000A5E621003800083100F034FE5346B4685E
:101E90001B686268BFE60B498A420BD89A0C110096
:101EA0007D327C31D200DCE6FE217E2389007F205A
:101EB000984686E5FE227E219200D2E673686AE7A4
:101EC000604E00205405000010B50248FFF7A0FC4A
:101ED00010BDC046E452002010B50248FFF79AFC3E
:101EE00010BDC046E4520020F8B506000F001400F3
:101EF000002802D0836B002B1ED0636EDB0702D458
:101F0000A3899B0522D5A368013BA360002B05DABA
:101F1000A269934213DBFBB20A2B10D0FF25236882
:101F20003D405A1C22601F70636EDB0702D4A389F8
:101F30009B050FD52800F8BD00F04CFDDDE7220021
:101F40003900300000F038FB0500EDE7A06DFFF729
:101F50005FFCD8E7A06DFFF75DFCEBE710B5044B25
:101F60000A001B680100180000F004F810BDC0460C
:101F7000CC3A0020F0B5DE464E4645465746E0B521
:101F8000804685B00E1E934600D1C6E05C460B34F9
:101F9000FFF79AFF162C68D810241023A34568D8A1
:101FA0003700083F796803220D009543781901979F
:101FB00081469D4200DB94E0C44A406892680390E9
:101FC00002924A4500D1BCE00122924602005046EE
:101FD00082439446CC4462465268024200D092E06A
:101FE0000322039890432A1894469A4200DB18E192
:101FF00052460A420ED103213A68BA1A92465268F2
:102000008A4310184119019199423FDAAA180192A6
:102010009A4241DA59464046FFF78AFC8146002839
:102020001FD07B68BC4601930123019902009943AC
:102030000B00083A6344934200D1FCE02A1F242A93
:1020400000D9FFE031680300132A00D9C4E0320050
:1020500019605168596092689A603100404600F0FA
:1020600049FD4046FFF738FF08E007239C43231E45
:1020700094DA0C234246136000239946484605B083
:102080003CBC90469946A246AB46F0BD4B464A46FC
:10209000DB689268D3609A60534652465746DB68C5
:1020A00092680837D3609A60019B2A1F534499466F
:1020B000242A00D99AE031683B00132A09D95346F3
:1020C00099607168D9601B2A00D9CAE0B1681033E1
:1020D000083619607268019D5A60B2683E00574622
:1020E0009A6001237A68281B1A400F281AD82A43BD
:1020F0007A604A46526813434A4653604046FFF7A7
:10210000EBFEB146BAE7084200D083E703213A6804
:10211000BA1A924652688A4378E71100FFF708FC22
:102120008146ABE7391914434A4618437C6048603E
:102130005268083113434A464046536000F0DAFCC7
:10214000DCE70322039890432A1891461022944614
:10215000A444E14552DACA0700D55BE739687A1A28
:102160000321924652688A431018411901918C4507
:1021700000DD4BE753465246DB689268D3609A60B5
:1021800008232A1F53449946242A00D986E031683F
:10219000132A09D9534699607168D9601B2A00D95E
:1021A00081E0B16810330836196072685A60B2680D
:1021B0009A6053461919454B40469960019B1A1B7A
:1021C00001231A434A605246526813401C43534647
:1021D0005C60FFF781FE51E70160716841601B2A76
:1021E00034D8320008330832B16831E731003800A2
:1021F00000F00EFF3E00019D574672E70198334BF9
:10220000011999604B461A1B01231A434A60416821
:10221000B1460B401C43446040460191FFF75CFE11
:102220002CE74B464A46B946DB689268E144D360E6
:1022300065469A6055E70322B9465B689343ED18FB
:10224000A9444EE7310000F0E3FE06E7B168816083
:10225000F168C160242A0ED0320010331032316987
:10226000F6E6B1681961F1685961242A0DD0316927
:10227000183310362DE732690100026132007069AF
:10228000183248611833B169E2E632699A61524600
:1022900071692033D161B16918361AE7310018002D
:1022A00000F0B6FE85E7B1681961F1685961242A2A
:1022B00003D031691833103676E732699A61524695
:1022C00071692033D161B16918366DE7F83E00209D
:1022D000002370B5064C050008002360EDF77CFE76
:1022E000431C00D070BD2368002BFBD02B60F9E7A6
:1022F000F852002070B505000C001F2922D8B72322
:102300009B00C358002B0ED08A009B181A68002A25
:1023100009D0012A14D0511C0ED0002120001960D0
:102320009047002070BD280000F030F82200010026
:10233000280000F017F8F5E7162303600120F1E705
:102340000020EFE71623036001204042EAE7C04681
:1023500010B5034B01001868FFF7CCFF10BDC04655
:10236000CC3A0020002370B5074C0500080011008E
:102370002360EDF74DFE431C00D070BD2368002B99
:10238000FBD02B60F9E7C046F852002010B5EDF7FE
:102390003DFE10BD70B50C000E25495F00F0E4FC59
:1023A000002803DB236D1B18236570BDA389024A37
:1023B0001340A381F9E7C046FFEFFFFFF8B5160011
:1023C0001F000C228B5E0C0005000E22895EDA05D0
:1023D00008D4094A28001340A38132003B0000F0D2
:1023E0004FF9F8BD0022022300F0AAFC0C22A35EE4
:1023F0000E22A15EEDE7C046FFEFFFFF70B50C00B7
:102400000E25495F00F09CFC431C06D08023A28966
:102410005B011343A381206570BDA389014A13406A
:10242000A381F9E7FFEFFFFF10B50E23C95E00F0AF
:10243000A9F910BD024670B50A4392072AD11E4D74
:10244000EE0104C808C9541B9443344017D0D0B2DD
:10245000D9B2401A2106014310D190B299B2401A64
:10246000210401430AD110021902000A090A401A84
:102470002102014302D1100E190E401A70BD9A427A
:10248000DFD010BA19BA884201D9012070BD0020EE
:10249000C04370BD02780B7801300131002A09D0A9
:1024A0009A4207D102780B7801300131002A01D01D
:1024B0009A42EFD0D01A70BD0101010110B5830717
:1024C00027D00378002B26D00300032102E01A78DE
:1024D000002A1CD001330B42F9D119680F4A104C65
:1024E0008A188A4322420FD1043319680B4A8A188A
:1024F0008A43224208D104331968084A8A188A4359
:102500002242F1D000E001331A78002AFBD1181AD8
:1025100010BD0300E1E70020FAE7C046FFFEFEFE23
:102520008080808030B5002A39D003000B439B07A0
:102530001FD1032A1DD903680C68A34231D1043A84
:10254000002A2CD01A4C1B4D1C199C432C420CD039
:1025500025E003680C68A34223D1043A002A1ED068
:10256000134C1C199C432C4219D104300431032A0A
:10257000EFD804780D78013AA5420ED1002A0ED08A
:10258000002C0CD0012304E09A4208D00133002C27
:1025900005D0C45CCD5CAC42F6D0601B00E00020EE
:1025A00030BD04780D78013AA542E9D0601BF7E709
:1025B000FFFEFEFE80808080F8B506000D0014004E
:1025C000002802D0836B002B4BD0A369A3600C239F
:1025D000E25E91B20B071FD52369002B1CD0FF20B0
:1025E000EFB2054080208001014226D02268616957
:1025F000D31A99422CDD0133A1680139A160511C25
:102600002160177062699A422ED0A389DB0701D539
:102610000A2D29D02800F8BD2100300000F044F830
:10262000002827D1FF20EFB2054080200C23E25E76
:10263000800191B223690142D8D10243616EA28127
:102640000E4A0A40626661692268D31A9942D2DC56
:102650002100300000F058F900280BD12268012336
:10266000CAE700F0B7F9B0E72100300000F04CF9FC
:102670000028CFD001256D42CCE7C046FFDFFFFF29
:1026800070B50500080011000022064C22601A00F7
:10269000F0F7D4FD431C00D070BD2368002BFBD0A5
:1026A0002B60F9E7F8520020354B70B5050018682B
:1026B0000C00002802D0836B002B23D00C23E25E99
:1026C00093B2190725D5216900292DD0DA0708D53D
:1026D0000023A360636900205B42A361002908D046
:1026E00070BD00229B0700D46269A260002000290F
:1026F000F6D10C22A35E1A06F2D540221343A38121
:102700000138EDE700F066F90C23E25E93B2190799
:10271000D9D4D9062BD55B0714D4216908231343D8
:10272000A3819BB20029D1D1A022802092008000F9
:102730001A408242CAD021002800FFF79DF8A389E1
:102740002169C3E7216B00290AD023004033994255
:1027500004D0280000F0CEF90C23E25E00232363AE
:1027600024239A430023216963602160D6E709236B
:102770002B60402301201A43A2814042B0E7C046AB
:10278000CC3A0020002370B5064C050008002360F9
:10279000F0F766FD431C00D070BD2368002BFBD012
:1027A0002B60F9E7F8520020F0B5C64600B50C23BF
:1027B000CA5E804693B20C0019074DD480231B01DA
:1027C00013436268A381002A67DDA56A002D3FD00C
:1027D00042464146166800229BB20A60E169DA046B
:1027E00060D4012300224046A847431C69D0A38936
:1027F000A56AE1695B0706D56368C01A236B002BE5
:1028000001D0E36BC01A002302004046A847431CD6
:102810004AD143461A680C21635E002A5FD01D2A04
:1028200001D0162A69D1374A1340A381002363607F
:10283000236923604346216B1E60002908D02300D2
:102840004033994202D0404600F054F900232363FC
:10285000002004BC9046F0BD2669002EF8D0226806
:102860002660951B00229B0700D16269A260002DA3
:1028700004DCEDE736182D1A002DE9DD2B003200BF
:10288000E1694046676AB8470028F3DC402201202E
:10289000A38940421343A381DBE7E26B002A00DDFA
:1028A00093E7D5E7206DA5E7A389164A13400022D8
:1028B000626022691BB2A3812260DB04BAD5206565
:1028C000B8E743461B68002B00D190E71D2B10D0C2
:1028D000162B0ED04022A3891343A381B9E70949DF
:1028E000626022690B40A3812260DB04A2D52065CF
:1028F000A0E7434600201E60ABE740221343A381BC
:10290000A7E7C046FFF7FFFF70B505000C000028E1
:1029100002D0836B002B15D00C22A35E002B17D0A6
:10292000626ED20701D49B0514D528002100FFF761
:102930003BFF636E0500DB0702D4A3899B0515D519
:10294000280070BD00F046F80C22A35E002BE7D1F2
:102950000025F5E7A06DFEF75BFF28002100FFF7DB
:1029600023FF636E0500DB07EAD4E6E7A06DFEF700
:1029700051FFE5E7002310B5040003604360836066
:1029800081814366C2810361436183610822002122
:102990005C30F0F75DFA2000064BE4612362064BE1
:1029A00058306362054BA362054BE362FEF72CFFD0
:1029B00010BDC04695230210BD230210FD23021056
:1029C0002924021010B5024900F082F910BDC0465A
:1029D000912D021070B50400144D2800FEF718FF69
:1029E000A36B002B1DD1124A0421E263B82292008E
:1029F000A350B92303229B00E2500833E218043BA2
:102A0000E25060680022FFF7B5FF01220921A068AB
:102A1000FFF7B0FF02221221E068FFF7ABFF0123AE
:102A2000A3632800FEF7F6FE70BDC046E05200200A
:102A3000C529021010B50248FEF7EAFE10BDC046D7
:102A4000F452002010B50248FEF7E4FE10BDC04667
:102A5000F4520020F8B50C000600FFF735FA204FBD
:102A6000BB685D6803239D431E4B2C1B9C4664443E
:102A7000240B1D4B013C24039C4207DD0021300048
:102A8000FFF726FCBB685B19984204D03000FFF7C3
:102A900023FA0020F8BD61423000FFF719FC431C07
:102AA0000DD00122BB682D1B15435D600F4B30001C
:102AB0001A68141B1C60FFF70FFA0120EAE70021D7
:102AC0003000FFF705FCBA68831A0F2BDEDD0849DA
:102AD0000968401A0549086001210B435360D5E796
:102AE000F83E0020EF0F0000FF0F0000604E0020B6
:102AF00000430020F0B5D6464F4646460500C0B517
:102B00000C1E5CD0FFF7E0F9210008394F68012462
:102B10003B000322A343C81846689643B146664E5D
:102B2000B268824200D175E04A46426082189446FB
:102B30003C4229D10F68C91B8A68DB19904662465E
:102B40005768082294462740B444BA46E04556D018
:102B5000CA68944642466746D760624647469760D1
:102B60005246002A13D101224B44CF18BC46846838
:102B7000524F1A43BC4200D17AE0C068E0608460E2
:102B80004A606246136005E057682742EBD01C4359
:102B90004C6003604A4A934216D8DB08FF3A98100B
:102BA000FF3A82407068DB00024372609E19B3688E
:102BB000CE608B60B160D9602800FFF78DF91CBC36
:102BC00090469946A246F0BD5C0A042C3AD89C096E
:102BD000200039343830E4003419083CA268032757
:102BE00094423ED05068B843984202D992689442C9
:102BF000F8D1D468CC608A60A160D160DCE7002F96
:102C000055D1C2684B4480681C43C26090604C60E0
:102C1000CB50D1E74B443C4206D10A68891A8868F8
:102C20009B18CA68C260906001221A434A60254A14
:102C3000B16012689A42BFD8234B28001968FFF789
:102C400009FFB9E7142C07D9542C19D81C0B200004
:102C50006F346E30E400BFE720005C345B30E4008A
:102C6000BAE7012380108340706803437360C1E7B3
:102C7000E160A1604A606246CC608C6013609BE7B3
:102C8000AA204000844205D8DC0B2000783477303D
:102C9000E400A1E70D48844205D89C0C20007D3457
:102CA0007C30E40098E7FE247E20A40094E71C43D7
:102CB0004C60036080E7C046F83E0020003F0020E3
:102CC000FF01000004430020904E00205405000046
:102CD000F8B54746CE4680B5B8278046BF00474482
:102CE00089460026002F14D07B68BC685D1E0DD479
:102CF000A389012B07D90E22A35E013303D0210043
:102D00004046C84706436834013DF1D23F68002F72
:102D1000EAD130000CBC90469946F8BD002370B54E
:102D2000064C050008002360F0F7A6FA431C00D00B
:102D300070BD2368002BFBD02B60F9E7F852002010
:102D400070B50500080011000022064C22601A0030
:102D5000F0F78AFA431C00D070BD2368002BFBD02B
:102D60002B60F9E7F852002070B50500080011004B
:102D70000022064C22601A00F0F716FA431C00D01D
:102D800070BD2368002BFBD02B60F9E7F8520020C0
:102D900070B505000C1E4AD0002802D0836B002BB2
:102DA00047D001260C22A35E626E324233D0002B44
:102DB0003DD021002800FFF7F7FCE36A0600002B56
:102DC00004D0E1692800984700283BDBA3891B0653
:102DD0003DD4216B002908D023004033994202D012
:102DE0002800FFF787FE00232363616C002904D0CD
:102DF0002800FFF77FFE00236364FFF71BFE00231C
:102E0000A381636EDB072BD5A06DFEF7FFFCFFF7F8
:102E100019FE300070BD9B05CBD4A06DFEF7F8FC09
:102E20000C22A35E002BC4D1636E1E4014D000267A
:102E3000EFE70126FFF7CEFD0C22A35E626E324261
:102E4000B5D1E8E70126A38976421B06C1D52169E1
:102E50002800FFF74FFEBCE7A06DFEF7DBFCD8E7CC
:102E6000A06DFEF7D7FCCFE7F8B5C0460000000024
:102E700001B40248844601BC604700BFF31900203A
:102E800001B40248844601BC604700BF79040020B9
:102E900001B40248844601BC604700BF050600201B
:102EA00001B40248844601BC604700BFB90300205A
:102EB00001B40248844601BC604700BFD10A00202B
:102EC00001B40248844601BC604700BF791A002063
:102ED00001B40248844601BC604700BFD50E002003
:102EE00001B40248844601BC604700BFA519002018
:102EF00001B40248844601BC604700BFF9190020B4
:102F000001B40248844601BC604700BF750E002032
:102F100001B40248844601BC604700BFED1900209F
:102F200001B40248844601BC604700BFD10A0020BA
:102F300001B40248844601BC604700BF9D150020D3
:102F400001B40248844601BC604700BF85020020EE
:102F500001B40248844601BC604700BF710E0020E6
:102F600001B40248844601BC604700BFB905002097
:102F700001B40248844601BC604700BFCD1900205F
:102F800001B40248844601BC604700BF51050020DF
:102F900001B40248844601BC604700BFF907002025
:102FA00001B40248844601BC604700BF51030020C1
:102FB00001B40248844601BC604700BF850E002072
:102FC00001B40248844601BC604700BFCD15002013
:102FD00001B40248844601BC604700BF01090020DB
:102FE00001B40248844601BC604700BFE5090020E7
:102FF00001B40248844601BC604700BF6D15002043
:1030000001B40248844601BC604700BF3D02002075
:1030100001B40248844601BC604700BFC91A0020C1
:1030200001B40248844601BC604700BFD9190020A2
:10303000400000000A493243204275732053636107
:103040006E0000002020203020203120203220205F
:1030500033202034202035202036202037202038EF
:1030600020203920204120204220204320204420BD
:103070002045202046000000253032782000000046
:1030800020200000446F6E652E0000004D43503933
:10309000363030203078363020436F6E6E65637482
:1030A000656400004D43503936303020307836307A
:1030B000204E6F7420636F6E6E65637465640000EC
:1030C0004D435039363030203078363320436F6EE0
:1030D0006E656374656400004D43503936303020AE
:1030E00030783633204E6F7420636F6E6E65637474
:1030F000656400004D435039363030203078363723
:1031000020436F6E6E656374656400004D435039F3
:103110003630302030783637204E6F7420636F6E33
:103120006E6563746564000075735F73696E6365D3
:103130005F626F6F74203C3D20494E5436345F4DC2
:10314000415800002F55736572732F616E6472656C
:10315000796B69736C697473796E2F7069636F2D05
:1031600073646B2F7372632F636F6D6D6F6E2F704F
:1031700069636F5F626173652F696E636C75646507
:103180002F7069636F2F74797065732E680000006B
:10319000080052509200000008005250924208006D
:1031A000766F6964207570646174655F75735F73B1
:1031B000696E63655F626F6F74286162736F6C75AF
:1031C00074655F74696D655F742A2C2075696E740F
:1031D00036345F7429000000303A0000766F69646D
:1031E000207570646174655F75735F73696E636584
:1031F0005F626F6F74286162736F6C7574655F7462
:10320000696D655F742A2C2075696E7436345F743D
:1032100029000000303132333435363738394142F5
:1032200043444546000000002573000049525120E8
:10323000737461636B206F766572666C6F770000E4
:10324000766F6964207570646174655F75735F7310
:10325000696E63655F626F6F74286162736F6C750E
:1032600074655F74696D655F742A2C2075696E746E
:1032700036345F7429000000FE9F0010EC9F0010A0
:10328000E09F001012A0001008A0001038A000104D
:10329000D69F0010A69F00109C9F0010209F00103A
:1032A000869F0010209F00106A9F0010C09F001092
:1032B000709F0010537431396261645F6F7074697C
:1032C0006F6E616C5F61636365737300A05702107A
:1032D000B43202105058021000000000000000003C
:1032E000619600107596001059960010CDCC4C3F99
:1032F0008FC2F53D000040410000E0C00000E0400A
:103300009A99193FCDCCCC3D0000803F000020C1F0
:1033100000002041626164206F7074696F6E616C9F
:103320002061636365737300766F696420757064F0
:103330006174655F75735F73696E63655F626F6FFC
:1033400074286162736F6C7574655F74696D655F15
:10335000742A2C2075696E7436345F74290000005D
:10336000766F6964207570646174655F75735F73EF
:10337000696E63655F626F6F74286162736F6C75ED
:1033800074655F74696D655F742A2C2075696E744D
:1033900036345F742900000034B10010E2B0001030
:1033A000D0B00010B8B1001066B100105CB10010D0
:1033B0004EB10010C6B00010AEB0001072B00010D8
:1033C0005EB00010F8AF0010DCAF001046B1001086
:1033D00000010200020301000102030405060000CF
:1033E00001000000000000000300000004000000D5
:1033F000010003044D657373616765207265636541
:103400006976656400000000766F696420757064F9
:103410006174655F75735F73696E63655F626F6F1B
:1034200074286162736F6C7574655F74696D655F34
:10343000742A2C2075696E7436345F74290000007C
:10344000000020C100000000000004420000F04223
:1034500000000000CDCC4C3F8FC2F53D0000404144
:103460000000E0C00000E0409A99193FCDCCCC3D6F
:103470000000803F000020C100002041CDCC4C3F27
:103480008FC2F53D000040410000E0C00000E04078
:103490009A99193FCDCCCC3D0000803F000020C15F
:1034A00000002041000020C1000000000000D242C6
:1034B0000000F04200000000CDCC4C3F8FC2F53D33
:1034C000000040410000E0C00000E0409A99193F30
:1034D000CDCCCC3D0000803F000020C10000204149
:1034E000000020C1000000000000D2420000F042B5
:1034F00000000000CDCC4C3F8FC2F53D00004041A4
:103500000000E0C00000E0409A99193FCDCCCC3DCE
:103510000000803F000020C100002041766F6964F8
:10352000207570646174655F75735F73696E636540
:103530005F626F6F74286162736F6C7574655F741E
:10354000696D655F742A2C2075696E7436345F74FA
:10355000290000000E000000000000000000000034
:10356000000000000000000000000000000000005B
:103570000300000000000000000000007665637496
:103580006F723A3A5F4D5F72616E67655F6368653F
:10359000636B3A205F5F6E202877686963682069F3
:1035A0007320257A7529203E3D20746869732D3E6D
:1035B00073697A65282920287768696368206973A8
:1035C00020257A7529000000766F69642075706483
:1035D0006174655F75735F73696E63655F626F6F5A
:1035E00074286162736F6C7574655F74696D655F73
:1035F000742A2C2075696E7436345F7429000000BB
:1036000068775F636C61696D5F636C656172000010
:1036100068775F69735F636C61696D65642862696F
:1036200074732C206269745F696E64657829000088
:103630002F55736572732F616E647265796B697350
:103640006C697473796E2F7069636F2D73646B2F5F
:103650007372632F7270325F636F6D6D6F6E2F6860
:10366000617264776172655F636C61696D2F636C11
:1036700061696D2E630000004E6F207370696E6C7F
:103680006F636B732061726520617661696C616242
:103690006C6500006972715F7365745F6578636C57
:1036A00075736976655F68616E646C6572000000B1
:1036B0006D616B655F6272616E636800696E7365F0
:1036C00072745F6272616E63685F616E645F6C6981
:1036D0006E6B00007265736F6C76655F6272616E0F
:1036E000636800006972715F6164645F736861722E
:1036F00065645F68616E646C657200006972715F19
:1037000072656D6F76655F68616E646C65720000EE
:103710006972715F6164645F7461696C5F746F5F2B
:10372000667265655F6C6973740000006972715F31
:1037300068616E6465725F636861696E5F66726519
:10374000655F736C6F745F68656164203E3D203017
:1037500000000000767461626C655F68616E646C85
:103760006572203D3D205F5F756E68616E646C65BB
:10377000645F757365725F69727100002128282883
:103780002875696E747074725F7429767461626CE6
:10379000655F68616E646C657229202D202828752C
:1037A000696E747074725F74296972715F68616E9A
:1037B000646C65725F636861696E5F736C6F74736C
:1037C00029202D2031292573697A656F6628737445
:1037D00072756374206972715F68616E646C657282
:1037E0005F636861696E5F736C6F74292900000004
:1037F00069735F7368617265645F6972715F72613A
:10380000775F68616E646C657228736C6F745F6853
:10381000616E646C65722900657863657074696FA8
:103820006E000000666F756E6400000021657863AD
:10383000657074696F6E207C7C2065786365707438
:10384000696F6E203D3D206E756D202B20565441D2
:10385000424C455F46495253545F49525100000063
:10386000212864656C7461203E3E20313175290049
:1038700066616C736500000063757272656E74201A
:103880003D3D205F5F756E68616E646C65645F7559
:103890007365725F697271207C7C206375727265DA
:1038A0006E74203D3D2068616E646C65720000009E
:1038B00064656C7461203E3D202D32303438202602
:1038C000262064656C7461203C3D20323034362003
:1038D000262620212864656C746120262031290069
:1038E00030783163203D3D20282A696E7374293E6B
:1038F0003E313175000000002F55736572732F61E2
:103900006E647265796B69736C697473796E2F700C
:1039100069636F2D73646B2F7372632F7270325FE4
:10392000636F6D6D6F6E2F68617264776172655F32
:103930006972712F6972712E630000007570646185
:1039400074655F75735F73696E63655F626F6F74D3
:103950000000000073656D5F7265736574000000A0
:103960007065726D697473203E3D203020262620DC
:103970007065726D697473203C3D2073656D2D3EDA
:103980006D61785F7065726D697473002F55736532
:1039900072732F616E647265796B69736C6974738D
:1039A000796E2F7069636F2D73646B2F7372632F41
:1039B000636F6D6D6F6E2F7069636F5F73796E6388
:1039C0002F73656D2E6300006D757465785F656E8D
:1039D0007465725F626C6F636B5F756E74696C00A7
:1039E0006D757465785F657869740000746F7461D3
:1039F0006C0000002F55736572732F616E647265E1
:103A0000796B69736C697473796E2F7069636F2D4C
:103A100073646B2F7372632F636F6D6D6F6E2F7096
:103A200069636F5F73796E632F6D757465782E634C
:103A3000000000006D74782D3E636F72652E737008
:103A4000696E5F6C6F636B006C6F636B5F69735F54
:103A50006F776E65725F69645F76616C6964286D0B
:103A600074782D3E6F776E65722900006D74782D25
:103A70003E656E7465725F636F756E740000000062
:103A80007570646174655F75735F73696E63655F9C
:103A9000626F6F740000000070685F6765745F6E2E
:103AA0006F64650070685F6164645F6368696C641B
:103AB0005F6E6F646500000070685F667265655FC9
:103AC0006E6F6465000000006765745F656E7472F8
:103AD000790000006765745F656E7472795F696470
:103AE0005F68696768000000616C61726D5F706F8C
:103AF0006F6C5F6765745F64656661756C74000008
:103B00006164645F616C61726D5F756E6465725F44
:103B10006C6F636B00000000616C61726D5F706FB1
:103B20006F6C5F616C61726D5F63616C6C6261632D
:103B30006B000000616C61726D5F706F6F6C5F6332
:103B4000616E63656C5F616C61726D00726570655A
:103B50006174696E675F74696D65725F63616C6CD7
:103B60006261636B000000002170685F636F6E74B8
:103B700061696E735F6E6F646528706F6F6C2D3E48
:103B8000686561702C2072657573655F69642900D2
:103B900072656D6F7665645F6964203D3D206E657A
:103BA00078745F696400000063616C6C6261636BD0
:103BB00000000000706F6F6C2D3E616C61726D5F74
:103BC000696E5F70726F6772657373203D3D206D23
:103BD000616B655F7075626C69635F6964286964B5
:103BE0005F686967682C206E6578745F6964290076
:103BF0006964202626202170685F636F6E74616996
:103C00006E735F6E6F646528686561702C206964EF
:103C10002900000021686561702D3E667265655F50
:103C20007461696C5F696400616C61726D5F696485
:103C300020213D20706F6F6C2D3E616C61726D5F55
:103C4000696E5F70726F67726573730072630000F4
:103C500064656661756C745F616C61726D5F706FD5
:103C60006F6C5F696E697469616C697A6564282933
:103C70000000000000000000FFFFFFFFFFFFFF7FCC
:103C80006964202626206964203C3D20706F6F6C9B
:103C90002D3E686561702D3E6D61785F6E6F646565
:103CA000730000002F55736572732F616E64726527
:103CB000796B69736C697473796E2F7069636F2D9A
:103CC00073646B2F7372632F636F6D6D6F6E2F70E4
:103CD00069636F5F74696D652F74696D652E63002C
:103CE0006368696C645F69640000000070617265FC
:103CF0006E745F696420213D206368696C645F694C
:103D0000640000006964202626206964203C3D2070
:103D1000686561702D3E6D61785F6E6F64657300DC
:103D20002F55736572732F616E647265796B697359
:103D30006C697473796E2F7069636F2D73646B2F68
:103D40007372632F636F6D6D6F6E2F7069636F5F3A
:103D50007574696C2F696E636C7564652F70696327
:103D60006F2F7574696C2F70686561702E68000024
:103D700072742D3E616C61726D5F6964203D3D20FF
:103D800069640000417474656D7074656420746FBB
:103D900020736C65657020696E73696465206F6659
:103DA00020616E20657863657074696F6E2068614C
:103DB0006E646C65723B2075736520627573795F04
:103DC0007761697420696620796F75206D757374E9
:103DD000000000007570646174655F75735F7369DE
:103DE0006E63655F626F6F740000000068617264EB
:103DF000776172655F616C61726D5F7365745F742A
:103E00006172676574000000486172647761726571
:103E100020616C61726D20256420616C7265616443
:103E20007920636C61696D656400000074696D657B
:103E3000725F68772D3E696E74732026203175207D
:103E40003C3C20616C61726D5F6E756D000000001E
:103E50002F55736572732F616E647265796B697328
:103E60006C697473796E2F7069636F2D73646B2F37
:103E70007372632F7270325F636F6D6D6F6E2F6838
:103E8000617264776172655F74696D65722F7469C0
:103E90006D65722E6300000070685F6765745F6E09
:103EA0006F64650070685F6164645F6368696C6417
:103EB0005F6E6F646500000070685F72656D6F769D
:103EC000655F616E795F68656164000070685F724C
:103ED000656D6F76655F616E645F667265655F6E66
:103EE0006F6465006E65775F7375625F7472656598
:103EF00020213D20686561702D3E726F6F745F698F
:103F000064000000726F6F745F6964002F55736501
:103F100072732F616E647265796B69736C69747307
:103F2000796E2F7069636F2D73646B2F7372632FBB
:103F3000636F6D6D6F6E2F7069636F5F7574696C01
:103F40002F70686561702E63000000002170685F4B
:103F50006765745F6E6F646528686561702C207298
:103F60006F6F745F6964292D3E7369626C696E6757
:103F7000000000002170685F6765745F6E6F6465A4
:103F800028686561702C20726F6F745F6964292DD9
:103F90003E706172656E7400656C656D656E745F10
:103FA00070747200696E646578203C3D20712D3E0E
:103FB000656C656D656E745F636F756E740000008F
:103FC0002F55736572732F616E647265796B6973B7
:103FD0006C697473796E2F7069636F2D73646B2FC6
:103FE0007372632F636F6D6D6F6E2F7069636F5F98
:103FF0007574696C2F71756575652E63000000001E
:10400000636C6F636B5F636F6E6669677572650083
:104010007372635F66726571203E3D2066726571E2
:10402000000000002F55736572732F616E64726516
:10403000796B69736C697473796E2F7069636F2D16
:1040400073646B2F7372632F7270325F636F6D6D69
:104050006F6E2F68617264776172655F636C6F6306
:104060006B732F636C6F636B732E6300706C6C5F8C
:10407000696E69740000000076636F5F6672657137
:10408000203E3D20285049434F5F504C4C5F5643E3
:104090004F5F4D494E5F465245515F4B485A202A6B
:1040A000204B485A292026262076636F5F6672656A
:1040B00071203C3D20285049434F5F504C4C5F5687
:1040C000434F5F4D41585F465245515F4B485A2020
:1040D0002A204B485A2900002F55736572732F61AF
:1040E0006E647265796B69736C697473796E2F7025
:1040F00069636F2D73646B2F7372632F7270325FFD
:10410000636F6D6D6F6E2F68617264776172655F4A
:10411000706C6C2F706C6C2E6300000066626469BA
:1041200076203E3D20313620262620666264697660
:10413000203C3D203332300028706F73745F646917
:104140007631203E3D203120262620706F73745F2B
:1041500064697631203C3D203729202626202870AE
:104160006F73745F64697632203E3D2031202626CD
:1041700020706F73745F64697632203C3D2037296C
:10418000000000002C2066756E6374696F6E3A2023
:1041900000000000617373657274696F6E202225E0
:1041A0007322206661696C65643A2066696C6520DB
:1041B000222573222C206C696E65202564257325C9
:1041C000730A000072756E74696D655F696E69745B
:1041D000000000000A2A2A2A2050414E4943202A82
:1041E0002A2A0A0031203D3D202875696E747074BA
:1041F000725F74296C2D3E7370696E5F6C6F636BB8
:10420000000000002F55736572732F616E64726534
:10421000796B69736C697473796E2F7069636F2D34
:1042200073646B2F7372632F7270325F636F6D6D87
:104230006F6E2F7069636F5F72756E74696D652F35
:1042400072756E74696D652E63000000FE0D0110BD
:10425000BE0D0110BE0D0110F60D0110BE0D0110B6
:10426000BE0D0110BE0D0110BE0D0110BE0D0110DE
:10427000BE0D0110BE0D0110EE0D0110BE0D01109E
:10428000E60D0110BE0D0110BE0D0110A80D0110AC
:10429000D40E01109E0E0110C80E01109E0E0110CA
:1042A000B60E01109E0E01109E0E01109E0E011002
:1042B0009E0E01109E0E01109E0E01109E0E01100A
:1042C000060E01109E0E01109E0E01109E0E011092
:1042D0009E0E01109E0E0110060E011048110110D5
:1042E0006C0D01106C0D01106C0D01106C0D0110A6
:1042F0006C0D01106C0D01106C0D01106C0D011096
:104300006C0D01106C0D01106C0D01106C0D011085
:104310006C0D01106C0D01106C0D01106C0D011075
:104320006C0D01106C0D01106C0D01106C0D011065
:104330006C0D01106C0D01106C0D01106C0D011055
:104340006C0D01106C0D01106C0D01106C0D011045
:104350006C0D01106C0D01106C0D01109811011005
:1043600018110110981101106C0D01106C0D011045
:104370006C0D01106C0D01106C0D01106C0D011015
:104380006C0D01106C0D01106C0D01106C0D011005
:104390006C0D01106C0D01106C0D01106C0D0110F5
:1043A0006C0D01106C0D0110481001106C0D011006
:1043B0006C0D01106C0D01106C0D01106C0D0110D5
:1043C0006C0D01106C0D01106C0D01106C0D0110C5
:1043D00048100110E60F011048100110981101104B
:1043E00018110110981101106C0D011048100110E6
:1043F0006C0D01106C0D01106C0D01106C0D011095
:104400006C0D011048100110A00F01106C0D01106F
:104410006C0D0110E40E01106C0D0110481001101C
:104420006C0D01106C0D011048100110666E6900D2
:10443000666E692B000000006E616E00666E692D6D
:104440000000000000000000000000000000F03F3D
:10445000000000000000244000000000000059405F
:104460000000000000408F40000000000088C340B2
:1044700000000000006AF8400000000080842E4127
:1044800000000000D01263410000000084D7974173
:104490000000000065CDCD412A282875696E74386A
:1044A0005F74202A29726F6D5F646174615F6C6F45
:1044B0006F6B757028726F6D5F7461626C655F639E
:1044C0006F6465282753272C2027462729292D325A
:1044D00029202A2034203E3D2053465F5441424C3F
:1044E000455F56325F53495A450000002F557365AA
:1044F00072732F616E647265796B69736C69747322
:10450000796E2F7069636F2D73646B2F7372632FD5
:104510007270325F636F6D6D6F6E2F7069636F5F66
:10452000646F75626C652F646F75626C655F696E30
:1045300069745F726F6D2E63000000005F5F6165DC
:104540006162695F646F75626C655F696E69740052
:104550006D697373696E6720646F75626C65206640
:10456000756E6374696F6E002A282875696E7438D9
:104570005F74202A29726F6D5F7461626C652D32E1
:1045800029202A2034203E3D2053465F5441424C8E
:10459000455F56325F53495A450000002F557365F9
:1045A00072732F616E647265796B69736C69747371
:1045B000796E2F7069636F2D73646B2F7372632F25
:1045C0007270325F636F6D6D6F6E2F7069636F5FB6
:1045D000666C6F61742F666C6F61745F696E69746D
:1045E0005F726F6D2E6300005F5F61656162695F7E
:1045F000666C6F61745F696E697400004F7574203A
:104600006F66206D656D6F72790000000600525074
:10461000BBFF3CB65046021006005250E182887F34
:104620003846021006005250D3F075423046021050
:1046300052656C6561736500626F6F74325F7732CB
:104640003571303830000000312E352E3100000039
:1046500061726475696E6F5F6E616E6F5F727032EA
:104660003034305F636F6E6E65637400736D6172BA
:10467000745F6C63630000004D6179203135203236
:10468000303236007570646174655F75735F73698D
:104690006E63655F626F6F74000000000D0A0000BA
:1046A000666C6173685F646F5F636D640000000037
:1046B000666C6173685F6F666673202B20636F752D
:1046C0006E74203C3D205049434F5F464C41534857
:1046D0005F53495A455F4259544553002F557365FE
:1046E00072732F616E647265796B69736C69747330
:1046F000796E2F7069636F2D73646B2F7372632FE4
:104700007270325F636F6D6D6F6E2F686172647768
:104710006172655F666C6173682F666C6173682E89
:1047200063000000636F6E6E6563745F696E74652D
:10473000726E616C5F666C61736820262620666C01
:104740006173685F657869745F78697020262620D8
:10475000666C6173685F72616E67655F65726173D5
:104760006520262620666C6173685F666C757368C9
:104770005F63616368650000636F6E6E6563745F9D
:10478000696E7465726E616C5F666C617368202619
:104790002620666C6173685F657869745F786970FC
:1047A00020262620666C6173685F72616E67655FA4
:1047B00070726F6772616D20262620666C61736867
:1047C0005F666C7573685F63616368650000000015
:1047D000636F6E6E6563745F696E7465726E616C33
:1047E0005F666C61736820262620666C6173685F63
:1047F000657869745F78697020262620666C61731D
:10480000685F666C7573685F63616368650000006C
:104810006932635F7365745F626175647261746548
:10482000000000007364615F74785F686F6C645FA0
:10483000636F756E74203C3D206C636E74202D2078
:10484000320000002F55736572732F616E647265BC
:10485000796B69736C697473796E2F7069636F2DEE
:1048600073646B2F7372632F7270325F636F6D6D41
:104870006F6E2F68617264776172655F6932632F52
:104880006932632E630000004E6F20444D41206367
:1048900068616E6E656C7320617265206176616916
:1048A0006C61626C650000004546492050415254DD
:1048B00000000100454649205041525400000100CB
:1048C0005C000000A2A0D0EBE5B9334487C068B615
:1048D000B72699C7EB7690455846415420202000D2
:1048E0004641543332202020000000004E6F2053F8
:1048F0004420636172642064657465637465642137
:104900000D0A00002F73645F6472697665722F73FD
:10491000645F636172642E630000000075706461FF
:1049200074655F75735F73696E63655F626F6F74E3
:10493000000000006368616E6E656C5F636F6E6699
:1049400069675F7365745F64726571006368616E47
:104950006E656C5F636F6E6669675F7365745F63D6
:104960006861696E5F746F007270323034305F73EB
:1049700064696F5F636F6D6D616E645F52310000DB
:104980007270323034305F7364696F5F72785F7356
:1049900074617274000000007364696F5F76657201
:1049A0006966795F72785F636865636B73756D7351
:1049B000000000007364696F5F73746172745F6EEE
:1049C0006578745F626C6F636B5F747800000000E1
:1049D0007364696F5F636F6D707574655F6E657822
:1049E000745F74785F636865636B73756D00000056
:1049F0007270323034305F7364696F5F74785F73E4
:104A00007461727400000000636861696E5F746FA6
:104A1000203C3D204E554D5F444D415F4348414E43
:104A20004E454C53000000002F55736572732F6183
:104A30006E647265796B69736C697473796E2F70CB
:104A400069636F2D73646B2F7372632F7270325FA3
:104A5000636F6D6D6F6E2F68617264776172655FF1
:104A6000646D612F696E636C7564652F6861726433
:104A7000776172652F646D612E68000064726571E4
:104A8000203C3D20445245515F464F524345000073
:104A900000122436485A6C7E9082B4A6D8CAFCEE26
:104AA000322016047A685E4CA2B08694EAF8CEDC16
:104AB000647640522C3E081AF4E6D0C2BCAE988A06
:104AC000564472601E0C3A28C6D4E2F08E9CAAB8F6
:104AD000C8DAECFE8092A4B6584A7C6E10023426E6
:104AE000FAE8DECCB2A096846A784E5C22300614D6
:104AF000ACBE889AE4F6C0D23C2E180A74665042C6
:104B00009E8CBAA8D6C4F2E00E1C2A3846546270B5
:104B10008290A6B4CAD8EEFC120036245A487E6CA5
:104B2000B0A29486F8EADCCE20320416687A4C5E95
:104B3000E6F4C2D0AEBC8A98766452403E2C1A0885
:104B4000D4C6F0E29C8EB8AA445660720C1E283A75
:104B50004A586E7C02102634DAC8FEEC9280B6A465
:104B6000786A5C4E30221406E8FACCDEA0B2849655
:104B70002E3C0A1866744250BEAC9A88F6E4D2C045
:104B80001C0E382A544670628C9EA8BAC4D6E0F235
:104B900025733A2054696D656F7574207761697467
:104BA000696E6720666F7220726573706F6E7365D1
:104BB00020696E207270323034305F7364696F5FC9
:104BC000636F6D6D616E645F52312830782568784F
:104BD000290A00007270323034305F7364696F5F8D
:104BE000636F6D6D616E645F5231282564293A20D0
:104BF000435243206572726F722C2063616C63753F
:104C00006C617465642030782568782C207061634D
:104C10006B6574206861732030782568780A00001D
:104C20002564207270323034305F7364696F5F6363
:104C30006F6D6D616E645F5231282564293A207270
:104C400065636569766564207265706C7920666F4E
:104C5000722025640A00000025732C25642053442B
:104C6000494F20636865636B73756D206572726F61
:104C70007220696E20726563657074696F6E3A2088
:104C8000626C6F636B2025642063616C63756C617B
:104C9000746564203078256C6C7820657870656365
:104CA000746564203078256C6C780A002828756952
:104CB0006E7433325F7429627566666572202620D1
:104CC0003329203D3D2030202626206E756D5F6201
:104CD0006C6F636B73203C3D205344494F5F4D41E3
:104CE000585F424C4F434B5300000000F44C0210FD
:104CF00012FF0000E3B14DA161116061287101E173
:104D000081F10161471180E1287142A1311142A175
:104D1000CD1101414F11208153544154452E626CF5
:104D20006F636B735F646F6E65203C205354415416
:104D3000452E746F74616C5F626C6F636B732026B9
:104D4000262053544154452E626C6F636B735F632E
:104D50006865636B73756D6564203C2053544154E2
:104D6000452E746F74616C5F626C6F636B730000CF
:104D7000784D021005FF000022A02020BE2304422F
:104D8000430000008C4D021009FF00003E20BE24AD
:104D90000461420180E101418501A02120810000E0
:104DA0002F73645F6472697665722F5344494F2F85
:104DB0007270323034305F7364696F2E63000000AC
:104DC0007570646174655F75735F73696E63655F49
:104DD000626F6F740000000063616C63756C6174D6
:104DE000655F636C6B5F64697600000073645F737A
:104DF00064696F5F626567696E00000073645F736A
:104E000064696F5F72656164536563746F720000FB
:104E100073645F7364696F5F63746F720000000096
:104E2000646976203E3D2031202626206469762064
:104E30003C3D203635353336000000002F73645F6B
:104E40006472697665722F5344494F2F73645F63B0
:104E50006172645F7364696F2E63000025732C2593
:104E600064205344494F206E6F7420726573706FD5
:104E70006E64696E6720746F20434D44382053453B
:104E80004E445F49465F434F4E442C207374617417
:104E900075732030782578207265706C79203078B1
:104EA000256C780A0000000025732C2564205344EB
:104EB000494F206661696C656420746F2073657466
:104EC00020424C4F434B4C454E0A000073645F63D5
:104ED0006172645F702D3E7364696F5F69665F70B5
:104EE000000000002173645F636172645F702D3E97
:104EF0007364696F5F69665F702D3E434C4B5F67FB
:104F000070696F002173645F636172645F702D3E2E
:104F10007364696F5F69665F702D3E44315F6770CF
:104F2000696F00002173645F636172645F702D3E7E
:104F30007364696F5F69665F702D3E44325F6770AE
:104F4000696F00002173645F636172645F702D3E5E
:104F50007364696F5F69665F702D3E44335F67708D
:104F6000696F000025732C25642073645F73646986
:104F70006F5F72656164536563746F7228256C7529
:104F800029206661696C65643A2025640A00000086
:104F900073645F7364696F5F7265616453656374A2
:104FA0006F727328256C642C2E2E2E2C25642920DC
:104FB000206661696C65643A2025640A000000007F
:104FC00000002110422063308440A550C660E77085
:104FD000088129914AA16BB18CC1ADD1CEE1EFF12D
:104FE0003112100273325222B5529442F772D662D5
:104FF000399318837BB35AA3BDD39CC3FFF3DEE37D
:105000006224433420040114E664C774A444855424
:105010006AA54BB528850995EEE5CFF5ACC58DD5CC
:105020005336722611163006D776F6669556B44674
:105030005BB77AA719973887DFF7FEE79DD7BCC71C
:10504000C448E5588668A7784008611802282338C4
:10505000CCC9EDD98EE9AFF9488969990AA92BB96C
:10506000F55AD44AB77A966A711A500A333A122A14
:10507000FDDBDCCBBFFB9EEB799B588B3BBB1AABBC
:10508000A66C877CE44CC55C222C033C600C411C64
:10509000AEED8FFDECCDCDDD2AAD0BBD688D499D0C
:1050A000977EB66ED55EF44E133E322E511E700EB4
:1050B0009FFFBEEFDDDFFCCF1BBF3AAF599F788F5C
:1050C0008891A981CAB1EBA10CD12DC14EF16FE13C
:1050D0008010A100C230E320045025404670676074
:1050E000B9839893FBA3DAB33DC31CD37FE35EF38C
:1050F000B1029012F322D2323542145277625672C4
:10510000EAB5CBA5A89589856EF54FE52CD50DC5DB
:10511000E234C324A0148104667447642454054413
:10512000DBA7FAB79987B8975FE77EF71DC73CD72B
:10513000D326F2369106B016576676761546345663
:105140004CD96DC90EF92FE9C899E9898AB9ABA97B
:105150004458654806782768C018E1088238A328B3
:105160007DCB5CDB3FEB1EFBF98BD89BBBAB9ABBCB
:10517000754A545A376A167AF10AD01AB32A923A03
:105180002EFD0FED6CDD4DCDAABD8BADE89DC98D1B
:10519000267C076C645C454CA23C832CE01CC10C53
:1051A0001FEF3EFF5DCF7CDF9BAFBABFD98FF89F6B
:1051B000176E367E554E745E932EB23ED10EF01EA3
:1051C0000009121B242D363F48415A536C657E77E7
:1051D00019100B023D342F265158434A757C676ED7
:1051E000323B2029161F040D7A7368615E574C45C7
:1051F0002B2239300F061D14636A7178474E555CB7
:10520000646D767F4049525B2C253E3708011A13A6
:105210007D746F6659504B42353C272E1118030A96
:10522000565F444D727B60691E170C053A33282186
:105230004F465D546B627970070E151C232A313876
:105240004148535A656C777E09001B122D243F3666
:1052500058514A437C756E671019020B343D262F56
:10526000737A6168575E454C3B3229201F160D0446
:105270006A6378714E475C55222B3039060F141D36
:10528000252C373E0108131A6D647F7649405B5226
:105290003C352E2718110A03747D666F5059424B16
:1052A000171E050C333A21285F564D447B72696006
:1052B0000E071C152A233831464F545D626B7079F6
:1052C0007570646174655F75735F73696E63655F44
:1052D000626F6F740000000073645F7370695F77C2
:1052E000726974650000000031203D3D206E756DCF
:1052F000000000002F73645F6472697665722F533B
:1053000050492F73645F7370692E6800A87501108F
:105310004C7601104C7601104C7601102877011064
:105320009C7601104C7601104C7601104C760110E1
:105330004C7601104C7601104C7601104C76011021
:105340004C7601104C7601104C7601104C76011011
:105350004C7601104C7601104C7601104C76011001
:105360004C7601104C7601104C7601104C760110F1
:105370004C7601104C7601104C7601104C760110E1
:105380004C760110287701104C7601104C760110F4
:105390004C7601104C7601104C7601104C760110C1
:1053A0004C7601104C7601104C7601104C760110B1
:1053B0004C7601104C7601104C7601104C760110A1
:1053C0004C7601104C7601104C7601104C76011091
:1053D0004C760110AC7501107570646174655F7571
:1053E000735F73696E63655F626F6F7400000000C6
:1053F00073645F7370695F777269746500000000A1
:1054000073645F6C6F636B0073645F756E6C6F6366
:105410006B00000073645F69735F6C6F636B65643E
:105420000000000073645F636D640000696E5F7369
:10543000645F7370695F736563746F7273000000FB
:1054400073645F7370695F63746F720021224353EA
:10545000442073747275637420756E737570706F09
:10546000727465645C725C6E2200000073645F6934
:10547000735F6C6F636B65642873645F63617264F0
:105480005F70290030203D3D206770696F5F676560
:10549000742873645F636172645F702D3E7370691A
:1054A0005F69665F702D3E73735F6770696F290077
:1054B0006D757465785F69735F696E697469616C35
:1054C000697A6564282673645F636172645F702D16
:1054D0003E6D7574657829002F73645F6472697618
:1054E00065722F5350492F73645F636172645F73F9
:1054F00070692E630000000073645F636172645F13
:10550000702D3E7370695F69665F70006368616EDD
:105510006E656C5F636F6E6669675F7365745F630A
:105520006861696E5F746F00696E5F7370695F694F
:1055300072715F68616E646C657200007370695FA0
:105540007472616E736665725F7374617274000069
:105550007370695F7472616E736665725F7761699B
:10556000745F636F6D706C65746500007370695F64
:105570006C6F636B000000007370695F756E6C6F19
:10558000636B00006D795F7370695F696E697400A9
:10559000FF0000006D757465785F69735F696E69FF
:1055A0007469616C697A656428267370695F702D0F
:1055B0003E6D75746578290021646D615F63686173
:1055C0006E6E656C5F69735F62757379287370695D
:1055D0005F702D3E72785F646D6129002F73645F88
:1055E0006472697665722F5350492F7370692E6308
:1055F000000000002173656D5F617661696C616216
:105600006C6528267370695F702D3E73656D290087
:105610006F6B00007478207C7C20727800000000A2
:1056200021646D615F6368616E6E656C5F67657450
:105630005F697271305F7374617475732873706918
:105640005F702D3E72785F646D61290021646D6129
:105650005F6368616E6E656C5F6765745F697271C8
:10566000315F737461747573287370695F702D3E58
:1056700072785F646D61290021646D615F636861A8
:105680006E6E656C5F69735F62757379287370699C
:105690005F702D3E74785F646D6129005F70696F83
:1056A0005F66696E645F6F66667365745F666F726E
:1056B0005F70726F6772616D0000000070726F67DB
:1056C00072616D2D3E6C656E677468203C3D2050A4
:1056D000494F5F494E535452554354494F4E5F43CF
:1056E0004F554E54000000002F55736572732F61A3
:1056F0006E647265796B69736C697473796E2F70FF
:1057000069636F2D73646B2F7372632F7270325FD6
:10571000636F6D6D6F6E2F68617264776172655F24
:1057200070696F2F70696F2E630000004E6F2070DC
:10573000726F6772616D20737061636500000000B5
:105740004E6F2050494F207374617465206D616302
:1057500068696E65732061726520617661696C614C
:10576000626C6500A057021070570210C4570210F7
:105770004E31305F5F637878616269763132305FD5
:105780005F73695F636C6173735F747970655F6980
:105790006E666F45000000000000000064570210B4
:1057A000218B0110398B0110818D0110818D011029
:1057B000398D0110598C01102D8C0110918B011025
:1057C000598B0110A0570210D0570210D458021064
:1057D0004E31305F5F637878616269763131375F6F
:1057E0005F636C6173735F747970655F696E666F18
:1057F0004500000000000000C4570210A58C0110F5
:10580000BD8C0110818D0110818D0110398D011029
:10581000598C01101D8D0110DD8C0110918C01102F
:105820007374643A3A6261645F6578636570746941
:105830006F6E0000FC57021058580210FC570210FF
:1058400078580210A05702109C58021050580210AD
:10585000FC570210B05802104E31305F5F63787809
:10586000616269763131355F5F666F726365645F6F
:10587000756E77696E6445004E31305F5F6378788E
:10588000616269763131395F5F666F726569676E33
:105890005F657863657074696F6E4500537431336A
:1058A0006261645F657863657074696F6E000000A3
:1058B000537439657863657074696F6E0000000019
:1058C0000000000044580210618D01106D8D011020
:1058D000658D0110FC570210DC58021053743974A6
:1058E0007970655F696E666F000000003A8F011085
:1058F000F08F01109E8F01103A8F0110808F0110E0
:105900001A9001101A9001101A9001101A900110AB
:10591000BA8F0110AA8F01103A8F0110808F0110E9
:105920003031323334353637383900006E6F7420F9
:10593000656E6F75676820737061636520666F724E
:1059400020666F726D617420657870616E73696F27
:105950006E2028506C65617365207375626D697483
:105960002066756C6C20627567207265706F72744A
:105970002061742068747470733A2F2F6763632EEC
:10598000676E752E6F72672F627567732F293A0ADB
:1059900020202020000000007374643A3A626164A1
:1059A0005F616C6C6F630000A0570210B459021065
:1059B000505802105374396261645F616C6C6F639C
:1059C0000000000000000000A8590210D99C01103E
:1059D000F19C0110D19C01107465726D696E617447
:1059E000652063616C6C65642072656375727369B0
:1059F00076656C790A0000007465726D696E617479
:105A0000652063616C6C65642061667465722074E6
:105A100068726F77696E6720616E20696E7374615A
:105A20006E6365206F66202700000000270A0000D3
:105A30007465726D696E6174652063616C6C656418
:105A400020776974686F757420616E206163746972
:105A5000766520657863657074696F6E0A00000072
:105A600020207768617428293A202000A05702106E
:105A7000905A021050580210A0570210A05A02105B
:105A80006C5A0210A0570210B45A02106C5A02103D
:105A9000537431316C6F6769635F6572726F720046
:105AA000537431326C656E6774685F6572726F72C1
:105AB00000000000537431326F75745F6F665F725F
:105AC000616E676500000000000000006C5A021063
:105AD000519E0110919E01104D9E0110000000008A
:105AE000785A0210A59E0110BD9E01104D9E011016
:105AF00000000000845A0210D99E0110F19E01108E
:105B00004D9E011062617369635F737472696E67A1
:105B10003A3A5F535F636F6E737472756374206E8D
:105B2000756C6C206E6F742076616C696400000087
:105B300062617369635F737472696E673A3A5F5347
:105B40005F6372656174650098A001106CA001101C
:105B50006CA001106CA001106CA0011098A00110A5
:105B600098A0011098A0011098A0011094A0011015
:105B700094A001106CA0011094A0011094A0011039
:105B800094A0011094A0011094A0011094A0011001
:105B900094A0011094A0011094A0011094A00110F1
:105BA00094A0011094A0011098A0011074A00110FD
:105BB00074A0011074A0011074A0011074A0011051
:105BC00074A0011074A0011074A001106CA0011049
:105BD00094A0011094A0011094A0011094A00110B1
:105BE00094A0011098A0011094A0011074A00110BD
:105BF00070A001106CA0011098A001106CA0011001
:105C000074A0011074A0011070A0011098A00110E0
:105C100098A0011094A0011094A0011094A001106C
:105C20006CA001106CA001106CA001106CA0011000
:105C30006CA0011094A001106CA001106CA00110C8
:105C400094A001106CA0011098A0011098A0011060
:105C500094A0011094A0011094A0011098A001102C
:105C600098A0011098A0011094A0011094A0011018
:105C700094A001106CA0011074A001106CA0011080
:105C800074A0011074A00110F2A0011006A101106F
:105C900006A1011006A1011014A10110F2A001102B
:105CA000F2A00110ECA00110ECA0011006A101105F
:105CB00006A1011006A1011006A1011006A1011004
:105CC00006A1011006A1011006A1011006A10110F4
:105CD00006A1011006A1011006A1011006A10110E4
:105CE00006A1011006A10110F2A0011006A10110E9
:105CF00006A1011006A1011006A1011006A10110C4
:105D000006A1011006A1011006A1011006A10110B3
:105D100006A10110F8A00110F8A0011006A10110C1
:105D200006A10110F2A0011006A1011006A10110A8
:105D300006A1011006A10110F4A0011006A1011096
:105D400006A1011006A1011006A10110F2A0011088
:105D5000ECA0011006A1011006A1011006A101107E
:105D600006A1011006A1011006A1011006A1011053
:105D700006A1011006A1011006A1011006A1011043
:105D800006A1011006A10110F2A00110F2A001105D
:105D900006A10110F4A00110F4A00110F4A001105C
:105DA000F4A00110F2A0011006A1011006A101103B
:105DB00006A1011006A1011006A1011006A1011003
:105DC00006A1011006A1011074A6011062A601101F
:105DD00062A6011062A6011062A6011078A6011049
:105DE00074A601106EA601106EA6011062A6011025
:105DF00062A6011062A6011062A6011062A601103F
:105E000062A6011062A6011062A6011062A601102E
:105E100062A6011062A6011062A6011062A601101E
:105E200062A6011062A6011074A6011062A60110FC
:105E300062A6011062A6011062A6011062A60110FE
:105E400062A6011062A6011062A6011062A60110EE
:105E500062A6011062A6011062A6011062A60110DE
:105E600062A6011074A6011062A6011062A60110BC
:105E700062A6011062A6011074A6011062A60110AC
:105E800062A6011062A6011062A6011074A601109C
:105E90006EA6011062A6011062A6011062A6011092
:105EA00062A6011062A6011062A6011062A601108E
:105EB00062A6011062A6011062A6011062A601107E
:105EC00062A6011062A6011074A6011074A601104A
:105ED00062A6011062A6011062A6011074A601104C
:105EE00074A6011074A6011062A6011062A601102A
:105EF00074A6011074A60110CCB10110CCB1011030
:105F0000CCB10110CCB10110CCB10110CCB1011059
:105F1000CCB10110CCB10110CCB10110CCB1011049
:105F20004AB101104AB101104AB101104AB1011041
:105F30004AB101104AB101104AB1011096B30110E3
:105F40004AB10110F0B101104AB101104AB101107B
:105F500028B2011034B201104AB101104AB1011047
:105F60004AB101104AB101104AB101106AB30110DF
:105F7000CCB1011050B201106CB201104AB1011045
:105F800088B20110A4B20110ECB201103AB30110B2
:105F90004AB101104AB101104AB101104AB10110D1
:105FA000CCB101104AB101104AB101104AB101103F
:105FB0004AB101104AB101104AB1011090B101106B
:105FC00090B1011090B1011090B1011090B1011089
:105FD00090B1011090B1011090B1011090B1011079
:105FE00090B101104AB1011090B1011090B10110AF
:105FF00090B1011090B101104AB101104AB10110E5
:106000004AB1011090B1011090B101100CB2011011
:1060100090B1011090B1011090B1011090B1011038
:1060200090B1011074B501104AB101104AB10110CC
:106030004AB101104AB101104AB101104AB1011030
:106040004AB101104AB101104AB101104AB1011020
:106050004AB101104AB101104AB1011018B1011042
:106060004AB101104AB101104AB101104AB1011000
:106070004AB101104AB101104AB101104AB10110F0
:106080004AB101104AB101104AB101104AB10110E0
:106090004EB501104AB1011028B50110FEB401102F
:1060A000D4B40110AAB401104AB1011080B4011097
:1060B0000EB601104AB101104AB101104AB10110E7
:1060C0004AB10110E4B501104AB1011036B6011011
:1060D0004AB101104AB1011056B4011018B10110B3
:1060E0004AB101101AB4011032BC01106EBC01108B
:1060F0006ABC0110E2BB011066BC011062BC011059
:1061000080BF011040BE011040BE011040BE011012
:1061100040BE011040BE011040BE011040BE011043
:1061200040BE011040BE011040BE011040BE011033
:1061300040BE011040BE011040BE011040BE011023
:1061400040BE01108ABE011040BE0110A8BE011061
:1061500040BE0110D2BE011040BE011040BE011071
:1061600040BE011040BE011040BE011040BE0110F3
:1061700040BE011040BE011040BE011040BE0110E3
:1061800040BE011040BE011040BE011040BE0110D3
:1061900040BE011040BE011040BE011040BE0110C3
:1061A00040BE011040BE011040BE011040BE0110B3
:1061B00040BE011040BE011040BE011040BE0110A3
:1061C00040BE0110E8BE0110BABF011040BE011070
:1061D00040BE011000C1011040BE0110EAC0011014
:1061E000D4C00110BEC0011040BE011040BE01105D
:1061F00040BE011040BE011040BE011040BE011063
:1062000040BE011040BE0110A8C0011084C00110A2
:1062100040BE01106AC0011054C0011040BE011000
:1062200040BE011040BE011040BE011040BE011032
:1062300040BE011040BE011040BE011040BE011022
:1062400040BE011040BE011020C0011040BE011030
:1062500040BE011040BE011040BE0110FABF011047
:1062600040BE011040BE011040BE011040BE0110F2
:1062700040BE011040BE011040BE011040BE0110E2
:1062800040BE011040BE011040BE011040BE0110D2
:1062900040BE011016C10110B6D80110C6D70110BA
:1062A000C6D701109ED6011034D9011046D801106E
:1062B00030D6011012D6011064DB0110FEDA011095
:1062C00098DA011030DA01102ADC0110C4DB011069
:1062D00090DC01105CD001109ED30110CED20110D1
:1062E00036D3011066D20110FED101102CD101105D
:1062F00094D10110C4D00110B6D4011084D401107F
:1063000084D4011084D4011022D5011022D50110AB
:1063100022D5011022D5011022D5011022D501105D
:1063200022D501102CD401102CD4011022D501103B
:1063300022D501109ED5011080D50110AACE0110E2
:106340009CCD011012D00110DACC011012D0011036
:1063500028CC011028CC011084CB01101ACB0110DD
:10636000B2CA0110F6DC01104ACA01102ECA01108F
:1063700034CF011018CF011002D00110F4CE01105B
:1063800020CA011020CA01107CC901107CC901106B
:10639000F8C80110D2C801107AC8011000C8011055
:1063A00096C701102EC70110C6C601105CC60110A9
:1063B000F6DC0110FAC5011072C5011098C4011075
:1063C000D8C3011000C5011022D5011064C301100B
:1063D00022D5011022D501102CFB011036FA011034
:1063E00018FA01100EFB01107EFB0110C0FC011019
:1063F0007C0102107C0102107C0102107C01021061
:106400007C0102107C0102107C0102107C01021050
:106410007C0102107C0102107C0102107C01021040
:106420007C0102107C0102107C0102107C01021030
:106430007C0102107C0102107C0102107C01021020
:106440007C010210C6FE011024FF011082FF011022
:10645000C6FE011024FF011082FF0110D4FC0110C0
:10646000F6FC011018FD011044FD011048FE01105A
:1064700000000210EAFD011068FE01107C0102100C
:106480007C0102107C0102107C01021034FC01101E
:106490007C01021084FD01107C0102107C010210BD
:1064A0007C0102107C0102107C0102107C010210B0
:1064B0007C0102107C0102107C0102107C010210A0
:1064C0007C0102107C0102107C0102107C01021090
:1064D0007C0102107C0102107C0102107C01021080
:1064E0007C0102107C0102107C0102107C01021070
:1064F0007C0102107C0102107C0102107C01021060
:106500007C0102107C0102107C0102107C0102104F
:106510001E0102107C0102105C000210BE0002107D
:10652000010203040500000074000000086D021061
:1065300003000000086D02100300000000000000CE
:106540000000000061000000307002100E0000002A
:10655000307002100E0000004070021009000000B0
:10656000620000004C700210110000004C7002101C
:1065700011000000607002100C00000073000000A9
:10658000707002100B0000007C70021046000000CA
:10659000607002100C00000069000000C47002105E
:1065A0000C000000D47002103100000008710210CD
:1065B0000D0000006F000000187102100C000000B8
:1065C00028710210310000005C7102100D00000003
:1065D000640000006C7102100D0000007C7102105C
:1065E00032000000B07102100E000000C0710210F5
:1065F000C47102100200000002000000C871021005
:10660000CC7102100100000002000000D0710210E5
:10661000F46F02100200000002000000DC6E0210A5
:10662000D47102100100000001000000D8710210B6
:10663000D47102100100000002000000DC710210A1
:10664000E07102100800000001000000EC7102106F
:10665000E07102100800000001000000F07102105B
:10666000F47102100A00000002000000E86C021041
:10667000007202100200000002000000047202100A
:106680000872021001000000020000000C720210EB
:1066900010720210010000000100000014720210CC
:1066A0001872021002000000020000001C720210AA
:1066B0002072021009000000010000002C7202107C
:1066C000307202100C000000020000004072021044
:1066D0004472021001000000010000004872021024
:1066E0004C720210070000000100000054720210FA
:1066F000587202100200000002000000EC6C021050
:106700008473021001000000020000005C7202109D
:1067100060720210010000000200000064720210AA
:106720006872021002000000020000006C72021089
:10673000707202100100000002000000747202106A
:106740007872021002000000020000007C72021049
:106750002C6F021003000000030000008072021082
:106760002C6F02100300000003000000847202106E
:106770002C6F02100300000002000000887202105B
:106780002C6F021003000000020000008C72021047
:10679000907202100200000002000000E46E02107D
:1067A000306D02100200000001000000947202101F
:1067B000047102100100000002000000EC6E0210E3
:1067C000546D0210020000000200000098720210D6
:1067D0009C720210030000000200000090360210BC
:1067E000A07202100200000002000000246D0210DE
:1067F000A47202100B00000001000000B072021031
:10680000B47202100200000002000000B872021010
:10681000BC7202100100000002000000C0720210F1
:10682000C47202100200000002000000C8720210D0
:10683000CC7202100200000002000000D0720210B0
:10684000D47202100100000002000000D872021091
:10685000447202100100000002000000DC7202100D
:10686000E07202100200000001000000E472021059
:10687000E87202100500000003000000F072021030
:10688000F47202100200000002000000BC7402104A
:10689000D47202100100000001000000F872021022
:1068A000FC720210010000000100000000730210E1
:1068B00004730210030000000300000008730210BC
:1068C0000C7302100200000002000000107302109E
:1068D0001473021002000000020000003C7002105D
:1068E0001873021001000000020000001C73021067
:1068F0002073021002000000020000002473021046
:106900002873021001000000020000002C73021026
:106910003073021003000000020000003473021004
:106920003873021002000000010000003C730210E6
:10693000287302100100000001000000F06C02103A
:10694000407302100200000002000000F46C02100C
:10695000447302100100000003000000487302109D
:106960004C7302100200000002000000507302107D
:106970005473021003000000020000004C3C02109F
:106980005873021010000000020000006C73021027
:106990007073021001000000020000007473021006
:1069A000787302100200000002000000E46C021084
:1069B0007C7302100900000001000000E06E02106C
:1069C0007C730210090000000100000088730210AF
:1069D0008C7302100B00000002000000FC7102101A
:1069E000987302100700000001000000A07302105D
:1069F000987302100700000001000000A473021049
:106A0000A87302100500000000000000B07302101F
:106A1000B473021006000000010000000000000036
:106A2000000000000000000000000000BC73021025
:106A30000B000000BC7302100B00000000000000FF
:106A4000C873021004000000D07302100700000099
:106A500007000000D873021004000000E073021069
:106A60000400000000000000E873021006000000AF
:106A7000E87302100600000008000000F073021026
:106A80000B000000F07302100B0000000800000073
:106A9000FC73021005000000FC73021005000000EA
:106AA00008000000047402100A00000004740210C0
:106AB0000A00000008000000107402100D00000021
:106AC000107402100D00000000000000207402107D
:106AD0000300000020740210030000000100000009
:106AE000247402100C00000034740210080000002E
:106AF0000200000000000000000000000000000094
:106B000000000000000000004074021004000000BB
:106B100040740210040000000300000048740210DA
:106B20000D000000487402100D0000000400000079
:106B30005874021008000000587402100800000089
:106B40000000000064740210110000006474021060
:106B50001100000000000000000000000000000024
:106B60000000000000000000000000000000000025
:106B70000000000000000000000000000000000015
:106B80000000000000000000000000000000000005
:106B900000000000787402100500000078740210F4
:106BA0000500000000000000807402100E000000CC
:106BB000807402100E0000000000000000000000C1
:106BC00000000000000000000000000000000000C5
:106BD0009074021004000000907402100400000081
:106BE000090000009874021007000000D87302101A
:106BF0000400000000000000A07402100900000062
:106C0000407402100400000005000000AC74021083
:106C100012000000AC740210120000000600000018
:106C20002C6F0210030000002C6F02100300000004
:106C300000000000C074021009000000C0740210BF
:106C40000900000000000000CC74021009000000E0
:106C5000CC7402100900000000000000D87402107B
:106C60000A000000D87402100A00000000000000B2
:106C7000E474021004000000E47402100400000038
:106C800008000000EC74021008000000EC74021010
:106C90000800000000000000F87402100800000066
:106CA000F8740210080000000000000004750210D3
:106CB0001100000004750210110000000000000027
:106CC0005F474C4F42414C5F0000000028616E6FEF
:106CD0006E796D6F7573206E616D6573706163653C
:106CE0002900000073500000636C00006474000011
:106CF0007074000071750000737472696E67206CA7
:106D000069746572616C0000737464006175746FFE
:106D1000000000006465636C7479706528617574A7
:106D20006F2900006C6900005B6162693A00000035
:106D30003A3A00007B64656661756C742061726725
:106D400023000000256400007D3A3A004A41727237
:106D5000617900005B5D00006175746F3A000000AE
:106D6000767461626C6520666F7220005654542000
:106D7000666F722000000000636F6E73747275633B
:106D800074696F6E20767461626C6520666F722024
:106D9000000000002D696E2D000000007479706500
:106DA000696E666F20666F722000000074797065EE
:106DB000696E666F206E616D6520666F72200000DF
:106DC00074797065696E666F20666E20666F7220DA
:106DD000000000006E6F6E2D7669727475616C2014
:106DE0007468756E6B20746F20000000636F7661AD
:106DF0007269616E742072657475726E2074687544
:106E00006E6B20746F2000006A61766120436C61B4
:106E1000737320666F7220006775617264207661FB
:106E2000726961626C6520666F722000544C532059
:106E3000696E69742066756E6374696F6E20666F23
:106E400072200000544C532077726170706572207C
:106E500066756E6374696F6E20666F722000000045
:106E60007265666572656E63652074656D706F72BC
:106E7000617279202300000068696464656E206196
:106E80006C69617320666F72200000006E6F6E2D5A
:106E90007472616E73616374696F6E20636C6F6E80
:106EA0006520666F722000005F536174200000004F
:106EB0005F467261637400005F416363756D00003B
:106EC0002C2000006F70657261746F72000000000A
:106ED0006F70657261746F72200000006164000061
:106EE000735A0000677300003E28000069780000B4
:106EF000203A20006E65772000000000756C0000CD
:106F00006C6C0000756C6C0074727565000000009C
:106F10006A617661207265736F7572636520000027
:106F20006465636C74797065202800002E2E2E0035
:106F30007B7061726D23000074686973000000004B
:106F4000676C6F62616C20636F6E737472756374CB
:106F50006F7273206B6579656420746F2000000088
:106F6000676C6F62616C2064657374727563746FB3
:106F70007273206B6579656420746F2000000000D7
:106F80007B6C616D626461280000000029230000B1
:106F90007B756E6E616D6564207479706523000089
:106FA000205B636C6F6E65200000000020726573CB
:106FB000747269637400000020766F6C6174696C90
:106FC0006500000020636F6E7374000020747261AE
:106FD0006E73616374696F6E5F7361666500000054
:106FE000206E6F65786365707400000020746872AD
:106FF0006F77000026260000636F6D706C65782047
:1070000000000000696D6167696E6172792000009F
:107010003A3A2A00205F5F766563746F7228000039
:10702000282E2E2E000000002E2E2E2900000000FB
:107030007374643A3A616C6C6F6361746F720000D0
:10704000616C6C6F6361746F720000007374643AFA
:107050003A62617369635F737472696E67000000FE
:1070600062617369635F737472696E670000000028
:107070007374643A3A737472696E67007374643A35
:107080003A62617369635F737472696E673C6368C7
:1070900061722C207374643A3A636861725F74722F
:1070A000616974733C636861723E2C207374643A46
:1070B0003A616C6C6F6361746F723C636861723EBD
:1070C000203E00007374643A3A6973747265616DAE
:1070D000000000007374643A3A62617369635F6927
:1070E00073747265616D3C636861722C20737464A3
:1070F0003A3A636861725F7472616974733C636881
:1071000061723E203E00000062617369635F6973D3
:10711000747265616D0000007374643A3A6F737441
:107120007265616D000000007374643A3A626173C5
:1071300069635F6F73747265616D3C636861722C23
:10714000207374643A3A636861725F74726169743F
:10715000733C636861723E203E00000062617369A7
:10716000635F6F73747265616D0000007374643ADD
:107170003A696F73747265616D0000007374643AEC
:107180003A62617369635F696F73747265616D3CC4
:10719000636861722C207374643A3A636861725F49
:1071A0007472616974733C636861723E203E0000D2
:1071B00062617369635F696F73747265616D00000A
:1071C000614E0000263D0000615300003D000000BC
:1071D0006161000026000000616E00006174000023
:1071E000616C69676E6F662000000000617A0000C4
:1071F00063630000636F6E73745F63617374000098
:1072000028290000636D00002C000000636F00005F
:107210007E000000645600002F3D00006461000005
:1072200064656C6574655B5D20000000646300004C
:1072300064796E616D69635F63617374000000005F
:10724000646500002A000000646C000064656C65E1
:1072500074652000647300002E2A0000647600002C
:107260002F000000654F00005E3D0000656F0000CC
:107270005E000000657100003D3D0000664C0000AE
:1072800066520000666C00006672000067650000D0
:107290003E3D0000677400006C5300003C3C3D0024
:1072A0003C3D00006F70657261746F722222200095
:1072B0006C7300003C3C00006C7400003C0000005B
:1072C0006D4900002D3D00006D4C00002A3D00007E
:1072D0006D6900002D0000006D6C00006D6D0000F8
:1072E0002D2D00006E6100006E65775B5D00000073
:1072F0006E650000213D00006E740000210000005A
:107300006E7700006E6577006F5200007C3D0000D4
:107310006F6F00007C7C00007C000000704C00005F
:107320002B3D0000706C00002B000000706D000011
:107330002D3E2A00707000002B2B0000707300009F
:107340002D3E00003F000000724D0000253D000072
:10735000725300003E3E3D007265696E7465727046
:107360007265745F6361737400000000726D0000E9
:1073700025000000727300003E3E000073697A65CC
:107380006F662E2E2E00000073630000737461740C
:1073900069635F636173740073697A656F66200067
:1073A000737A0000747200007468726F77000000D6
:1073B000747700007468726F772000007369676EDD
:1073C0006564206368617200626F6F6C000000008A
:1073D000626F6F6C65616E0063686172000000002F
:1073E0006279746500000000646F75626C6500006E
:1073F0006C6F6E6720646F75626C6500666C6F61A0
:10740000740000005F5F666C6F6174313238000099
:10741000756E7369676E6564206368617200000051
:10742000696E7400756E7369676E656420696E7449
:1074300000000000756E7369676E656400000000EF
:107440006C6F6E6700000000756E7369676E65642F
:10745000206C6F6E670000005F5F696E74313238B8
:1074600000000000756E7369676E6564205F5F6978
:107470006E7431323800000073686F72740000005F
:10748000756E7369676E65642073686F727400004F
:10749000766F69640000000077636861725F740052
:1074A0006C6F6E67206C6F6E67000000756E73699D
:1074B000676E6564206C6F6E67206C6F6E6700008E
:1074C000646563696D616C333200000064656369F3
:1074D0006D616C3634000000646563696D616C3108
:1074E0003238000068616C660000000063686172F9
:1074F00031365F74000000006368617233325F747C
:10750000000000006465636C74797065286E756CAA
:087510006C7074722900000088
:1075180080030181B0B0AB1000000000E51BFF7FC5
:10752800803F1201B0B0ABF0FFFF01190E5200000E
:107538006A049C0600740400009001049006009AF6
:10754800018E050000000000B91BFF7FB0AB0400EE
:10755800FFFF0143043A00004A128402006204005B
:10756800007212C202008A01040000940104B602EB
:10757800009E01040000A80104AA0200B2010C0048
:1075880000C601049C0200CE011E0000EE0104901A
:107598000200F6014C00000080970181B0B0AB708A
:1075A8000000000070800181B0B003AB0000000053
:1075B800F080018103AB08B1000000008008018160
:1075C800B0B0AB3000000000391BFF7F70800901AC
:1075D800B0B0B0ABFFFF0111B602408004008203D7
:1075E800349204008E04040000000000800E018123
:1075F800B001ABF000000000800F0181B0B0AB100B
:107608000000000080320181B0B0ABF00000000043
:1076180080030181B0B0AB1000000000802601811A
:10762800B0B0ABF00000000080230181B0B0AB70B7
:107638000000000080030181B0B0AB100000000022
:1076480080010181B0B0AB10000000003F01018152
:10765800B0AB10800000000080010181B0B0AB1019
:107668000000000080040181B0B0AB3000000000D1
:107678003F0F0181B0AB1080000000008014018131
:10768800B0B0AB3000000000791AFF7F70800F01A6
:10769800B0B0B0ABFFFF011C74040000EA0104861F
:1076A8000400E8028401FC0300EC0304860400F0F3
:1076B800031600004D1AFF7FF0800801B0B001AB3F
:1076C800FFFF01317A040000F20104CC0400BE037C
:1076D80058C20400A404040000B20404C20400B6A2
:1076E8000404CC0400BA04040000BE0404C204006C
:1076F800C80404000000000080200181B001AB3004
:107708000000000080020181B0B0ABF00000000072
:1077180080020181B0B0ABF000000000E519FF7FE6
:10772800F0800401B0B0B0ABFF102D01224E040070
:10773800008E0104B006019602F4038E06038A0641
:1077480004B00601AC0604BA0600BE060400000137
:1077580000007D000000000080020181B0B0ABF0A5
:10776800000000009D19FF7FF0803201B0B0B0AB7F
:10777800FFFF018E016E04EA0D00BE0148800E0075
:10778800820304DE0D00FE036EB80E00E6050482D7
:107798000E00E60672AE0E00EE0804BA0E00E80906
:1077A80046B60E00A80B048E0E00F40C04800E00E2
:1077B800800D04B80E008C0D04AE0E00980D04B6B2
:1077C8000E00AA0D04B80E00B80D04AE0E00BE0DD2
:1077D800048E0E00C20D04B80E00C60D04820E0001
:1077E800CA0D04AE0E00CE0D04BA0E00D20D04B6BA
:1077F8000E00D60D04800E00DA0D04DE0D00FC0D1F
:1078080004000000FD18FF7FB0B0AA00FFFF0100D0
:1078180080030181B0B0AB1000000000E518FF7FC5
:10782800F0801401B0B0B0ABFF10190110409607FA
:107838000000F807049C0901AE086E000001000072
:107848000000000080010181B0B0AB100000000012
:10785800B118FF7FF0800401B0B0B0ABFF10190180
:107868000F4A0A540198014AE80100F00104000097
:1078780001000000000000008918FF7FB0B0AA00D6
:10788800FFFF01080E041C00180E00007518FF7F8A
:10789800B0B0AA00FFFF01080E041C00180E00007B
:1078A8006118FF7FAB029701B0B0B003FFFF010C76
:1078B80034040000420450004C0E00003080018166
:1078C800B0AB08B1000000003918FF7FB0B0AA00C3
:1078D800FF1019010C020608010C0410051C0A000F
:1078E8000001007F00007D00000000000000000093
:1078F8001118FF7FB0AA0100FF10290118323400C7
:10790800007204AA01037C2E0000C60118EE0100D3
:10791800E8010E00000200017D00000000000000E8
:1079280028DFFFFFDD17FF7FB0A80100FFFF010878
:107938000C0416001C04000074B20181B0AB308046
:107948000000000080080181B0B0ABF0000000002A
:107958003F020181B0AB3080000000008006018149
:08796800B0B0ABF0000000001C
:107970009408FE7FB0B0A880E008FE7F0100000000
:10798000EC08FE7FB0B0A880240AFE7F8CFBFF7F4E
:10799000D00AFE7F90FBFF7F640EFE7FAB208080CD
:1079A000740FFE7FACFBFF7FE410FE7F0100000040
:1079B0004811FE7FB0B0A8805C11FE7F010000007E
:1079C000D011FE7FB001A8804012FE7F01000000B0
:1079D0005C12FE7FCCFBFF7FE812FE7F01000000FF
:1079E0003813FE7FB0B0AA806C13FE7FC0FBFF7F10
:1079F0004C15FE7FC4FBFF7F2017FE7FB0B0AA802E
:107A00008C17FE7FAB108080D817FE7F010000002E
:107A1000A418FE7FB0AA03801819FE7F01000000A1
:107A20006C19FE7FB0A90280E019FE7F0100000002
:107A3000141AFE7F90FBFF7F1C1CFE7F01000000DC
:107A4000501CFE7FB0B0A880841CFE7F84FBFF7FAB
:107A5000BC1EFE7FB0B0AA80F81EFE7FB0A80180D9
:107A6000701FFE7F90FBFF7F1C24FE7FB0AB088061
:107A70009424FE7F8CFBFF7F1026FE7F0100000018
:107A8000A026FE7FB0B0AA806427FE7F80FBFF7F28
:107A9000782DFE7FB0B0A8808C2DFE7F0100000005
:107AA000942DFE7FB0B0AA80182EFE7FB0B0A880C3
:107AB0002C2EFE7F01000000802EFE7FB0AB0480E4
:107AC000F82EFE7FB0B0AA803C2FFE7F4CFBFF7FDC
:107AD000D82FFE7F01000000E02FFE7F48FBFF7FD4
:107AE0003833FE7F4CFBFF7F7837FE7FB0A90A80DA
:107AF0000438FE7F010000000C39FE7FB0AA03802D
:107B00004039FE7F38FBFF7FF839FE7FB0A8038045
:107B10001C3AFE7F010000001C3AFE7F2CFBFF7F19
:107B20007C3AFE7FB0AB0280403BFE7F28FBFF7FAC
:107B3000883CFE7F2CFBFF7F243DFE7F30FBFF7FD8
:107B4000C83DFE7F010000001C3EFE7F00840A80CD
:107B5000A43EFE7FB0A80980D83EFE7FB0A9148065
:107B6000083FFE7F00840A80303FFE7F03AA098021
:107B7000D03FFE7F00840A80F83FFE7FFCFAFF7F43
:107B80008840FE7FAB3F0480E440FE7FB0B0A88019
:107B9000FC40FE7FF0FAFF7F5C42FE7FB0B0A88021
:107BA000D842FE7F01000000EC42FE7FB0B0A8800A
:107BB0005843FE7FDCFAFF7F7845FE7F00FBFF7FA6
:107BC000DC47FE7F3CFBFF7F804AFE7FB0B0A88091
:107BD000944AFE7FAB08B180F84AFE7F30FBFF7FFE
:107BE000D84CFE7F34FBFF7FDC4DFE7F38FBFF7FF0
:107BF0003051FE7F6CFBFF7F4852FE7F70FBFF7FA2
:107C0000B059FE7F01000000080EFF7F00FCFF7FDF
:107C1000740EFF7FB0B0A880F80EFF7F0100000057
:107C2000380FFF7FB0AB0280680FFF7FECFBFF7F58
:107C3000FC0FFF7FAB08B1801810FF7F0100000030
:107C40001810FF7FB0A904804810FF7F01000000DA
:107C5000E810FF7FAB08B1800411FF7F0100000036
:107C6000B812FF7FAB708080BC13FF7FB0B0A880DC
:107C7000FC13FF7FAB08B1809014FF7FA8FBFF7F50
:107C80002C19FF7F010000003019FF7FC0FBFF7F30
:107C9000F819FF7F01000000C01AFF7FB0B0A88074
:107CA000EC1AFF7F01000000301BFF7FB0B0AA80FC
:107CB0005C1BFF7FB0B0A880C41BFF7F01000000E9
:107CC000181CFF7F94FBFF7F101DFF7FB0B0A880C2
:107CD000681DFF7FACFBFF7F901DFF7FB8FBFF7F20
:107CE000B81DFF7FC4FBFF7F181EFF7FAB1C978072
:107CF000601EFF7F01000000C81EFF7FC8FBFF7FE2
:107D0000681FFF7FCCFBFF7F881FFF7F0100000003
:107D1000901FFF7FB0B0A880A01FFF7F0100000070
:107D2000F01FFF7FD4FBFF7FFC20FF7F01000000DE
:107D3000DC21FF7FF8FBFF7FF821FF7FB0B0A88038
:107D40007C22FF7FAB08B180BC22FF7F01000000D6
:107D5000BC22FF7FB0B0A880D822FF7FB0B0AA803D
:107D6000FC22FF7F010000005883FD0FB0B0AA8005
:107D70008C83FD0F01000000108EFD0FB0A9028062
:107D8000A48EFD0FB0B0A880F48EFD0F010000009E
:107D9000008FFD0FB0B0AA80348FFD0FA4FBFF7FD2
:107DA0000090FD0F01000000FC8FFD0FAA3F3980FD
:107DB0004890FD0FB0B0A8805490FD0FB0B0AA80DD
:107DC0009490FD0FB0B0A880A890FD0F01000000B6
:107DD000A490FD0FB0B0A880AC90FD0F0100000092
:107DE0004491FD0FAA0FB280AC91FD0F60FBFF7FA5
:107DF0009494FD0FB0B0A880B094FD0F5CFBFF7FA2
:107E00001897FD0F010000008898FD0F0084048082
:107E10009898FD0FB0B0A8809898FD0F48FBFF7FA1
:107E2000849BFD0F00840480A49BFD0FB0B0A8804C
:087E3000BC9BFD0F01000000E6
:107E38009031021098310210AC810010A08100101E
:107E4800948100100C460210888100101846021018
:047E580024460210AA
:107E5C0070B5D024FF232406236501F05DFD0125B8
:107E6C00084E03E001F0B0FDB04205D0236D1D4279
:107E7C00F8D101F071FD70BD034A15701378002B19
:107E8C00FCD1F6E72ED0DEC0C2500020808800B2B4
:107E9C007047C046F8B506000F0001F07DFD0400E8
:107EAC000D1E36DBFA22002392003800002101F06F
:107EBC004BFD24184D41002D25DB00270BE03368CA
:107ECC00BFF35F8F1F6082F310882000290001F040
:107EDC0073FD00281BD13368EFF3108272B619685A
:107EEC000029FCD0BFF35F8F0421735E002BE6DD0D
:107EFC00013BB3803368BFF35F8F0021196082F3BD
:107F0C0010880120F8BD0124034D6442D5E7002000
:107F1C00F8E701F009FDC046FFFFFF7F10B50268CE
:107F2C00EFF3108172B61368002BFCD0BFF35F8F98
:107F3C000422835E0624025F9A4208DC0368BFF3C6
:107F4C005F8F00221A6081F31088002010BD01336E
:107F5C0083800368BFF35F8F00221A6081F310885F
:107F6C0040BF0120F2E7C04610B5002922DB0622F3
:107F7C00835E8B421EDB0268EFF3108472B61368CB
:107F8C00002BFCD0BFF35F8F0422835E81808B4279
:107F9C0007DB0368BFF35F8F00221A6084F310883D
:107FAC0010BD0368BFF35F8F00221A6084F3108842
:107FBC0040BFF5E7024B034A5621034801F0E4FCAD
:107FCC0060390210543902108C390210D02330B5AC
:107FDC0000251B065D57002406E00368BFF35F8F86
:107FEC001C6081F3108820BF0268EFF3108172B619
:107FFC001368002BFCD0BFF35F8F03797F2BECD978
:10800C0005710368BFF35F8F00221A6081F310883B
:10801C0030BDC046030010B50068EFF3108472B693
:10802C000268002AFCD0BFF35F8F04229A56002A04
:10803C000BDB00290FD000200A601B68BFF35F8F99
:10804C0000221A6084F3108810BDD0221206126828
:10805C0001201A71F1E70020EFE7C046F0B5C646E3
:10806C001600026800B504001F00002A2CD0D02393
:10807C001B061B68002598460CE02368BFF35F8F36
:10808C001D6081F310883000390001F095FC002848
:10809C0018D12268EFF3108172B61368002BFCD054
:1080AC00BFF35F8F23797F2BE7D943462371236876
:1080BC00BFF35F8F00221A6081F31088012004BC8B
:1080CC009046F0BD0020FAE7024B034A8521034895
:1080DC0001F05AFC343A0210C8390210F43902107B
:1080EC0070B501001D0014000368EFF3108272B626
:1080FC0018680028FCD0BFF35F8F0423CB56002BED
:10810C0014DB0868BFF35F8F0026066082F31088CB
:10811C00D02212061278002052B29A4200D170BDC1
:10812C0022002B000800FFF799FFF8E7D0231B066D
:10813C001B680B710B68BFF35F8F0021196082F312
:10814C0010880120EBE7C04610B50268EFF31081F0
:10815C0072B61368002BFCD0BFF35F8F03797F2BB3
:10816C000AD8FF2303710368BFF35F8F00221A60E4
:10817C0081F3108840BF10BD024B034AB421034861
:10818C0001F002FC483A0210E0390210F4390210F6
:10819C00084810B50378002B0AD180230649074AFA
:1081AC005B051C68CC5004339342FAD10123037055
:1081BC0010BDC046C3500020B04E0010000100108E
:1081CC0010B5024B0133984710BDC046B04E00208D
:1081DC00054B1A6880239B005340C0229200134029
:1081EC00024A13607047C0460C8001400C9001405D
:1081FC00034B1A68C0239B009343024A13607047D9
:10820C000C8001400C900140F0B5D6464F464646D6
:10821C001423C0B51827984681460D0018882A49A2
:10822C003B881400984743468246284918883B8867
:10823C00984743460600264918883B88984753467A
:10824C008046002B3AD0002E38D0002836D0FFF7CD
:10825C009FFFD047B047FFF7BBFF002C24D0C020B6
:10826C00220040050826022711E04B461B78013CF2
:10827C00036601239C46E144002905D0002A03D063
:10828C00036E013A2B700135130023430CD03100DF
:10829C00836A19401F42EFD0002CEDD0131B0D2B1D
:1082AC00E3D90029EAD1F2E7FFF7A2FFC047FFF7B5
:1082BC0087FF1CBC90469946A246F0BD054B064A6A
:1082CC008021064801F060FB49460000455800003B
:1082DC0046430000D0470210A0460210DC460210B4
:1082EC00F0B54746CE468C4680B59846002B18D044
:1082FC001D001C0002210423002D17D02F0008376D
:10830C00C66831421CD0A7421AD966463678013D60
:10831C0086600126B146CC44002C09D126002E43A0
:10832C00EAD140460CBC90469946F0BD002CF8D0E2
:10833C00C6683342E0D08668013C16700132EDE726
:10834C00002CF5D1DCE7C04630B5002A09D0022458
:10835C008D18C3681C42FCD00B78013183608D42B0
:10836C00F7D1C3685B0704D504218368C36819423D
:10837C00FBD11021C3681942FCD1C3685B0704D53B
:10838C0004218368C3681942FBD1012303621000E6
:10839C0030BDC046F0B5C6468C4600B59846002B9D
:1083AC0014D01D001C0002210423002D12D02F001C
:1083BC000837C668314217D0A74215D96646013D29
:1083CC008660002C08D12E002643EED1404604BC1A
:1083DC009046F0BD002CF9D0C6683342E5D08668D3
:1083EC00013C16700132EEE7002CF5D1E1E7C046F6
:1083FC0070B52B4D2868002802D043690C2B27D070
:10840C006868002802D043690C2B00D070BD012293
:10841C00436A24499A400C682242F7D00A60A02291
:10842C00D20594469B0163441B69DB012CD430308C
:10843C000400FFF72BFD00282CD12000FFF76EFD68
:10844C000028E3D1184B194A2E21194801F09CFA47
:10845C000122436A13499A400C682242D0D00A6028
:10846C00A022D20594469B0163441B69DB010BD40B
:10847C0030300400FFF70AFD00280BD12000FFF775
:10848C004DFD0028BCD1DDE70A4B084A2B210848DA
:10849C0001F07AFA084B054A2C21054801F074FAD0
:1084AC006C5000201C04005010560210285502106D
:1084BC00DC550210B8550210F455021070B52B4D56
:1084CC002868002802D043690B2B27D06868002845
:1084DC0002D043690B2B00D070BD0122436A2449A2
:1084EC009A400C682242F7D00A60A022D20594462A
:1084FC009B0163441B69DB012CD430300400FFF773
:10850C00C5FC00282CD12000FFF708FD0028E3D182
:10851C00184B194A2E21194801F036FA0122436AE8
:10852C0013499A400C682242D0D00A60A022D2058E
:10853C0094469B0163441B69DB010BD4303004006F
:10854C00FFF7A4FC00280BD12000FFF7E7FC002864
:10855C00BCD1DDE70A4B084A2B21084801F014FA7C
:10856C00084B054A2C21054801F00EFA6C500020EE
:10857C000C0400501056021028550210DC55021045
:10858C00B8550210F455021070B5040000294FD0F4
:10859C001020A56A2843A062E06A002A36D0202564
:1085AC002843A026F605B446E062206A25688001BF
:1085BC0060440835016045608360A16A0161606AAE
:1085CC00810161440D604A608B60E36A0B616369F1
:1085DC000B2B1FD00C2B3AD1A022234BD205D258F7
:1085EC00012383401A422CD1200000213030FFF7A8
:1085FC00BBFC01231A00216A8A40616A8B40A021CE
:10860C0013438622C905D2008B5070BD20229043A3
:10861C00164AC6E7A022164BD205D2580123834036
:10862C001A42E1D0134B144A7C21144801F0ACF9E6
:10863C00002A12D01021806A8843A0621049E06A97
:10864C00ADE7104B0C4A7F210C4801F09DF90E4B05
:10865C00094A8221094801F097F90C4B064A583116
:10866C00064801F091F9C0461C040000C03A0020F5
:10867C000C040000205602103C550210DC55021070
:10868C00905502104C5602107038021014560210FD
:10869C00F8B506000500102430363000FFF7FAFB61
:1086AC002A68D368D1681C4008230B401C436342E2
:1086BC005C410423D1680B4059424B415B421C4046
:1086CC00D3689B0703D40024D3682000F8BDD3687B
:1086DC00DB0701D40024F8E70028FBD0002CF4D0F1
:1086EC002B6A80219A011D4B49049C4662441368F5
:1086FC000B42FCD16B6A80279A01184B7F049C4675
:10870C00624413683B42FCD13000FFF7BFFB0028EA
:10871C0017D1A022D20594462B6A9B0163441B6996
:10872C003B4214D1A022D20594466B6A9B01634450
:10873C001B693B42C9D00A4B0A4AA5210A4801F0E1
:10874C0023F90A4B074AA321074801F01DF9084BEE
:10875C00044AA421044801F017F9C0461000005047
:10876C00B855021050550210DC550210F455021089
:10877C0078560210F8B505002E00FFF705FFFA2118
:10878C001024303689003000FFF784FB2A68D36848
:10879C00D1681C4008230B401C4363425C410423FA
:1087AC00D1680B4059424B415B421C40D3689B073C
:1087BC0003D40024D3682000F8BDD368DB0701D4B0
:1087CC000024F8E70028FBD0002CF4D01E4A8021AE
:1087DC0094462B6A49049B0163441A680A42FCD1F3
:1087EC00194A802794466B6A7F049B0163441A687C
:1087FC003A42FCD13000FFF749FB00281DD1A022E2
:10880C00D20594462B6A9B0163441B693B420ED1F3
:10881C00A022D20594466B6A9B0163441B693B42C0
:10882C00C9D00A4B0A4AA5210A4801F0ADF80A4BF7
:10883C00074AA421074801F0A7F8084B044AA321D2
:10884C00044801F0A1F8C04610000050B8550210C1
:10885C0050550210DC55021078560210F4550210D7
:10886C007047C04603685A0004D580221206134391
:10887C00C01870475B005B08FAE7C046F8B557466E
:10888C004546DE464E469046E0B50700002924D00A
:10889C004B1E9A46994600239B465B464B44DC0F85
:1088AC00E4186410E5007E193000FFF7DBFFA245E9
:1088BC000CD040450CD8280008303818FFF7D2FFF0
:1088CC00013840450AD2631C9B46E6E7404505D972
:1088DC00A34502D0631E9946DFE7002630003CBC5E
:1088EC0090469946A246AB46F8BDC0460300012807
:1088FC0005D0022807D00020002B02D07047034877
:10890C00FCE70348FAE70348F8E7C0469112002059
:10891C00851200209D12002030B5234B83B005003A
:10892C008C1E002B26D001A9200000E000BF0028DF
:10893C001CD001992200FFF7A1FF041E16D0FFF7EF
:10894C0091FF6368A864012B2AD0201D002B23DB28
:10895C00FFF788FF0023E8642B650368002B0FDB0F
:10896C00FFF780FF2861002003B030BD00230920F1
:10897C002B61F9E70D480E49091AC9100191D9E785
:10898C001801000FFFF7B2FF2861431E984108231E
:10899C00404298430930E7E70123E8642B65DCE7A4
:1089AC00002305202B61DFE7000000007079021026
:1089BC00387E0210036810B50400DA0705D448307D
:1089CC009B0709D500F08AFC23685A0709D51A07BA
:1089DC000ED5DB0614D510BD00F07CFC23685A07BD
:1089EC00F5D42000D03000F07DFC23681A07F0D4B9
:1089FC0020005130FF3000F079FC2368DB06EAD40C
:108A0C002000D130FF3000F075FCE4E70368002B48
:108A1C0000D01B1818007047092070477047C046DB
:108A2C0070B504000D00296C2000FFF775FF0028BD
:108A3C0011D12B6C2A006361210001202369984716
:108A4C000828F0D0072806D10020296CFFF7E6FF94
:108A5C00281D00F029FC00F06FFFC046F0B5CE4693
:108A6C00474680B5C368314C9846A54483690500D8
:108A7C0016000431402205A8994600F075FF00232A
:108A8C0004AC216C28000493FFF746FF731E9E4133
:108A9C000700093628E0F022236C52006B6121009C
:108AAC007CA800F061FF7CAA29002B693000984754
:108ABC008A9B0700636403934B46009401932A003E
:108ACC002B0031000120C04700281CD1F0227CA9CA
:108ADC005200200000F048FF082F1DD1216C280007
:108AEC00FFF71AFF09260700002FD4D0A36B102123
:108AFC0063644B463143019300942B002A00012000
:108B0C00C047002800D009273800F5239B009D445E
:108B1C000CBC90469946F0BD072FF4D10020216C77
:108B2C00FFF77CFF05A800F0BFFBC0462CFCFFFF45
:108B3C00406C704770B5CB6BFAB00B6404000E0040
:108B4C004022043103A800F00FFF01235B42029383
:108B5C0006E002AA210023699847050008280AD1DB
:108B6C00129B200019000193FFF7D6FE0028F0D0CD
:108B7C0009207AB070BD02A8FFF71CFF062DF7D1B3
:108B8C0031002000FFF74CFF10B58261DA6BC16039
:108B9C001A6419000022FFF761FF10BD436970B51C
:108BAC000B64C36804000D00002B13D10A00236969
:108BBC00010002209847072805D008280FD129006A
:108BCC002000FFF72DFF0020296CFFF727FF281D41
:108BDC0000F06AFB0122FFF741FF00F0ADFE00F050
:108BEC00ABFEC046C36810B5002B05D0CB6B002282
:108BFC000B64FFF733FF10BDFFF79CFFFBE7C0468C
:108C0C007047C046836810B5002B02D001000120CC
:108C1C00984710BD012914D0002907D00120033931
:108C2C00C9B288428041404201307047002B0AD1C2
:108C3C000F2A08D8920082185268009B00201A60F4
:108C4C00F3E70120F1E70220EFE7C04600B585B05D
:108C5C0003AB0A00009300210023FFF7DBFF03980E
:108C6C0005B000BD012914D0002907D0012003391B
:108C7C00C9B288428041404201307047002B0AD172
:108C8C000F2A08D8009B92001B68821853600020A2
:108C9C00F3E70120F1E70220EFE7C04600B585B00D
:108CAC0003AB039200930A0000230021FFF7DAFFC5
:108CBC0005B000BD70B51A4CD36BA5441364060007
:108CCC000D0019A8111D402200F04EFE01235B423D
:108CDC00189314E00C2118A802AAFFF7DFFF290053
:108CEC0018A8B047002812D1069B18AA02A9083070
:108CFC0001939847040005280AD0092807D0289B1F
:108D0C0002A819000193FFF707FE0028E2D00924FE
:108D1C0018A8FFF74FFE200090239B009D4470BDC8
:108D2C00C0FDFFFFF0B5DE469346032257469A4638
:108D3C0045464E461300CC6C88465146E0B5034080
:108D4C0089B0009308CC0694002900D16FE01A0C6E
:108D5C001B040593022304A90B73FD3313409B00E2
:108D6C004A73E418009B022B01D143469C6B43468B
:108D7C001B6DDB0749D4002346465D46019308333F
:108D8C00034003932768002F00D112E15346022BB6
:108D9C0049D06388278898460434012340469B4673
:108DAC009843B36C0F21994681442800FFF74EFF7E
:108DBC000021814506D839005B46994349448842D5
:108DCC008941494243465A0002231340012217406D
:108DDC003B43012B38D0002B2ED0022B1BD1236808
:108DEC00009A5F007F08002A69D1002906D0039AF7
:108DFC00002A00D17EE0002F00D1A6E0002B00DA83
:108E0C0004340137BF00E419BCE705A9584600F04B
:108E1C0017FB002836D0092009B03CBC9046994677
:108E2C00A246AB46F0BD636808349846B5E71B0212
:108E3C00059304AB9A8195E7009B002B02D0002987
:108E4C0000D08FE004349DE7009B002B1CD100293F
:108E5C0016D02368DF0F63689A1CDCD032005832BE
:108E6C000492013300D1C3E0201DFFF7CFFD04AB0A
:108E7C0001003A00300000F097FD002800D085E09A
:108E8C0008347FE70820C7E70D212800376AFFF771
:108E9C00DDFE8742F4D1B36A9C42F1D1B046AB46B9
:108EAC002000FFF7DFFC0F2102005846FFF7F6FE0B
:108EBC00584642460021FFF7F1FE0720ACE7336A23
:108ECC000D2128009846FFF7C1FE804501D023688C
:108EDC0094E7B36A9C42FAD10023F3620433336300
:108EEC00231DB76273632368002B00DA8AE0012329
:108EFC00019386E7002F28D058239C46B444634640
:108F0C000293231D99460023210098463A0004AB96
:108F1C004C464746AB4690461D00894602E0043459
:108F2C00474562D0029B20000493FFF76FFD2B0096
:108F3C00010000223000013700F036FD0028EED091
:108F4C004C4647465D46236858E7B046AB460D2174
:108F5C005846FFF77BFE4346049A18625A629C629D
:108F6C00062059E72000FFF77DFC0434AB46B463C0
:108F7C000500300000F000FD002800D14BE75846FA
:108F8C002A000F21FFF78AFE072045E7AB460D218B
:108F9C0005005846FFF75AFEB04633003062022DEA
:108FAC002CD1049A2C33F2627362434606209C62E5
:108FBC0032E705A92800AB4600F042FA002800D0A1
:108FCC0029E7019B002B00D15CE70F215846FFF7E6
:108FDC003DFE0E2102005846FFF760FE58460C4A33
:108FEC000F21FFF75BFE072016E74C46B046AEE7B5
:108FFC000D212800FFF72AFEB04630624346049A42
:10900C005A62D2E7781C8000B046AB46201848E77D
:10901C00D998011010B50023FFF784FE10BDC0468F
:10902C0010B50123FFF77EFE10BDC04610B502231C
:10903C00FFF778FE10BDC046F0B5CE46474680B56A
:10904C000500C3B014001E00012947D000292BD005
:10905C00032921D0042921D1002B1FD1102A1DD87E
:10906C00102203681A4200D0F6E020AF380000F05E
:10907C0043F900230120AA6B010099400C4202D055
:10908C0040CA99007E500133042BF5D1AA633800F5
:10909C0000F030F9002002E0032B67D0022043B02F
:1090AC000CBC90469946F0BD002BF7D101218846A7
:1090BC00291D00238C461004AA6B000C41469940D4
:1090CC00084203D0664680CA990077500133102BB2
:1090DC00F4D10020A304E2D4AA63E0E7130C140437
:1090EC009846240C012E63D0052ED7D11B19202BAA
:1090FC00D4D842460F2A7BD9A146002C00D08CE054
:10910C00AA6B20AF002C00D1BAE00023994643464D
:10911C00DB00FF180023E400D158F95004339C42C3
:10912C00FAD14B461219002B10D06F46404610282E
:10913C0000D210204B46D90000231038C00038183C
:10914C00D458C45004338B42FAD1D218012E00D11A
:10915C0094E04346AA630F2B00D88BE04B46002BC0
:10916C0098D0684600F0BEF8002098E71404160C5E
:10917C00240C3319102B00D990E7082203681A42EB
:10918C0071D120AF380000F0B3F8F600AB6B002CB7
:10919C0008D0F61AE400321F1C19BA1802CB9950E9
:1091AC00A342FBD13800AB6300F0A0F8002076E7B7
:1091BC001B19102B00D971E743460F2B00D96DE713
:1091CC002B681E4206D00322280093432B604830A4
:1091DC0000F082F820AF380000F07EF8AA6B002C6B
:1091EC0093D104323800AA6300F074F8002056E7DB
:1091FC00102B55D9102252429146994401222B68CA
:10920C001A4207D093430222280013432B604830A4
:10921C0000F066F84B46002B35D004222B681A421E
:10922C0013D143460F2B03D820AF380000F058F869
:10923C006F46380000F058F810244346AA6BE41A25
:10924C00002C00DC72E720AF61E7280093432B6011
:10925C00D03000F049F8E4E793430360D130FF309D
:10926C0000F04AF801E7934303605130FF3000F0FF
:10927C003FF886E720A800F031F86FE720AFB0E7A1
:10928C000023994665E743460F2B00D938E720AFFA
:10929C00380000F025F8AA6B002C00D035E758E711
:1092AC0000239946AAE7C046011C343138C9043B57
:1092BC009C461D60A646011C20313CC9904699462F
:1092CC00A246AB46011C0831FCC941680068E54662
:1092DC0000BDC0467047C0467047C0467047C04688
:1092EC007047C0467047C0467047C0467047C0467E
:1092FC007047C0467047C0467047C04601B401A8CD
:10930C0001B585B0FFB408A841464A4653465C46B1
:10931C0065463EC001A83EC80F98009000230CB4CF
:10932C0001A9FFF707FC109B12B0184701B401A864
:10933C0001B585B0FFB408A841464A4653465C4681
:10934C0065463EC001A83EC80F98009000230CB49F
:10935C0001A9FFF723FC109B12B0184701B401A818
:10936C0001B585B0FFB408A841464A4653465C4651
:10937C0065463EC001A83EC80F98009000230CB46F
:10938C0001A9FFF72FFC109B12B0184701B401A8DC
:10939C0001B585B0FFB408A841464A4653465C4621
:1093AC0065463EC001A83EC80F98009000230CB43F
:1093BC0001ABFFF7E9FB109B12B0184701B401A8F1
:1093CC0001B585B0FFB408A841464A4653465C46F1
:1093DC0065463EC001A83EC80F98009000230CB40F
:1093EC0001AAFFF767FC109B12B01847027A030022
:1093FC00002A0ED1427A002A0FD0013A42724268FA
:10940C00111D4160032112680172100E12021A60C4
:10941C007047013A02720268F7E7B020F8E7C046DD
:10942C0000B585B003AB00930C2200230021FFF79D
:10943C00F1FB039805B000BD10B5FFF7F1FF10BDAF
:10944C00F0B557464E464546DE460023E0B587B09C
:10945C0003930F339846083B994680231B03060061
:10946C000F009A463800FFF7C1FF0400B02800D166
:10947C00C1E0030629D5030042469343DBB2802B9F
:10948C0053D0902B3DD0A02B6BD0B02B00D17EE0D5
:10949C00C02B00D195E003004A469343DBB2D02B9E
:1094AC000AD15346024001321A43052301213000F0
:1094BC00FFF7C2FD0028D5D00924200007B03CBC22
:1094CC0090469946A246AB46F0BDFF23820013405E
:1094DC001D1D05AB9B4600930D220023002130007F
:1094EC00FFF798FB630639D4059B9C4665445B46A5
:1094FC000595009300230D2200213000FFF7B2FBED
:10950C00B0E7833B03400D2BD6D005AD0240009550
:10951C00002300213000FFF77DFB009500230D2276
:10952C0000213000FFF79EFB9CE704023800FFF798
:10953C005DFF802520432D02A842BDD0040100050B
:10954C00020C002300213000FFF776FD0028B3D178
:10955C002C4200D186E70123039383E7059B5D1B17
:10956C00C5E7FF234A461B011900824311410A003B
:10957C001A40030702D58023DB011A430023002184
:10958C003000FFF759FD002800D16BE794E7B128B4
:10959C0045D0B22800D1A1E0B32856D0FC2303401B
:1095AC00B42B00D188E74A465346024001321A4395
:1095BC00012101233000FFF73FFD002800D151E7C6
:1095CC007AE7C6284CD0C7285ED003004A4693439E
:1095DC00DBB2C02B6ED0C82873D0C92800D06BE783
:1095EC003800FFF703FFF02302031B03134042462E
:1095FC000240013258E7039B0024002B00D05CE7AB
:10960C0005AD00950E2200213000FFF703FB0095FD
:10961C0000230F2200213000FFF724FB4DE7380018
:10962C00FFF7E4FE002800D146E7030042469343CF
:10963C00DBB2002B00D03FE7020000213000FFF727
:10964C00FBFC002800D10DE736E73800FFF7CEFE13
:10965C00F02302031B031340424602400132A6E7EB
:10966C003800FFF7C3FEF02302031B0313404246EE
:10967C00024001321A43032303213000FFF7DCFCC4
:10968C00002800D1EEE617E73800FFF7AFFE002800
:10969C0000D111E7030042469343DBB2002B00D00C
:1096AC000AE7020004213000FFF7C6FC002800D1B5
:1096BC00D8E601E74346A0221C40013412032243A2
:1096CC00D9E73800FFF792FE434602009A43D2B224
:1096DC0010321840120301300243E6E605AB00934A
:1096EC009B460D22002300213000FFF793FA38002F
:1096FC00FFF77CFE03061AD57F25B03C059B28405E
:10970C00A0409C466044059038000734FFF76EFE7D
:10971C000306F3D481217F23890003408C46A340A8
:10972C00059A62449B1805935B460093E2E602247B
:10973C00F0E7C046030000B5DB6C85B05A68080042
:10974C00120201921A0001A908324A6003220A721D
:10975C00DB794B72FFF774FE05B000BD10B5FFF757
:10976C006BFE806C10BDC04610B5FFF765FEC36C78
:10977C00D87902308000181810BDC04610B500F022
:10978C00DBF810B5FFF7FAFF70B5CDB2830734D014
:10979C00531E002A1BD00278AA4219D0032404E0DD
:1097AC00013B14D30278AA4212D001302042F7D1E7
:1097BC00032B0ED8002B0AD00278AA4208D0C3186B
:1097CC0002E00278AA4203D001308342F9D1002092
:1097DC0070BDFF220C06240C114021430C04084ED2
:1097EC000C43026807496240511891433142E3D15E
:1097FC00043B0430032BF4D8DCE71300D8E7C04655
:10980C0080808080FFFEFEFE30B5032A0CD9030059
:10981C000B439B071CD103680C68A34218D1043A74
:10982C0004300431032AF6D8551E002A0ED00278D3
:10983C000C7894420ED101350123013904E0C25C4D
:10984C000133CC5CA24205D1AB42F8D1002030BD33
:10985C00551EECE7101BFAE7F0B5C64600B588427A
:10986C000CD98B18984209D2531E002A03D0CA5C1B
:10987C00C254013BFBD204BC9046F0BD0F2A0CD85D
:10988C000500561E002AF6D0002300E02300CA5C17
:10989C005C1CEA549E42F9D1EDE70B00032603430E
:1098AC001E400C000300002E2ED11500103D2D097A
:1098BC00AC462D01A846804400E02B001D00276813
:1098CC0010351F6067685F60A7689F60E768103499
:1098DC00DF604345F1D165460F230C2401352D0182
:1098EC00491913404519144211D08C59AC51043606
:1098FC009C1B032CF9D80324043B9B0801339B00CD
:10990C00ED18C9182240BCE7561E0500BCE71A002A
:10991C00B7E7C0460000000001B40248844601BC11
:10992C00604700BF198D001001B40248844601BC89
:10993C00604700BF95DF001001B40248844601BCAB
:10994C00604700BF7112021001B40248844601BC8A
:10995C00604700BF412B011001B40248844601BC92
:10996C00604700BFE98C001001B40248844601BC7A
:10997C00604700BF5D2E011001B40248844601BC53
:10998C00604700BF8996011001B40248844601BCAF
:10999C00604700BF2100011001B40248844601BC9D
:1099AC00604700BFC9EE001001B40248844601BCF8
:1099BC00604700BFB995011001B40248844601BC50
:1099CC00604700BF69EC001001B40248844601BC3A
:1099DC00604700BF39380110D83102100100000077
:1099EC00201F00200000000000000000000000000C
:1099FC00000000000000000000000000000000005B
:109A0C00000000000000000000000000000000004A
:109A1C00000000000000000000000000000000003A
:109A2C00000000000000000000000000000000002A
:109A3C00000000000000000000000000000000001A
:109A4C00000000000000000000000000000000000A
:109A5C0000000000000000000000000000000000FA
:109A6C0000000000000000000000000000000000EA
:109A7C0000000000000000000000000000000000DA
:109A8C0000000000000000000000000000000000CA
:109A9C0000000000000000000000000000000000BA
:109AAC0000000000000000000000000000000000AA
:109ABC00000000000000000000000000000000009A
:109ACC00000000000000000000000000000000008A
:109ADC00000000000000000000000000000000007A
:109AEC00000000000000000000000000000000006A
:109AFC00000000000000000000000000000000005A
:109B0C000000000000000000000000000000000049
:109B1C000000000000000000000000000000000039
:109B2C000000000000000000000000000000000029
:109B3C000000000000000000000000000000000019
:109B4C000000000000000000000000000000000009
:109B5C0000000000000000000000000000000000F9
:109B6C0000000000000000000000000000000000E9
:109B7C0000000000000000000000000000000000D9
:109B8C0000000000000000000000000000000000C9
:109B9C0000000000000000000000000000000000B9
:109BAC0000000000000000000000000000000000A9
:109BBC000000000000000000000000000000000099
:109BCC000000000000000000000000000000000089
:109BDC000000000000000000000000000000000079
:109BEC000000000000000000000000000000000069
:109BFC000000000000000000000000000000000059
:109C0C000000000000000000000000000000000048
:109C1C000000000000000000000000000000000038
:109C2C000000000000000000000000000000000028
:109C3C000000000000000000000000000000000018
:109C4C000000000000000000000000000000000008
:109C5C0000000000000000000000000000000000F8
:109C6C0000000000000000000000000000000000E8
:109C7C0000000000000000000000000000000000D8
:109C8C0000000000000000000000000000000000C8
:109C9C0000000000000000000000000000000000B8
:109CAC0000000000000000000000000000000000A8
:109CBC000000000013000000140000000000000071
:109CCC000000000000000000000000000000000088
:109CDC0000000000C0E1E4000000000000000000F3
:109CEC000000000000000000000000000000000068
:109CFC000000000000000000000000000000000058
:109D0C000000000000000000000000000000000047
:109D1C000000000000000000000000000000000037
:109D2C000000000000000000000000000000000027
:109D3C000000000000000000000000000000000017
:109D4C000000000000000000000000000000000007
:109D5C0000000000000000000000000000000000F7
:109D6C0000000000000000000000000000000000E7
:109D7C0000000000000000000000000000000000D7
:109D8C0000000000000000000000000000000000C7
:109D9C0000000000000000000000000000000000B7
:109DAC0000000000000000000000000000000000A7
:109DBC000000000000000000000000000000000097
:109DCC000000000000000000000000000000000087
:109DDC000000000000000000000000000000000077
:109DEC000000000000000000000000000000000067
:109DFC000000000000000000000000000000000057
:109E0C000000000000000000000000000000000046
:109E1C000000000000000000000000000000000036
:109E2C000000000000000000000000000000000026
:109E3C000000000000000000000000000000000016
:109E4C000000000000000000000000000000000006
:109E5C0000000000000000000000000000000000F6
:109E6C0000000000000000000000000000000000E6
:109E7C0000000000000000000000000000000000D6
:109E8C0000000000000000000000000000000000C6
:109E9C0000000000000000000000000000000000B6
:109EAC0000000000000000000000000000000000A6
:109EBC000000000000000000000000000000000096
:109ECC000000000000000000000000000000000086
:109EDC000000000000000000000000000000000076
:109EEC000000000000000000000000000000000066
:109EFC000000000000000000000000000000000056
:109F0C000000000000000000000000000000000045
:109F1C000000000000000000000000000000000035
:109F2C000000000000000000000000000000000025
:109F3C000000000000000000000000000000000015
:109F4C000000000000000000000000000000000005
:109F5C0000000000000000000000000000000000F5
:109F6C0000000000000000000000000000000000E5
:109F7C0000000000000000000000000000000000D5
:109F8C0000000000000000000000000000000000C5
:109F9C0000000000000000000000000000000000B5
:109FAC0000000000000000000000000000000000A5
:109FBC000000000000000000000000000000000095
:109FCC000000000000000000000000000000000085
:109FDC000000000000000000000000000000000075
:109FEC000000000000000000000000000000000065
:109FFC000000000000000000000000000000000055
:10A00C000000000000000000000000000000000044
:10A01C000000000000000000000000000000000034
:10A02C000000000000000000000000000000000024
:10A03C000000000000000000000000000000000014
:10A04C000000000000000000000000000000000004
:10A05C0000000000000000000000000000000000F4
:10A06C0000000000000000000000000000000000E4
:10A07C0000000000000000000000000000000000D4
:10A08C0000000000000000000000000000000000C4
:10A09C0000000000000000000000000000000000B4
:10A0AC0000000000000000000000000000000000A4
:10A0BC000000000000000000000000000000000094
:10A0CC000000000000000000000000000000000084
:10A0DC000000000000000000000000000000000074
:10A0EC000000000000000000000000000000000064
:10A0FC000000000000000000000000000000000054
:10A10C000000000000000000000000000000000043
:10A11C000000000000000000000000000000000033
:10A12C000000000000000000000000000000000023
:10A13C000000000000000000000000000000000013
:10A14C000000000000000000000000000000000003
:10A15C0000000000000000000000000000000000F3
:10A16C0000000000000000000000000000000000E3
:10A17C0000000000000000000000000000000000D3
:10A18C0000000000000000000000000000000000C3
:10A19C0000000000000000000000000000000000B3
:10A1AC0000000000000000000000000000000000A3
:10A1BC000000000000000000000000000000000093
:10A1CC000000000000000000000000000000000083
:10A1DC000000000000000000000000000000000073
:10A1EC000000000000000000000000000000000063
:10A1FC000000000000000000000000000000000053
:10A20C000000000000000000000000000000000042
:10A21C000000000000000000000000000000000032
:10A22C000000000000000000000000000000000022
:10A23C000000000000000000000000000000000012
:10A24C000000000000000000000000000000000002
:10A25C0000000000000000000000000000000000F2
:10A26C0000000000000000000000000000000000E2
:10A27C0000000000000000000000000000000000D2
:10A28C0000000000000000000000000000000000C2
:10A29C0000000000000000000000000000000000B2
:10A2AC0000000000000000000000000000000000A2
:10A2BC000000000000000000000000000000000092
:10A2CC000000000000000000000000000000000082
:10A2DC000000000000000000000000000000000072
:10A2EC000000000000000000000000000000000062
:10A2FC000000000000000000000000000000000052
:10A30C000000000000000000000000000000000041
:10A31C000000000000000000000000000000000031
:10A32C000000000000000000000000000000000021
:10A33C000000000000000000000000000000000011
:10A34C000000000000000000000000000000000001
:10A35C0000000000000000000000000000000000F1
:10A36C0000000000000000000000000000000000E1
:10A37C0000000000000000000000000000000000D1
:10A38C0000000000000000000000000000000000C1
:10A39C0000000000000000000000000000000000B1
:10A3AC0000000000000000000000000000000000A1
:10A3BC000000000000000000000000000000000091
:10A3CC000000000000000000000000000000000081
:10A3DC000000000000000000000000000000000071
:10A3EC000000000000000000000000000000000061
:10A3FC000000000000000000000000000000000051
:10A40C000000000000000000000000000000000040
:10A41C000000000000000000000000000000000030
:10A42C000000000000000000000000000000000020
:10A43C000000000000000000000000000000000010
:10A44C000000000000000000000000000000000000
:10A45C0000000000000000000000000000000000F0
:10A46C0000000000000000000000000000000000E0
:10A47C0000000000000000000000000000000000D0
:10A48C0000000000000000000000000000000000C0
:10A49C0000000000000000000000000000000000B0
:10A4AC0000000000000000000000000000000000A0
:10A4BC000000000000000000000000000000000090
:10A4CC000000000000000000000000000000000080
:10A4DC000000000000000000000000000000000070
:10A4EC000000000000000000000000000000000060
:10A4FC000000000000000000000000000000000050
:10A50C00000000000000000000000000000000003F
:10A51C00000000000000000000000000000000002F
:10A52C00000000000000000000000000000000001F
:10A53C00000000000000000000000000000000000F
:10A54C0000000000000000000000000000000000FF
:10A55C0000000000000000000000000000000000EF
:10A56C0000000000000000000000000000000000DF
:10A57C0000000000000000000000000000000000CF
:10A58C0000000000000000000000000000000000BF
:10A59C0000000000000000000000000000000000AF
:10A5AC00000000000000000000000000000000009F
:10A5BC00000000000000000000000000000000008F
:10A5CC00000000000000000000000000000000007F
:10A5DC00000000000000000000000000000000006F
:10A5EC00000000000000000000000000000000005F
:10A5FC00000000000000000000000000000000004F
:10A60C00000000000000000000000000000000003E
:10A61C00000000000000000000000000000000002E
:10A62C00000000000000000000000000000000001E
:10A63C00000000000000000000000000000000000E
:10A64C0000000000000000000000000000000000FE
:10A65C0000000000000000000000000000000000EE
:10A66C0000000000000000000000000000000000DE
:10A67C0000000000000000000000000000000000CE
:10A68C0000000000000000000000000000000000BE
:10A69C0000000000000000000000000000000000AE
:10A6AC00000000000000000000000000000000009E
:10A6BC00000000000000000000000000000000008E
:10A6CC00000000000000000000000000000000007E
:10A6DC00000000000000000000000000000000006E
:10A6EC00000000000000000000000000000000005E
:10A6FC00000000000000000000000000000000004E
:10A70C00000000000000000000000000000000003D
:10A71C00000000000000000000000000000000002D
:10A72C00000000000000000000000000000000001D
:10A73C00000000000000000000000000000000000D
:10A74C0000000000000000000000000000000000FD
:10A75C0000000000000000000000000000000000ED
:10A76C0000000000000000000000000000000000DD
:10A77C0000000000000000000000000000000000CD
:10A78C0000000000000000000000000000000000BD
:10A79C0000000000000000000000000000000000AD
:10A7AC00000000000000000000000000000000009D
:10A7BC00000000000000000000000000000000008D
:10A7CC00000000000000000000000000000000007D
:10A7DC00000000000000000000000000000000006D
:10A7EC00000000000000000000000000000000005D
:10A7FC00000000000000000000000000000000004D
:10A80C00000000000000000000000000000000003C
:10A81C00000000000000000000000000000000002C
:10A82C00000000000000000000000000000000001C
:10A83C00000000000000000000000000000000000C
:10A84C0000000000000000000000000000000000FC
:10A85C0000000000000000000000000000000000EC
:10A86C0000000000000000000000000000000000DC
:10A87C0000000000000000000000000000000000CC
:10A88C0000000000000000000000000000000000BC
:10A89C0000000000000000000000000000000000AC
:10A8AC00000000000000000000000000000000009C
:10A8BC00000000000000000000000000000000008C
:10A8CC00000000000000000000000000000000007C
:10A8DC00000000000000000000000000000000006C
:10A8EC00000000000000000000000000000000005C
:10A8FC00000000000000000000000000000000004C
:10A90C00000000000000000000000000000000003B
:10A91C00000000000000000000000000000000002B
:10A92C00000000000000000000000000000000001B
:10A93C00000000000000000000000000000000000B
:10A94C0000000000000000000000000000000000FB
:10A95C0000000000000000000000000000000000EB
:10A96C0000000000000000000000000000000000DB
:10A97C0000000000000000000000000000000000CB
:10A98C0000000000000000000000000000000000BB
:10A99C0000000000000000000000000000000000AB
:10A9AC00000000000000000000000000000000009B
:10A9BC00000000000000000000000000000000008B
:10A9CC00000000000000000000000000000000007B
:10A9DC00000000000000000000000000000000006B
:10A9EC00000000000000000000000000000000005B
:10A9FC00000000000000000000000000000000004B
:10AA0C00000000000000000000000000000000003A
:10AA1C00000000000000000000000000000000002A
:10AA2C00000000000000000000000000000000001A
:10AA3C00000000000000000000000000000000000A
:10AA4C0000000000000000000000000000000000FA
:10AA5C0000000000000000000000000000000000EA
:10AA6C0000000000000000000000000000000000DA
:10AA7C0000000000000000000000000000000000CA
:10AA8C0000000000000000000000000000000000BA
:10AA9C0000000000000000000000000000000000AA
:10AAAC00000000000000000000000000000000009A
:10AABC00000000000000000000000000000000008A
:10AACC00000000000000000000000000000000007A
:10AADC00000000000000000000000000000000006A
:10AAEC00000000000000000000000000000000005A
:10AAFC00000000000000000000000000000000004A
:10AB0C000000000000000000000000000000000039
:10AB1C000000000000000000000000000000000029
:10AB2C000000000000000000000000000000000019
:10AB3C000000000000000000000000000000000009
:10AB4C0000000000000000000000000000000000F9
:10AB5C0000000000000000000000000000000000E9
:10AB6C0000000000000000000000000000000000D9
:10AB7C0000000000000000000000000000000000C9
:10AB8C0000000000000000000000000000000000B9
:10AB9C0000000000000000000000000000000000A9
:10ABAC000000000000000000000000000000000099
:10ABBC000000000000000000000000000000000089
:10ABCC000000000000000000000000000000000079
:10ABDC000000000000000000000000000000000069
:10ABEC000000000000000000000000000000000059
:10ABFC000000000000000000000000000000000049
:10AC0C000000000000000000000000000000000038
:10AC1C000000000000000000000000000000000028
:10AC2C000000000000000000000000000000000018
:10AC3C000000000000000000000000000000000008
:10AC4C0000000000000000000000000000000000F8
:10AC5C0000000000000000000000000000000000E8
:10AC6C0000000000000000000000000000000000D8
:10AC7C0000000000000000000000000000000000C8
:10AC8C0000000000000000000000000000000000B8
:10AC9C0000000000000000000000000000000000A8
:10ACAC000000000000000000000000000000000098
:10ACBC000000000000000000000000000000000088
:10ACCC000000000000000000000000000000000078
:10ACDC000000000000000000000000000000000068
:10ACEC000000000000000000000000000000000058
:10ACFC000000000000000000000000000000000048
:10AD0C000000000000000000000000000000000037
:10AD1C000000000000000000000000000000000027
:10AD2C000000000000000000000000000000000017
:10AD3C000000000000000000000000000000000007
:10AD4C0000000000000000000000000000000000F7
:10AD5C0000000000000000000000000000000000E7
:10AD6C0000000000000000000000000000000000D7
:10AD7C0000000000000000000000000000000000C7
:10AD8C0000000000000000000000000000000000B7
:10AD9C0000000000000000000000000000000000A7
:10ADAC000000000000000000000000000000000097
:10ADBC000000000000000000000000000000000087
:10ADCC000000000000000000000000000000000077
:10ADDC000000000000000000000000000000000067
:10ADEC000000000000000000000000000000000057
:10ADFC000000000000000000000000000000000047
:10AE0C000000000000000000000000000000000036
:10AE1C000000000000000000000000000000000026
:10AE2C000000000000000000000000000000000016
:10AE3C000000000000000000000000000000000006
:10AE4C0000000000000000000000000000000000F6
:10AE5C0000000000000000000000000000000000E6
:10AE6C0000000000000000000000000000000000D6
:10AE7C0000000000000000000000000000000000C6
:10AE8C0000000000000000000000000000000000B6
:10AE9C0000000000000000000000000000000000A6
:10AEAC000000000000000000000000000000000096
:10AEBC000000000000000000000000000000000086
:10AECC000000000000000000000000000000000076
:10AEDC000000000000000000000000000000000066
:10AEEC000000000000000000000000000000000056
:10AEFC000000000000000000000000000000000046
:10AF0C000000000000000000000000000000000035
:10AF1C000000000000000000000000000000000025
:10AF2C000000000000000000000000000000000015
:10AF3C000000000000000000000000000000000005
:10AF4C0000000000000000000000000000000000F5
:10AF5C0000000000000000000000000000000000E5
:10AF6C0000000000000000000000000000000000D5
:10AF7C0000000000000000000000000000000000C5
:10AF8C0000000000000000000000000000000000B5
:10AF9C0000000000000000000000000000000000A5
:10AFAC000000000000000000000000000000000095
:10AFBC000000000000000000000000000000000085
:10AFCC000000000000000000000000000000000075
:10AFDC000000000000000000000000000000000065
:10AFEC000000000000000000000000000000000055
:10AFFC000000000000000000000000000000000045
:10B00C000000000000000000000000000000000034
:10B01C000000000000000000000000000000000024
:10B02C000000000000000000000000000000000014
:10B03C000000000000000000000000000000000004
:10B04C0000000000000000000000000000000000F4
:10B05C0000000000000000000000000000000000E4
:10B06C0000000000000000000000000000000000D4
:10B07C0000000000000000000000000000000000C4
:10B08C0000000000000000000000000000000000B4
:10B09C0000000000000000000000000000000000A4
:10B0AC000000000000000000000000000000000094
:10B0BC000000000000000000000000000000000084
:10B0CC000000000000000000000000000000000074
:10B0DC000000000000000000000000000000000064
:10B0EC000000000000000000000000000000000054
:10B0FC000000000000000000000000000000000044
:10B10C000000000000000000000000000000000033
:10B11C000000000000000000000000000000000023
:10B12C000000000000000000000000000000000013
:10B13C000000000000000000000000000000000003
:10B14C0000000000000000000000000000000000F3
:10B15C0000000000000000000000000000000000E3
:10B16C0000000000000000000000000000000000D3
:10B17C0000000000000000000000000000000000C3
:10B18C0000000000000000000000000000000000B3
:10B19C0000000000000000000000000000000000A3
:10B1AC000000000000000000000000000000000093
:10B1BC000000000000000000000000000000000083
:10B1CC000000000000000000000000000000000073
:10B1DC000000000000000000000000000000000063
:10B1EC000000000000000000000000000000000053
:10B1FC000000000000000000000000000000000043
:10B20C000000000000000000000000000000000032
:10B21C000000000000000000000000000000000022
:10B22C000000000000000000000000000000000012
:10B23C000000000000000000000000000000000002
:10B24C0000000000000000000000000000000000F2
:10B25C0000000000000000000000000000000000E2
:10B26C0000000000000000000000000000000000D2
:10B27C0000000000000000000000000000000000C2
:10B28C0000000000000000000000000000000000B2
:10B29C0000000000000000000000000000000000A2
:10B2AC000000000000000000000000000000000092
:10B2BC000000000000000000000000000000000082
:10B2CC000000000000000000000000000000000072
:10B2DC000000000000000000000000000000000062
:10B2EC000000000000000000000000000000000052
:10B2FC000000000000000000000000000000000042
:10B30C000000000000000000000000000000000031
:10B31C000000000000000000000000000000000021
:10B32C000000000000000000000000000000000011
:10B33C000000000000000000000000000000000001
:10B34C0000000000000000000000000000000000F1
:10B35C0000000000000000000000000000000000E1
:10B36C0000000000000000000000000000000000D1
:10B37C0000000000000000000000000000000000C1
:10B38C0000000000000000000000000000000000B1
:10B39C0000000000000000000000000000000000A1
:10B3AC000000000000000000000000000000000091
:10B3BC000000000000000000000000000000000081
:10B3CC000000000000000000000000000000000071
:10B3DC000000000000000000000000000000000061
:10B3EC000000000000000000000000000000000051
:10B3FC000000000000000000000000000000000041
:10B40C000000000000000000000000000000000030
:10B41C000000000000000000000000000000000020
:10B42C000000000000000000000000000000000010
:10B43C000000000000000000000000000000000000
:10B44C0000000000000000000000000000000000F0
:10B45C0000000000000000000000000000000000E0
:10B46C0000000000000000000000000000000000D0
:10B47C0000000000000000000000000000000000C0
:10B48C0000000000000000000000000000000000B0
:10B49C0000000000000000000000000000000000A0
:10B4AC000000000000000000000000000000000090
:10B4BC000000000000000000000000000000000080
:10B4CC000000000000000000000000000000000070
:10B4DC000000000000000000000000000000000060
:10B4EC000000000000000000000000000000000050
:10B4FC000000000000000000000000000000000040
:10B50C00000000000000000000000000000000002F
:10B51C00000000000000000000000000000000001F
:10B52C00000000000000000000000000000000000F
:10B53C0000000000000000000000000000000000FF
:10B54C0000000000000000000000000000000000EF
:10B55C0000000000000000000000000000000000DF
:10B56C0000000000000000000000000000000000CF
:10B57C0000000000000000000000000000000000BF
:10B58C0000000000000000000000000000000000AF
:10B59C00000000000000000000000000000000009F
:10B5AC00000000000000000000000000000000008F
:10B5BC00000000000000000000000000000000007F
:10B5CC00000000000000000000000000000000006F
:10B5DC00000000000000000000000000000000005F
:10B5EC00000000000000000000000000000000004F
:10B5FC00000000000000000000000000000000003F
:10B60C00000000000000000000000000000000002E
:10B61C00000000000000000000000000000000001E
:10B62C00000000000000000000000000000000000E
:10B63C0000000000000000000000000000000000FE
:10B64C0000000000000000000000000000000000EE
:10B65C0000000000000000000000000000000000DE
:10B66C0000000000000000000000000000000000CE
:10B67C0000000000000000000000000000000000BE
:10B68C0000000000000000000000000000000000AE
:10B69C00000000000000000000000000000000009E
:10B6AC00000000000000000000000000000000008E
:10B6BC00000000000000000000000000000000007E
:10B6CC00000000000000000000000000000000006E
:10B6DC00000000000000000000000000000000005E
:10B6EC00000000000000000000000000000000004E
:10B6FC00000000000000000000000000000000003E
:10B70C00000000000000000000000000000000002D
:10B71C00000000000000000000000000000000001D
:10B72C00000000000000000000000000000000000D
:10B73C0000000000000000000000000000000000FD
:10B74C0000000000000000000000000000000000ED
:10B75C0000000000000000000000000000000000DD
:10B76C0000000000000000000000000000000000CD
:10B77C0000000000000000001000000000000000AD
:10B78C0000000100000000000000000000000200AA
:10B79C00000000000000000000000300000000009A
:10B7AC000000000000000400000000000000000089
:10B7BC000000050000000000000000000000060072
:10B7CC000000000000000000000007000000000066
:10B7DC00000000000000FF000000000001B54868F8
:10B7EC0001318E460047704609380149884701BD32
:10B7FC0045DE00107C3A0020000000006043002071
:10B80C00E04F00200000000000000000F04F00207E
:10B81C00000000000000000010000000000000000C
:10B82C00503300004C3300005433000052330000FE
:10B83C004D5300004D4300005334000043340000CE
:10B84C0000400440000000000080044000000000A4
:10B85C00A5000000919C0110119D0110D03A002010
:10B86C0000000000BC3D0020243E00208C3E002047
:10B87C0000000000000000000000000000000000BC
:10B88C0000000000000000000000000000000000AC
:10B89C00000000000000000000000000000000009C
:10B8AC00000000000000000000000000000000008C
:10B8BC00000000000000000000000000000000007C
:10B8CC00000000000000000000000000000000006C
:10B8DC00000000000000000000000000000000005C
:10B8EC00000000000000000000000000000000004C
:10B8FC00000000000000000000000000000000003C
:10B90C00000000000000000001000000000000002A
:10B91C000E33CDAB34126DE6ECDE05000B000000EF
:10B92C00000000000000000000000000000000000B
:10B93C0000000000000000000000000000000000FB
:10B94C0000000000000000000000000000000000EB
:10B95C0000000000000000000000000000000000DB
:10B96C0000000000000000000000000000000000CB
:10B97C0000000000000000000000000000000000BB
:10B98C0000000000000000000000000000000000AB
:10B99C00000000000000000000000000000000009B
:10B9AC00000000000000000000000000000000008B
:10B9BC00000000000000000000000000000000007B
:10B9CC00000000000000000000000000000000006B
:10B9DC00000000000000000000000000000000005B
:10B9EC00000000000000000000000000000000004B
:10B9FC00000000000000000000000000000000003B
:10BA0C00000000000000000000000000000000002A
:10BA1C00000000000000000000000000000000001A
:10BA2C00000000000000000000000000000000000A
:10BA3C0000000000000000000000000000000000FA
:10BA4C0000000000000000000000000000000000EA
:10BA5C0000000000000000000000000000000000DA
:10BA6C0000000000000000000000000000000000CA
:10BA7C0000000000000000000000000000000000BA
:10BA8C0000000000000000000000000000000000AA
:10BA9C00000000000000000000000000000000009A
:10BAAC00000000000000000000000000000000008A
:10BABC00000000000000000000000000000000007A
:10BACC00000000000000000000000000000000006A
:10BADC00000000000000000000000000000000005A
:10BAEC00000000000000000000000000000000004A
:10BAFC00000000000000000000000000000000003A
:10BB0C000000000000000000000000000000000029
:10BB1C000000000000000000000000000000000019
:10BB2C000000000000000000000000000000000009
:10BB3C0000000000000000000000000000000000F9
:10BB4C0000000000000000000000000000000000E9
:10BB5C0000000000000000000000000000000000D9
:10BB6C0000000000000000000000000000000000C9
:10BB7C0000000000000000000000000000000000B9
:10BB8C0000000000000000000000000000000000A9
:10BB9C000000000000000000000000000000000099
:10BBAC000000000000000000000000000000000089
:10BBBC000000000000000000000000000000000079
:10BBCC000000000000000000000000000000000069
:10BBDC000000000000000000000000000000000059
:10BBEC000000000000000000000000000000000049
:10BBFC000000000000000000000000000000000039
:10BC0C000000000000000000000000000000000028
:10BC1C000000000000000000000000000000000018
:10BC2C000000000000000000000000000000000008
:10BC3C0000000000000000000000000000000000F8
:10BC4C0000000000000000000000000000000000E8
:10BC5C0000000000000000000000000000000000D8
:10BC6C0000000000000000000000000000000000C8
:10BC7C0000000000000000000000000000000000B8
:10BC8C0000000000000000000000000000000000A8
:10BC9C00F83E0020F83E0020003F0020003F00202E
:10BCAC00083F0020083F0020103F0020103F0020DC
:10BCBC00183F0020183F0020203F0020203F00208C
:10BCCC00283F0020283F0020303F0020303F00203C
:10BCDC00383F0020383F0020403F0020403F0020EC
:10BCEC00483F0020483F0020503F0020503F00209C
:10BCFC00583F0020583F0020603F0020603F00204C
:10BD0C00683F0020683F0020703F0020703F0020FB
:10BD1C00783F0020783F0020803F0020803F0020AB
:10BD2C00883F0020883F0020903F0020903F00205B
:10BD3C00983F0020983F0020A03F0020A03F00200B
:10BD4C00A83F0020A83F0020B03F0020B03F0020BB
:10BD5C00B83F0020B83F0020C03F0020C03F00206B
:10BD6C00C83F0020C83F0020D03F0020D03F00201B
:10BD7C00D83F0020D83F0020E03F0020E03F0020CB
:10BD8C00E83F0020E83F0020F03F0020F03F00207B
:10BD9C00F83F0020F83F0020004000200040002029
:10BDAC0008400020084000201040002010400020D7
:10BDBC001840002018400020204000202040002087
:10BDCC002840002028400020304000203040002037
:10BDDC0038400020384000204040002040400020E7
:10BDEC004840002048400020504000205040002097
:10BDFC005840002058400020604000206040002047
:10BE0C0068400020684000207040002070400020F6
:10BE1C0078400020784000208040002080400020A6
:10BE2C008840002088400020904000209040002056
:10BE3C009840002098400020A0400020A040002006
:10BE4C00A8400020A8400020B0400020B0400020B6
:10BE5C00B8400020B8400020C0400020C040002066
:10BE6C00C8400020C8400020D0400020D040002016
:10BE7C00D8400020D8400020E0400020E0400020C6
:10BE8C00E8400020E8400020F0400020F040002076
:10BE9C00F8400020F8400020004100200041002024
:10BEAC0008410020084100201041002010410020D2
:10BEBC001841002018410020204100202041002082
:10BECC002841002028410020304100203041002032
:10BEDC0038410020384100204041002040410020E2
:10BEEC004841002048410020504100205041002092
:10BEFC005841002058410020604100206041002042
:10BF0C0068410020684100207041002070410020F1
:10BF1C0078410020784100208041002080410020A1
:10BF2C008841002088410020904100209041002051
:10BF3C009841002098410020A0410020A041002001
:10BF4C00A8410020A8410020B0410020B0410020B1
:10BF5C00B8410020B8410020C0410020C041002061
:10BF6C00C8410020C8410020D0410020D041002011
:10BF7C00D8410020D8410020E0410020E0410020C1
:10BF8C00E8410020E8410020F0410020F041002071
:10BF9C00F8410020F841002000420020004200201F
:10BFAC0008420020084200201042002010420020CD
:10BFBC00184200201842002020420020204200207D
:10BFCC00284200202842002030420020304200202D
:10BFDC0038420020384200204042002040420020DD
:10BFEC00484200204842002050420020504200208D
:10BFFC00584200205842002060420020604200203D
:10C00C0068420020684200207042002070420020EC
:10C01C00784200207842002080420020804200209C
:10C02C00884200208842002090420020904200204C
:10C03C009842002098420020A0420020A0420020FC
:10C04C00A8420020A8420020B0420020B0420020AC
:10C05C00B8420020B8420020C0420020C04200205C
:10C06C00C8420020C8420020D0420020D04200200C
:10C07C00D8420020D8420020E0420020E0420020BC
:10C08C00E8420020E8420020F0420020F04200206C
:10C09C00FFFFFFFF00000200000000000000000096
:10C0AC000000000000000000000000000000000084
:10C0BC000000000000000000412E01105D1801106E
:10C0CC00951F0110E52C0110998A0010E5810010D4
:10C0DC008D8A0010F5B2001035330110F58901106E
:04C0EC00ED8E0110C4
:04000005100080E97E
:00000001FF
